order_id;zone;courier_type;promo;delivery_time;order_sum;rating;repeat_order
5001;Северный;вело;да;31.4;954;3;1
5002;Северный;авто;да;32.8;1378;4;0
5003;Центр;вело;да;32.9;428;4;1
5004;Северный;авто;нет;19.2;379;5;1
5005;Приморский;авто;нет;28.7;558;4;0
5006;Центр;вело;нет;33.9;653;4;0
5007;Заречный;авто;нет;46.8;645;3;0
5008;Заречный;пеший;да;52.4;702;3;0
5009;Центр;авто;нет;31.6;15965;5;1
5010;Приморский;вело;да;34.0;649;4;1
5011;Центр;вело;нет;29.0;874;4;1
5012;Приморский;вело;нет;39.6;696;3;1
5013;Центр;вело;нет;27.6;597;4;0
5014;Приморский;авто;нет;31.4;759;4;1
5015;Заречный;вело;нет;69.9;710;2;0
5016;Заречный;пеший;нет;60.1;799;2;0
5017;Приморский;пеший;да;43.3;543;3;0
5018;Центр;вело;да;30.8;908;4;0
5019;Северный;вело;нет;31.7;208;4;0
5020;Центр;авто;нет;33.5;513;3;1
5021;Заречный;вело;нет;59.2;464;2;0
5022;Центр;вело;нет;37.7;297;4;0
5023;Северный;авто;нет;0.5;690;4;0
5024;Северный;пеший;нет;33.2;720;5;1
5025;Центр;вело;нет;26.8;911;4;0
5026;Северный;вело;нет;31.8;700;4;0
5027;Приморский;пеший;нет;29.5;838;4;0
5028;Северный;пеший;нет;34.6;376;3;0
5029;Приморский;вело;нет;36.4;942;4;0
5030;Приморский;авто;нет;28.1;345;4;0
5031;Центр;авто;нет;29.9;675;4;1
5032;Приморский;пеший;да;39.6;745;4;1
5033;Приморский;вело;да;1.0;815;4;0
5034;Приморский;авто;да;30.3;739;5;0
5035;Центр;вело;да;41.4;1441;3;0
5036;Заречный;вело;нет;51.6;625;3;1
5037;Заречный;авто;нет;50.6;780;3;0
5038;Заречный;авто;нет;62.9;806;3;0
5039;Заречный;вело;да;41.6;13767;3;1
5040;Приморский;авто;да;29.6;722;4;1
5041;Северный;вело;да;45.4;616;3;0
5042;Центр;авто;нет;35.9;1102;4;1
5043;Приморский;вело;нет;42.3;736;4;1
5044;Приморский;авто;да;36.0;898;3;1
5045;Приморский;вело;нет;34.7;1080;3;0
5046;Центр;авто;да;23.2;674;5;0
5047;Заречный;пеший;нет;76.6;997;2;0
5048;Северный;авто;да;41.8;1083;3;0
5049;Центр;вело;нет;36.5;1124;4;0
5050;Заречный;авто;да;39.4;1064;4;0
5051;Приморский;пеший;нет;31.8;506;5;0
5052;Северный;пеший;нет;36.7;447;4;0
5053;Приморский;пеший;нет;38.1;307;4;0
5054;Приморский;пеший;да;44.0;749;4;0
5055;Приморский;авто;да;25.6;637;5;0
5056;Северный;авто;да;36.6;1242;3;0
5057;Центр;пеший;нет;42.1;1140;4;1
5058;Приморский;пеший;нет;38.0;1182;3;0
5059;Центр;авто;да;34.7;723;5;0
5060;Центр;вело;нет;33.2;939;3;1
5061;Центр;вело;нет;22.9;1218;5;0
5062;Северный;авто;да;519.3;468;4;0
5063;Приморский;авто;да;28.8;742;3;0
5064;Северный;авто;нет;36.8;901;5;0
5065;Приморский;вело;нет;30.6;569;4;1
5066;Заречный;пеший;нет;57.2;458;4;0
5067;Центр;вело;да;32.2;774;5;1
5068;Центр;вело;да;41.9;515;3;0
5069;Приморский;авто;нет;29.3;1012;4;1
5070;Северный;пеший;нет;26.5;548;4;0
5071;Приморский;вело;нет;43.6;631;4;1
5072;Центр;пеший;нет;38.6;614;4;1
5073;Центр;пеший;нет;43.4;665;3;1
5074;Заречный;пеший;нет;73.7;1086;2;0
5075;Северный;вело;нет;39.7;1070;3;1
5076;Центр;авто;нет;28.2;524;4;1
5077;Заречный;пеший;нет;65.1;389;2;0
5078;Центр;авто;нет;30.0;832;4;1
5079;Центр;пеший;да;43.9;770;3;0
5080;Северный;вело;нет;25.7;496;4;1
5081;Северный;авто;нет;27.6;374;5;1
5082;Центр;пеший;нет;36.0;531;5;1
5083;Приморский;авто;нет;34.7;371;3;0
5084;Центр;вело;нет;28.9;449;3;1
5085;Заречный;вело;нет;61.8;1390;2;1
5086;Северный;авто;нет;32.3;370;4;1
5087;Приморский;пеший;нет;33.3;435;4;1
5088;Приморский;авто;нет;43.3;578;3;1
5089;Приморский;пеший;нет;40.6;455;3;1
5090;Центр;вело;нет;31.5;569;4;0
5091;Приморский;пеший;да;36.1;866;4;1
5092;Центр;вело;да;36.7;1351;3;1
5093;Северный;пеший;нет;38.4;842;4;1
5094;Заречный;вело;да;73.5;437;3;1
5095;Приморский;вело;нет;31.1;665;4;0
5096;Центр;вело;нет;24.4;736;4;1
5097;Заречный;пеший;нет;70.6;1212;2;1
5098;Приморский;пеший;да;43.3;833;3;0
5099;Северный;авто;да;42.2;812;4;0
5100;Приморский;авто;да;32.0;370;3;1
5101;Центр;вело;нет;34.8;694;4;1
5102;Северный;авто;да;39.4;912;3;0
5103;Северный;авто;да;32.9;1491;4;1
5104;Центр;пеший;да;37.5;427;4;0
5105;Северный;пеший;да;2.1;552;4;0
5106;Приморский;пеший;нет;34.2;358;4;1
5107;Северный;вело;нет;27.8;785;5;0
5108;Центр;вело;нет;37.3;475;4;0
5109;Приморский;пеший;да;34.1;622;4;0
5110;Северный;вело;нет;2.3;950;5;0
5111;Северный;авто;да;32.4;648;3;0
5112;Приморский;авто;да;32.0;521;3;0
5113;Приморский;пеший;да;27.4;1663;5;1
5114;Заречный;пеший;да;73.6;19265;1;0
5115;Северный;авто;да;33.9;870;4;1
5116;Приморский;авто;нет;38.1;899;4;1
5117;Заречный;авто;нет;39.9;534;3;1
5118;Северный;вело;нет;30.5;723;4;1
5119;Северный;вело;нет;31.1;1161;4;1
5120;Северный;пеший;да;39.6;885;3;1
5121;Заречный;вело;нет;49.2;537;3;1
5122;Центр;пеший;да;41.5;529;3;1
5123;Приморский;вело;да;40.5;740;3;0
5124;Северный;вело;да;22.2;651;4;0
5125;Приморский;пеший;да;32.8;885;5;0
5126;Заречный;авто;да;40.8;375;4;0
5127;Центр;пеший;да;43.9;1118;4;1
5128;Заречный;вело;нет;61.2;589;2;0
5129;Заречный;авто;нет;79.5;609;2;0
5130;Северный;авто;нет;34.3;763;4;1
5131;Приморский;вело;да;28.9;1509;4;1
5132;Заречный;вело;нет;65.4;708;2;0
5133;Северный;авто;нет;49.4;928;3;1
5134;Северный;авто;нет;38.5;303;4;1
5135;Заречный;пеший;да;67.4;574;2;0
5136;Северный;авто;да;36.4;508;4;1
5137;Северный;пеший;нет;33.8;1075;4;0
5138;Приморский;авто;нет;41.2;1704;3;0
5139;Северный;вело;нет;45.9;1277;4;0
5140;Центр;авто;нет;30.3;948;4;0
5141;Центр;пеший;нет;41.3;306;3;0
5142;Северный;авто;да;22.2;1070;4;0
5143;Северный;вело;нет;39.2;1150;3;1
5144;Приморский;вело;нет;31.8;576;4;0
5145;Центр;вело;нет;31.2;824;5;0
5146;Приморский;авто;нет;23.1;462;4;0
5147;Заречный;вело;нет;65.5;1353;2;1
5148;Центр;пеший;да;38.0;2286;4;1
5149;Центр;пеший;нет;35.7;1099;3;1
5150;Заречный;пеший;нет;53.9;689;3;0
5151;Приморский;пеший;да;51.3;390;3;0
5152;Центр;авто;нет;25.2;593;5;0
5153;Приморский;авто;да;32.1;656;5;0
5154;Приморский;вело;нет;44.6;478;2;0
5155;Северный;вело;нет;37.7;810;3;1
5156;Северный;пеший;да;44.1;1598;3;0
5157;Центр;авто;да;29.8;1050;4;0
5158;Центр;вело;нет;24.7;1108;5;0
5159;Приморский;вело;нет;31.6;542;4;1
5160;Северный;вело;нет;37.2;1011;4;1
5161;Северный;вело;нет;21.4;634;4;1
5162;Заречный;пеший;нет;61.2;1156;4;0
5163;Центр;вело;нет;24.7;1057;5;1
5164;Центр;авто;нет;28.3;569;4;0
5165;Северный;авто;да;40.3;16903;4;1
5166;Центр;вело;да;39.2;969;3;0
5167;Центр;авто;нет;26.1;447;4;1
5168;Приморский;вело;нет;41.0;497;3;0
5169;Центр;вело;да;24.0;1392;5;1
5170;Заречный;пеший;да;72.1;765;2;0
5171;Северный;вело;да;35.9;1427;4;0
5172;Центр;вело;да;21.4;827;4;1
5173;Центр;вело;нет;281.3;963;4;1
5174;Центр;авто;нет;32.1;622;4;0
5175;Северный;авто;нет;42.8;1043;3;0
5176;Центр;авто;да;30.5;707;4;0
5177;Приморский;пеший;да;39.1;511;4;1
5178;Приморский;пеший;нет;54.5;734;3;1
5179;Северный;вело;да;27.2;614;4;0
5180;Центр;вело;да;33.0;423;4;1
5181;Приморский;авто;да;23.3;922;5;1
5182;Центр;вело;нет;31.3;398;4;0
5183;Заречный;пеший;да;65.1;641;2;0
5184;Центр;авто;нет;31.9;605;4;0
5185;Центр;пеший;нет;48.5;635;4;0
5186;Центр;пеший;да;44.9;1070;4;1
5187;Центр;авто;да;30.5;371;4;0
5188;Центр;вело;нет;32.0;16758;5;0
5189;Центр;авто;нет;30.8;858;5;0
5190;Приморский;авто;нет;32.6;438;4;0
5191;Северный;авто;нет;41.5;239;3;0
5192;Северный;вело;нет;33.4;1075;4;1
5193;Центр;вело;нет;23.5;1169;4;0
5194;Северный;авто;нет;36.6;1570;4;0
5195;Центр;пеший;нет;40.6;562;4;1
5196;Северный;вело;нет;38.9;1185;3;1
5197;Центр;авто;да;15.4;638;5;1
5198;Приморский;авто;нет;32.4;409;4;0
5199;Центр;пеший;нет;41.4;794;3;0
5200;Центр;авто;нет;24.4;369;4;0
5201;Центр;пеший;да;35.2;10799;3;1
5202;Северный;вело;нет;39.1;423;4;0
5203;Центр;авто;нет;24.2;661;4;0
5204;Центр;вело;нет;28.5;1277;4;1
5205;Центр;пеший;нет;33.6;366;3;1
5206;Приморский;пеший;нет;38.9;655;3;0
5207;Центр;авто;да;17.5;349;4;1
5208;Центр;пеший;да;46.8;1329;4;0
5209;Центр;авто;нет;33.0;1200;4;1
5210;Центр;авто;нет;44.5;427;3;0
5211;Приморский;вело;нет;28.2;1453;4;0
5212;Центр;вело;нет;29.8;2124;4;0
5213;Центр;авто;да;26.9;633;4;1
5214;Северный;авто;нет;27.5;610;3;0
5215;Северный;вело;нет;37.3;783;4;0
5216;Центр;авто;нет;31.7;1009;4;1
5217;Северный;вело;да;294.5;1077;4;1
5218;Центр;вело;нет;41.9;1737;4;1
5219;Центр;вело;нет;43.9;1072;4;0
5220;Центр;авто;да;20.5;1964;5;1
5221;Центр;авто;нет;20.2;427;5;1
5222;Заречный;вело;да;48.7;462;5;0
5223;Центр;авто;нет;28.5;444;4;0
5224;Северный;вело;нет;30.4;570;4;1
5225;Приморский;авто;нет;26.9;628;5;0
5226;Центр;авто;нет;21.9;778;5;0
5227;Центр;авто;да;31.7;431;3;0
5228;Центр;авто;да;25.5;927;4;0
5229;Северный;пеший;да;40.8;752;3;0
5230;Приморский;авто;да;32.5;1391;4;0
5231;Северный;вело;нет;40.7;701;3;1
5232;Северный;вело;нет;33.5;537;4;1
5233;Заречный;пеший;нет;53.2;850;3;1
5234;Северный;вело;нет;43.9;857;2;0
5235;Заречный;вело;нет;47.9;876;3;0
5236;Заречный;вело;да;44.9;314;3;1
5237;Северный;вело;да;35.4;17467;3;1
5238;Центр;авто;да;30.0;752;4;0
5239;Северный;авто;нет;33.3;379;4;1
5240;Центр;пеший;нет;43.3;597;3;0
5241;Центр;вело;да;30.8;1006;5;1
5242;Заречный;вело;да;55.2;931;3;0
5243;Центр;вело;да;37.6;799;4;1
5244;Приморский;пеший;нет;1.9;1086;4;0
5245;Центр;вело;нет;36.1;2413;4;1
5246;Центр;вело;нет;34.8;403;3;0
5247;Заречный;пеший;нет;58.2;954;3;0
5248;Заречный;пеший;нет;55.5;643;3;0
5249;Северный;вело;нет;42.5;817;3;1
5250;Заречный;пеший;да;82.8;813;2;0
5251;Северный;авто;да;24.8;1472;4;1
5252;Северный;авто;нет;32.3;753;4;0
5253;Северный;авто;нет;41.4;1378;4;0
5254;Заречный;вело;нет;57.9;740;3;0
5255;Северный;вело;нет;33.0;756;4;0
5256;Северный;вело;нет;36.3;1173;4;1
5257;Северный;вело;нет;31.1;557;4;0
5258;Северный;авто;да;36.4;1050;4;0
5259;Заречный;пеший;да;56.3;649;2;0
5260;Северный;вело;да;35.8;617;5;0
5261;Северный;вело;нет;28.1;496;4;0
5262;Приморский;вело;нет;31.7;603;4;1
5263;Заречный;пеший;нет;63.8;412;2;0
5264;Приморский;вело;да;39.6;889;4;1
5265;Северный;вело;нет;0.9;1013;5;0
5266;Северный;пеший;нет;46.3;294;3;0
5267;Северный;вело;да;38.9;897;4;1
5268;Приморский;авто;нет;30.2;873;4;0
5269;Приморский;вело;да;35.2;613;4;1
5270;Заречный;вело;да;78.1;624;1;0
5271;Приморский;авто;нет;26.0;1655;4;1
5272;Приморский;вело;нет;23.5;1257;4;0
5273;Центр;вело;нет;22.1;10169;5;0
5274;Приморский;авто;нет;36.7;1615;3;0
5275;Заречный;вело;да;48.5;585;3;1
5276;Северный;авто;нет;36.6;852;3;0
5277;Центр;вело;да;35.3;1284;4;1
5278;Приморский;авто;да;22.7;736;3;0
5279;Северный;вело;нет;24.8;556;5;1
5280;Приморский;авто;нет;21.7;535;5;0
5281;Заречный;пеший;нет;50.7;640;3;1
5282;Заречный;вело;да;67.5;1113;2;0
5283;Заречный;вело;да;65.9;408;2;0
5284;Северный;вело;да;30.6;550;4;0
5285;Северный;авто;нет;1.1;473;4;1
5286;Заречный;пеший;нет;72.1;1580;3;0
5287;Приморский;вело;нет;38.7;1031;4;1
5288;Северный;вело;нет;35.6;1439;3;0
5289;Заречный;пеший;да;45.5;1105;3;1
5290;Приморский;вело;нет;24.6;838;4;1
5291;Северный;авто;да;33.3;826;4;0
5292;Приморский;авто;нет;27.4;1341;3;1
5293;Северный;пеший;да;32.4;549;3;1
5294;Заречный;вело;нет;46.0;17012;3;0
5295;Центр;вело;да;24.9;540;4;0
5296;Центр;авто;нет;32.6;750;4;0
5297;Центр;пеший;да;36.5;567;3;0
5298;Северный;авто;нет;33.8;448;4;1
5299;Северный;вело;нет;28.5;624;5;1
5300;Заречный;пеший;нет;80.6;652;2;0
5301;Центр;вело;да;25.3;1051;4;1
5302;Центр;авто;нет;35.9;489;3;1
5303;Приморский;вело;нет;28.3;445;4;1
5304;Заречный;пеший;да;62.0;923;2;1
5305;Центр;авто;нет;32.1;530;4;0
5306;Центр;пеший;нет;41.9;467;4;0
5307;Приморский;вело;да;34.1;471;4;1
5308;Приморский;авто;да;25.8;930;5;0
5309;Приморский;вело;нет;33.8;739;4;0
5310;Заречный;пеший;да;73.0;724;2;0
5311;Центр;вело;нет;32.5;927;4;1
5312;Приморский;вело;нет;38.9;734;4;1
5313;Приморский;авто;нет;35.8;552;3;1
5314;Приморский;авто;да;35.1;586;4;0
5315;Заречный;пеший;нет;59.0;492;3;0
5316;Центр;авто;да;29.6;277;4;0
5317;Заречный;пеший;нет;55.2;667;3;0
5318;Северный;авто;да;23.5;485;4;0
5319;Центр;пеший;нет;34.8;920;4;1
5320;Приморский;авто;да;33.3;701;4;1
5321;Центр;вело;да;38.3;933;4;1
5322;Приморский;авто;нет;36.5;1460;4;1
5323;Приморский;пеший;нет;38.1;884;4;1
5324;Приморский;вело;нет;34.9;1042;3;0
5325;Приморский;вело;нет;43.7;737;3;0
5326;Приморский;вело;нет;298.3;363;5;1
5327;Центр;авто;нет;29.2;991;4;0
5328;Северный;авто;нет;33.3;720;5;1
5329;Заречный;пеший;нет;69.1;1110;2;1
5330;Приморский;авто;да;29.5;763;5;0
5331;Северный;пеший;нет;41.3;955;4;0
5332;Приморский;вело;нет;31.7;743;4;1
5333;Центр;вело;да;36.9;571;3;1
5334;Заречный;вело;нет;65.4;836;2;0
5335;Северный;пеший;нет;35.3;747;3;1
5336;Заречный;вело;да;48.7;513;3;1
5337;Центр;вело;нет;18.6;802;5;0
5338;Центр;пеший;нет;27.7;601;5;0
5339;Заречный;авто;нет;39.7;566;4;1
5340;Северный;пеший;да;47.2;467;3;0
5341;Заречный;авто;нет;44.0;455;4;0
5342;Центр;вело;нет;37.2;1951;4;0
5343;Северный;пеший;да;42.5;1004;4;1
5344;Северный;авто;нет;35.2;1217;4;0
5345;Центр;вело;да;15.3;1378;5;0
5346;Центр;вело;да;39.6;449;3;1
5347;Северный;пеший;да;49.8;715;3;0
5348;Центр;вело;нет;33.7;818;4;0
5349;Приморский;вело;да;42.9;8225;3;1
5350;Центр;авто;нет;29.0;578;4;1
5351;Приморский;пеший;нет;38.9;991;4;1
5352;Северный;авто;нет;35.7;1579;5;0
5353;Приморский;вело;нет;389.9;623;3;0
5354;Центр;пеший;нет;29.5;13522;4;1
5355;Северный;пеший;нет;42.8;604;3;0
5356;Северный;авто;нет;38.1;838;3;0
5357;Приморский;вело;нет;32.3;612;3;1
5358;Северный;пеший;нет;43.0;903;4;1
5359;Центр;вело;да;45.7;1316;3;1
5360;Северный;авто;нет;35.6;1450;4;0
5361;Приморский;вело;нет;38.4;847;3;0
5362;Центр;вело;да;30.0;292;4;0
5363;Центр;авто;нет;32.4;603;4;1
5364;Центр;вело;нет;23.8;695;4;0
5365;Заречный;пеший;нет;71.2;656;2;0
5366;Приморский;авто;нет;39.1;737;4;1
5367;Приморский;пеший;да;39.5;749;4;0
5368;Заречный;пеший;нет;70.4;366;2;0
5369;Заречный;авто;нет;43.8;969;3;0
5370;Приморский;вело;нет;32.8;757;5;1
5371;Заречный;вело;нет;42.7;1225;4;1
5372;Заречный;пеший;да;64.9;1157;2;0
5373;Центр;вело;да;27.7;1126;5;0
5374;Заречный;авто;нет;51.4;705;3;0
5375;Приморский;вело;нет;24.9;847;5;1
5376;Приморский;авто;да;24.7;297;4;0
5377;Приморский;авто;нет;25.7;1122;5;1
5378;Заречный;авто;нет;50.6;832;4;0
5379;Заречный;пеший;нет;75.0;1712;2;0
5380;Центр;авто;нет;47.5;1357;3;0
5381;Центр;вело;нет;27.4;398;4;1
5382;Заречный;вело;нет;60.9;1147;4;0
5383;Центр;вело;нет;32.5;1209;4;1
5384;Центр;авто;нет;33.3;421;4;0
5385;Центр;вело;нет;26.4;861;4;1
5386;Приморский;авто;да;45.6;628;4;0
5387;Заречный;авто;нет;63.3;785;2;0
5388;Заречный;вело;нет;55.8;1707;3;0
5389;Центр;авто;нет;34.0;721;4;0
5390;Центр;пеший;нет;27.9;754;4;0
5391;Заречный;пеший;нет;70.0;397;2;0
5392;Северный;авто;нет;33.1;723;4;1
5393;Центр;авто;нет;33.0;635;3;0
5394;Северный;пеший;нет;42.1;14866;4;1
5395;Заречный;вело;да;42.5;682;3;1
5396;Заречный;вело;нет;59.4;784;2;0
5397;Заречный;авто;да;42.3;603;4;0
5398;Северный;вело;нет;27.5;1102;4;0
5399;Северный;пеший;нет;42.8;712;4;0
5400;Центр;авто;нет;20.6;449;3;0
5401;Приморский;авто;нет;27.3;523;3;0
5402;Приморский;вело;нет;38.5;20605;3;0
5403;Центр;пеший;да;35.9;562;4;1
5404;Заречный;пеший;да;73.6;978;2;0
5405;Заречный;вело;нет;60.7;1067;3;0
5406;Заречный;авто;нет;76.1;1311;2;1
5407;Заречный;пеший;нет;75.1;795;2;0
5408;Северный;авто;нет;22.2;395;5;1
5409;Северный;вело;да;22.7;734;4;0
5410;Приморский;авто;да;35.1;491;4;0
5411;Центр;вело;да;26.7;550;4;1
5412;Центр;пеший;нет;30.5;1390;3;1
5413;Приморский;пеший;нет;40.6;758;3;0
5414;Северный;пеший;нет;36.1;849;4;0
5415;Заречный;авто;нет;62.6;531;3;0
5416;Северный;пеший;нет;35.3;611;4;1
5417;Приморский;авто;да;27.1;848;5;0
5418;Центр;пеший;да;36.1;1134;4;0
5419;Приморский;вело;нет;33.9;889;5;1
5420;Северный;вело;да;32.6;633;4;0
5421;Приморский;вело;нет;33.2;645;4;1
5422;Заречный;пеший;да;70.4;581;2;0
5423;Приморский;авто;да;31.9;766;4;0
5424;Центр;авто;да;39.7;242;3;0
5425;Заречный;пеший;нет;50.8;602;3;0
5426;Северный;авто;нет;32.3;853;4;0
5427;Центр;авто;да;36.6;677;4;1
5428;Приморский;пеший;да;37.5;356;3;0
5429;Приморский;авто;да;23.0;575;4;0
5430;Приморский;авто;нет;36.9;549;4;1
5431;Приморский;вело;да;45.8;669;3;0
5432;Центр;авто;нет;30.9;717;5;0
5433;Северный;вело;да;27.9;856;4;0
5434;Центр;авто;да;24.4;1271;5;0
5435;Северный;пеший;нет;41.3;547;2;0
5436;Приморский;пеший;нет;35.4;1934;5;1
5437;Центр;авто;нет;25.2;928;5;0
5438;Северный;авто;да;37.7;455;4;0
5439;Центр;пеший;нет;45.3;829;3;0
5440;Центр;пеший;нет;38.6;660;4;1
5441;Центр;вело;нет;0.8;1144;4;0
5442;Приморский;пеший;нет;42.4;1384;3;1
5443;Заречный;авто;нет;57.5;1750;2;0
5444;Приморский;вело;нет;40.8;758;4;0
5445;Центр;пеший;нет;31.8;292;4;0
5446;Центр;вело;да;30.0;623;4;1
5447;Приморский;авто;да;26.5;570;5;0
5448;Центр;пеший;нет;42.2;407;3;1
5449;Центр;авто;нет;24.8;516;4;0
5450;Северный;авто;да;31.2;13088;4;0
5451;Заречный;авто;нет;49.6;535;3;0
5452;Центр;вело;нет;27.7;468;4;1
5453;Приморский;пеший;нет;53.3;645;3;0
5454;Центр;вело;нет;33.5;631;4;0
5455;Северный;авто;да;39.4;680;4;1
5456;Северный;пеший;нет;38.5;573;4;1
5457;Северный;авто;да;24.7;413;4;0
5458;Центр;авто;нет;29.3;466;5;0
5459;Приморский;пеший;да;40.8;379;3;1
5460;Северный;авто;нет;36.0;1197;3;0
5461;Заречный;вело;нет;54.2;314;3;0
5462;Заречный;пеший;нет;74.7;1458;1;0
5463;Заречный;пеший;да;62.1;1010;3;0
5464;Заречный;пеший;нет;62.7;1165;3;0
5465;Приморский;вело;нет;24.3;1486;5;1
5466;Заречный;вело;да;44.3;912;3;1
5467;Приморский;авто;нет;38.6;969;4;0
5468;Центр;авто;нет;27.2;523;3;0
5469;Северный;авто;да;31.8;697;5;1
5470;Северный;пеший;нет;38.0;1096;3;1
5471;Центр;авто;нет;26.7;727;4;1
5472;Приморский;вело;нет;42.1;952;3;0
5473;Приморский;вело;да;42.9;192;4;0
5474;Северный;авто;нет;33.1;827;4;1
5475;Северный;вело;нет;32.1;1117;4;1
5476;Приморский;пеший;да;49.6;1155;3;0
5477;Северный;авто;нет;33.4;782;3;1
5478;Северный;пеший;нет;36.2;525;4;0
5479;Северный;вело;нет;43.4;1361;4;0
5480;Северный;авто;нет;24.3;997;4;0
5481;Центр;авто;нет;38.0;1145;3;1
5482;Центр;вело;нет;23.0;10786;5;1
5483;Заречный;вело;нет;65.6;892;2;0
5484;Приморский;вело;нет;42.4;8189;4;0
5485;Северный;авто;нет;34.8;470;4;1
5486;Центр;авто;нет;35.2;536;3;1
5487;Центр;авто;нет;35.9;399;3;1
5488;Заречный;пеший;нет;58.0;14479;3;0
5489;Центр;авто;да;24.9;585;5;1
5490;Приморский;пеший;да;28.2;391;4;0
5491;Приморский;авто;нет;33.5;902;4;1
5492;Центр;вело;да;32.7;1634;5;0
5493;Приморский;авто;да;35.7;772;3;0
5494;Приморский;вело;да;45.0;791;4;0
5495;Заречный;пеший;нет;55.6;765;3;0
5496;Центр;авто;нет;1.8;796;4;1
5497;Приморский;авто;нет;32.5;571;4;0
5498;Центр;вело;да;28.4;1258;4;1
5499;Северный;пеший;да;40.3;524;3;1
5500;Заречный;вело;да;69.7;878;2;0
5501;Приморский;вело;да;33.8;422;4;0
5502;Центр;авто;нет;30.3;1172;4;1
5503;Центр;авто;нет;22.4;527;4;1
5504;Северный;пеший;да;42.9;1106;5;1
5505;Заречный;вело;да;76.5;1095;2;0
5506;Северный;вело;нет;31.1;705;4;0
5507;Центр;авто;нет;35.0;376;3;1
5508;Центр;авто;нет;34.7;1203;3;0
5509;Центр;авто;нет;35.4;457;3;0
5510;Приморский;вело;нет;28.6;1060;4;0
5511;Центр;вело;нет;25.6;1176;4;1
5512;Северный;авто;нет;34.4;847;3;1
5513;Центр;авто;нет;36.5;863;3;1
5514;Приморский;пеший;да;43.5;650;4;1
5515;Северный;вело;да;34.4;908;4;0
5516;Приморский;авто;да;23.2;1614;4;0
5517;Северный;вело;да;25.0;503;4;0
5518;Приморский;авто;да;35.7;1585;5;1
5519;Заречный;пеший;нет;50.4;1153;2;1
5520;Центр;авто;да;27.4;329;4;1
5521;Приморский;авто;да;24.9;891;4;1
5522;Заречный;пеший;нет;65.4;707;3;0
5523;Северный;вело;нет;40.7;1349;4;0
5524;Северный;авто;нет;30.2;572;3;0
5525;Северный;авто;нет;28.7;1082;4;0
5526;Центр;авто;нет;27.7;1554;4;0
5527;Центр;вело;да;33.9;450;4;1
5528;Приморский;авто;нет;35.8;624;4;1
5529;Северный;авто;нет;29.3;500;5;0
5530;Заречный;пеший;да;58.0;779;2;0
5531;Приморский;авто;да;22.1;354;4;1
5532;Заречный;вело;да;70.9;940;2;0
5533;Центр;авто;нет;28.3;652;4;0
5534;Приморский;пеший;нет;40.6;615;4;0
5535;Приморский;авто;нет;27.9;547;4;1
5536;Центр;пеший;нет;41.9;612;4;1
5537;Заречный;вело;нет;53.1;588;3;0
5538;Центр;вело;нет;34.1;685;3;1
5539;Приморский;авто;нет;38.5;1250;5;0
5540;Приморский;пеший;нет;30.9;743;4;0
5541;Заречный;пеший;нет;67.3;1712;3;0
5542;Заречный;пеший;нет;78.1;1136;1;0
5543;Центр;авто;да;25.3;881;4;0
5544;Центр;авто;нет;27.1;554;5;0
5545;Северный;авто;нет;29.2;534;4;0
5546;Центр;авто;нет;28.1;933;4;0
5547;Центр;авто;нет;24.3;582;4;0
5548;Приморский;авто;нет;34.5;932;4;1
5549;Центр;вело;да;44.4;976;4;0
5550;Приморский;вело;да;35.3;1176;3;0
5551;Приморский;авто;нет;28.8;941;3;0
5552;Центр;вело;нет;26.6;429;4;0
5553;Северный;авто;нет;26.7;13245;4;0
5554;Приморский;пеший;нет;30.8;403;4;0
5555;Заречный;вело;да;70.6;1824;3;1
5556;Центр;вело;нет;40.6;450;3;0
5557;Северный;вело;нет;32.4;870;4;0
5558;Центр;авто;нет;25.1;756;5;0
5559;Центр;авто;нет;33.3;984;4;1
5560;Приморский;вело;нет;34.4;667;3;0
5561;Заречный;авто;нет;41.9;993;4;0
5562;Северный;вело;да;24.4;897;5;0
5563;Заречный;пеший;нет;46.0;811;4;0
5564;Северный;авто;нет;33.3;1417;5;1
5565;Центр;авто;нет;43.9;736;3;0
5566;Центр;авто;нет;36.1;731;4;1
5567;Заречный;пеший;да;53.0;758;3;0
5568;Центр;вело;нет;33.4;862;4;1
5569;Центр;вело;нет;39.0;739;4;1
5570;Северный;авто;нет;25.1;984;4;1
5571;Центр;авто;нет;30.3;975;3;0
5572;Центр;пеший;да;42.2;732;4;1
5573;Центр;пеший;да;37.6;695;4;0
5574;Приморский;авто;нет;22.8;679;5;1
5575;Центр;вело;да;22.1;1706;5;1
5576;Северный;пеший;нет;45.2;354;3;0
5577;Приморский;пеший;нет;36.9;1044;4;0
5578;Приморский;авто;да;34.9;461;4;1
5579;Северный;авто;нет;38.0;629;3;0
5580;Северный;авто;нет;35.3;687;4;1
5581;Северный;авто;нет;48.0;925;4;0
5582;Приморский;авто;да;29.1;518;3;1
5583;Центр;пеший;да;40.5;790;4;0
5584;Северный;вело;нет;28.3;613;5;0
5585;Заречный;вело;да;51.6;1629;3;0
5586;Центр;авто;нет;22.0;1510;5;0
5587;Приморский;вело;нет;23.0;446;4;0
5588;Центр;авто;нет;35.5;793;4;0
5589;Центр;пеший;да;34.3;1237;4;0
5590;Центр;авто;да;34.9;1170;3;0
5591;Центр;вело;нет;40.7;401;3;0
5592;Северный;пеший;да;42.8;880;3;0
5593;Северный;вело;нет;43.5;1045;3;0
5594;Центр;вело;нет;29.4;537;4;1
5595;Центр;вело;нет;30.6;657;4;1
5596;Северный;авто;да;30.6;1312;4;1
5597;Приморский;авто;нет;25.1;1327;4;0
5598;Приморский;авто;нет;24.9;810;5;0
5599;Приморский;пеший;нет;48.2;990;4;1
5600;Северный;авто;нет;28.6;838;4;0
5601;Северный;вело;нет;46.0;877;4;1
5602;Центр;вело;да;25.4;515;4;1
5603;Северный;пеший;нет;41.9;511;3;0
5604;Заречный;пеший;нет;68.1;692;2;1
5605;Приморский;вело;да;33.5;511;4;0
5606;Приморский;авто;нет;28.0;905;4;1
5607;Северный;вело;нет;371.5;1416;3;0
5608;Центр;авто;нет;28.5;569;5;0
5609;Северный;авто;да;39.8;776;3;1
5610;Центр;вело;нет;32.3;815;5;1
5611;Северный;авто;нет;31.1;715;4;1
5612;Центр;вело;да;436.3;1020;3;1
5613;Центр;пеший;нет;34.3;649;4;0
5614;Северный;авто;да;2.4;723;5;1
5615;Северный;авто;нет;29.0;729;4;1
5616;Приморский;авто;нет;36.0;1444;3;1
5617;Центр;вело;нет;39.8;920;3;1
5618;Центр;пеший;нет;36.6;473;3;0
5619;Заречный;пеший;нет;70.8;882;2;0
5620;Северный;авто;нет;31.0;435;5;0
5621;Северный;вело;да;37.7;454;4;1
5622;Приморский;вело;нет;26.0;556;5;1
5623;Центр;авто;нет;25.6;447;5;1
5624;Центр;вело;нет;45.0;384;3;1
5625;Северный;вело;нет;33.6;1211;4;1
5626;Заречный;пеший;нет;74.8;999;3;0
5627;Приморский;пеший;нет;40.1;969;4;1
5628;Приморский;авто;да;41.6;775;4;0
5629;Центр;авто;нет;15.5;943;5;1
5630;Заречный;пеший;нет;55.2;1120;2;0
5631;Приморский;авто;нет;36.6;618;4;1
5632;Центр;вело;нет;40.8;552;4;0
5633;Северный;пеший;нет;34.2;338;4;0
5634;Приморский;авто;да;29.0;720;5;1
5635;Центр;вело;нет;36.6;581;3;1
5636;Приморский;авто;да;27.9;903;5;1
5637;Центр;авто;нет;29.5;1636;4;0
5638;Северный;вело;нет;36.6;9766;4;1
5639;Заречный;вело;да;62.7;1801;3;0
5640;Северный;вело;нет;1.8;705;4;0
5641;Северный;вело;нет;50.3;1013;3;0
5642;Центр;авто;да;30.8;641;5;1
5643;Северный;пеший;нет;43.5;1072;4;1
5644;Центр;вело;нет;28.2;596;4;0
5645;Приморский;вело;да;33.5;329;5;0
5646;Заречный;вело;нет;46.5;518;4;0
5647;Северный;вело;да;41.0;592;4;1
5648;Центр;авто;нет;17.6;522;4;0
5649;Заречный;авто;да;46.6;545;4;0
5650;Приморский;пеший;нет;47.1;1266;4;0
5651;Центр;авто;нет;33.0;802;3;1
5652;Заречный;пеший;нет;63.2;590;2;0
5653;Заречный;пеший;нет;67.0;801;2;0
5654;Приморский;авто;нет;32.8;474;4;0
5655;Центр;вело;нет;35.4;1105;4;0
5656;Заречный;пеший;да;63.7;765;2;0
5657;Приморский;пеший;да;31.4;933;4;1
5658;Заречный;пеший;да;67.6;380;3;0
5659;Приморский;вело;да;32.0;899;4;1
5660;Приморский;вело;нет;37.9;528;4;0
5661;Заречный;пеший;нет;78.1;743;2;0
5662;Приморский;пеший;нет;32.6;1577;4;1
5663;Северный;авто;да;34.6;865;3;1
5664;Заречный;вело;да;45.1;512;2;0
5665;Центр;авто;да;33.1;746;4;0
5666;Северный;пеший;нет;46.6;908;4;0
5667;Северный;пеший;нет;51.1;594;3;0
5668;Северный;авто;нет;34.7;781;4;1
5669;Северный;авто;да;19.1;649;5;1
5670;Центр;вело;да;38.8;948;3;0
5671;Приморский;авто;нет;32.5;656;4;1
5672;Приморский;авто;нет;28.3;1030;5;1
5673;Центр;вело;нет;31.9;252;3;0
5674;Северный;пеший;нет;32.1;1000;5;0
5675;Северный;вело;нет;27.4;609;3;0
5676;Заречный;пеший;да;69.5;803;2;0
5677;Центр;авто;нет;31.8;969;4;0
5678;Центр;вело;да;31.9;566;4;0
5679;Приморский;вело;да;25.8;456;4;1
5680;Заречный;пеший;нет;45.1;725;4;0
5681;Приморский;вело;нет;35.9;842;4;0
5682;Приморский;авто;да;0.7;907;4;0
5683;Центр;вело;да;39.9;498;3;1
5684;Центр;авто;да;27.4;440;4;0
5685;Северный;вело;нет;32.5;764;4;1
5686;Приморский;пеший;да;39.9;1137;4;0
5687;Приморский;авто;нет;44.6;510;3;0
5688;Центр;авто;нет;32.6;1140;4;1
5689;Приморский;вело;да;26.5;344;4;0
5690;Центр;авто;нет;37.7;607;5;1
5691;Центр;авто;нет;28.1;488;4;0
5692;Центр;авто;нет;29.7;912;5;0
5693;Приморский;вело;нет;42.8;807;3;1
5694;Центр;авто;да;34.5;877;3;1
5695;Центр;вело;нет;34.1;612;3;0
5696;Заречный;пеший;нет;75.5;797;3;0
5697;Центр;пеший;да;38.7;693;3;0
5698;Северный;пеший;нет;35.9;895;4;0
5699;Центр;авто;нет;29.6;877;4;1
5700;Заречный;авто;да;50.6;941;4;0
5701;Центр;вело;нет;28.2;816;3;1
5702;Северный;вело;да;36.9;15387;4;0
5703;Заречный;пеший;нет;65.4;941;2;0
5704;Приморский;вело;нет;33.0;1092;4;1
5705;Заречный;вело;да;59.0;498;3;0
5706;Заречный;вело;нет;1.0;433;2;0
5707;Северный;вело;нет;32.6;682;5;0
5708;Заречный;вело;да;47.8;658;3;0
5709;Северный;вело;нет;37.8;1340;3;0
5710;Приморский;пеший;нет;40.0;1604;3;0
5711;Приморский;авто;да;31.9;665;4;0
5712;Центр;пеший;нет;38.3;900;4;0
5713;Северный;авто;нет;28.1;639;4;0
5714;Заречный;пеший;нет;71.8;555;3;0
5715;Приморский;авто;нет;36.9;1111;3;1
5716;Центр;авто;да;34.5;945;4;0
5717;Заречный;пеший;нет;51.8;9936;4;1
5718;Центр;вело;нет;26.1;1612;5;0
5719;Центр;пеший;нет;42.2;270;3;1
5720;Заречный;пеший;нет;77.3;792;3;0
5721;Приморский;авто;нет;33.2;1140;3;1
5722;Северный;вело;нет;26.6;819;4;0
5723;Приморский;вело;да;36.3;642;4;0
5724;Заречный;пеший;нет;55.6;413;3;0
5725;Заречный;авто;нет;72.5;631;3;0
5726;Северный;авто;нет;42.2;1284;2;1
5727;Заречный;вело;да;46.6;665;3;1
5728;Приморский;вело;да;42.2;971;5;1
5729;Центр;вело;нет;32.8;1476;3;0
5730;Центр;пеший;нет;36.7;1171;3;0
5731;Приморский;вело;да;37.4;781;4;0
5732;Северный;вело;нет;39.7;1214;3;0
5733;Северный;вело;нет;29.4;1070;5;1
5734;Заречный;вело;нет;53.7;817;4;0
5735;Северный;вело;нет;34.8;1514;4;0
5736;Заречный;пеший;да;48.9;503;3;0
5737;Центр;авто;да;20.1;956;5;1
5738;Приморский;вело;нет;39.9;424;3;1
5739;Приморский;авто;нет;31.4;720;4;1
5740;Центр;вело;да;37.1;809;3;0
5741;Заречный;авто;да;43.6;1423;3;0
5742;Северный;авто;да;25.3;644;3;1
5743;Центр;пеший;да;33.2;628;4;1
5744;Центр;вело;нет;32.6;1731;5;1
5745;Северный;вело;нет;439.4;694;5;0
5746;Приморский;вело;да;41.5;1170;4;1
5747;Центр;авто;нет;37.5;1611;4;0
5748;Центр;вело;нет;30.9;297;3;0
5749;Северный;авто;нет;36.6;1008;4;0
5750;Приморский;вело;нет;29.2;776;4;1
5751;Заречный;вело;да;46.7;1804;3;0
5752;Центр;вело;нет;25.7;717;4;0
5753;Заречный;пеший;нет;58.6;1037;2;1
5754;Заречный;вело;да;40.5;550;3;0
5755;Заречный;вело;нет;48.1;786;3;0
5756;Приморский;авто;нет;32.6;780;4;1
5757;Центр;пеший;нет;42.8;599;4;1
5758;Приморский;авто;нет;24.2;423;4;0
5759;Северный;вело;нет;38.3;1113;3;0
5760;Центр;вело;нет;32.0;1032;4;1
5761;Приморский;авто;да;28.3;1442;4;1
5762;Заречный;авто;нет;47.6;703;3;0
5763;Центр;вело;да;24.8;444;4;1
5764;Заречный;авто;да;45.9;654;3;0
5765;Приморский;авто;да;34.4;398;4;0
5766;Заречный;пеший;да;47.7;798;4;0
5767;Заречный;пеший;нет;46.5;390;3;1
5768;Заречный;авто;да;47.8;913;3;1
5769;Приморский;вело;нет;39.6;995;3;0
5770;Заречный;вело;нет;44.3;1093;3;0
5771;Заречный;вело;нет;49.1;1090;3;1
5772;Заречный;вело;нет;61.0;942;3;1
5773;Северный;пеший;нет;41.6;397;3;0
5774;Приморский;авто;да;32.8;614;3;0
5775;Центр;авто;нет;24.3;920;5;0
5776;Северный;пеший;нет;42.0;540;4;1
5777;Северный;вело;нет;32.8;641;4;0
5778;Заречный;вело;да;67.3;1270;2;0
5779;Приморский;вело;нет;24.9;808;4;1
5780;Северный;вело;да;41.9;923;4;1
5781;Заречный;пеший;нет;64.7;1341;3;0
5782;Центр;вело;нет;39.0;514;4;0
5783;Приморский;авто;нет;33.6;1002;4;1
5784;Приморский;авто;нет;30.0;659;4;0
5785;Центр;пеший;нет;34.1;705;5;1
5786;Центр;авто;нет;30.1;1201;4;0
5787;Центр;вело;да;34.0;763;4;1
5788;Заречный;авто;нет;41.3;561;3;1
5789;Центр;авто;да;21.2;971;4;0
5790;Приморский;авто;нет;36.8;633;3;0
5791;Приморский;авто;да;29.1;704;4;0
5792;Северный;авто;нет;24.1;1502;5;0
5793;Приморский;вело;нет;32.5;1197;4;1
5794;Приморский;авто;нет;31.8;571;5;1
5795;Северный;вело;нет;320.8;379;3;1
5796;Центр;пеший;да;32.5;667;4;1
5797;Центр;вело;нет;30.1;605;4;1
5798;Центр;авто;нет;25.6;994;4;0
5799;Северный;вело;да;36.9;1017;3;0
5800;Приморский;вело;нет;34.2;1161;4;1
5801;Северный;вело;да;29.6;1007;4;0
5802;Центр;вело;нет;38.2;713;4;1
5803;Приморский;вело;нет;33.6;316;5;1
5804;Северный;авто;нет;39.6;1015;3;0
5805;Северный;пеший;нет;36.0;859;4;1
5806;Северный;вело;нет;50.9;632;3;0
5807;Заречный;пеший;да;58.9;777;2;0
5808;Северный;вело;нет;27.1;314;4;0
5809;Центр;пеший;нет;26.2;1394;4;0
5810;Центр;авто;нет;33.4;792;4;0
5811;Северный;пеший;нет;37.2;792;4;0
5812;Центр;вело;нет;38.8;595;4;1
5813;Заречный;пеший;да;67.7;1093;2;0
5814;Центр;авто;да;30.2;468;3;0
5815;Центр;пеший;нет;43.2;442;4;1
5816;Центр;авто;нет;19.0;1624;4;0
5817;Северный;вело;нет;22.7;1282;4;0
5818;Северный;вело;нет;0.6;594;4;0
5819;Северный;авто;да;43.6;672;4;1
5820;Центр;пеший;нет;31.3;1643;4;1
5821;Заречный;вело;нет;72.2;442;3;1
5822;Приморский;пеший;да;30.3;285;5;0
5823;Центр;авто;да;30.2;726;4;1
5824;Приморский;вело;да;46.1;810;3;0
5825;Приморский;вело;да;32.0;935;5;1
5826;Приморский;авто;да;27.7;1046;4;1
5827;Северный;вело;нет;42.5;934;3;0
5828;Заречный;авто;нет;71.0;709;2;1
5829;Центр;авто;да;20.1;778;4;0
5830;Центр;пеший;да;35.8;472;4;0
5831;Центр;авто;да;27.7;1123;4;0
5832;Центр;вело;нет;28.0;340;5;1
5833;Центр;вело;нет;26.8;1752;4;1
5834;Приморский;пеший;да;25.3;739;4;0
5835;Центр;авто;да;26.9;515;4;0
5836;Приморский;авто;да;28.3;410;4;1
5837;Приморский;пеший;да;38.6;1131;4;1
5838;Центр;авто;нет;20.6;1187;5;0
5839;Центр;вело;да;35.5;514;4;0
5840;Северный;вело;да;36.2;866;4;1
5841;Приморский;вело;да;42.1;449;3;1
5842;Приморский;авто;нет;26.1;831;4;0
5843;Заречный;пеший;нет;58.1;349;3;1
5844;Заречный;пеший;нет;71.0;981;3;0
5845;Центр;пеший;да;38.2;9181;3;1
5846;Заречный;пеший;нет;2.4;1520;3;0
5847;Центр;вело;да;20.3;1086;5;0
5848;Северный;авто;нет;28.9;500;4;1
5849;Приморский;вело;да;41.5;1284;4;0
5850;Северный;авто;да;28.8;995;4;1
5851;Центр;вело;нет;35.7;962;3;1
5852;Заречный;вело;нет;70.1;915;2;1
5853;Заречный;пеший;нет;51.7;959;3;0
5854;Северный;пеший;нет;42.3;995;4;1
5855;Северный;авто;нет;40.7;934;3;1
5856;Заречный;вело;нет;66.7;995;2;0
5857;Центр;вело;нет;33.4;1371;4;0
5858;Центр;вело;нет;36.3;827;3;0
5859;Заречный;вело;да;56.4;1782;3;0
5860;Центр;вело;нет;36.6;636;3;1
5861;Северный;авто;нет;20.7;485;4;1
5862;Центр;пеший;нет;30.9;1195;4;1
5863;Приморский;вело;нет;30.7;542;4;1
5864;Заречный;вело;нет;52.5;450;3;1
5865;Приморский;вело;нет;23.1;1117;4;0
5866;Центр;авто;нет;31.3;1165;5;0
5867;Заречный;вело;нет;67.9;1324;3;1
5868;Заречный;авто;нет;72.0;849;3;0
5869;Северный;авто;да;28.4;18476;3;0
5870;Заречный;пеший;да;49.2;1192;3;0
5871;Центр;пеший;нет;35.7;744;3;1
5872;Заречный;пеший;нет;64.0;638;3;0
5873;Центр;авто;нет;22.2;561;4;1
5874;Северный;авто;нет;29.5;1167;4;0
5875;Северный;вело;да;43.9;639;3;0
5876;Заречный;вело;нет;51.7;815;3;0
5877;Приморский;авто;да;39.2;551;2;0
5878;Приморский;авто;нет;35.8;11489;4;0
5879;Приморский;авто;да;19.7;666;5;1
5880;Приморский;пеший;нет;36.8;600;4;1
5881;Приморский;авто;нет;33.7;527;4;1
5882;Центр;вело;нет;30.7;263;4;0
5883;Центр;авто;нет;29.9;800;3;0
5884;Приморский;вело;да;25.5;1121;5;0
5885;Северный;авто;да;38.4;875;4;1
5886;Заречный;пеший;нет;61.6;936;2;1
5887;Центр;вело;да;36.9;1082;4;0
5888;Заречный;пеший;нет;53.7;15490;3;0
5889;Приморский;вело;да;36.2;1204;3;1
5890;Северный;вело;нет;34.2;545;5;0
5891;Заречный;пеший;нет;56.7;395;3;0
5892;Заречный;пеший;нет;41.5;1757;4;0
5893;Заречный;пеший;нет;74.5;426;2;0
5894;Заречный;вело;да;45.2;1158;2;0
5895;Центр;авто;нет;30.0;530;4;1
5896;Центр;авто;нет;29.6;787;4;0
5897;Северный;авто;нет;42.7;448;4;1
5898;Северный;пеший;нет;37.0;920;4;1
5899;Северный;вело;нет;35.4;420;4;1
5900;Заречный;пеший;нет;49.2;1046;3;0
5901;Центр;вело;да;33.6;569;4;0
5902;Приморский;пеший;нет;37.4;535;4;0
5903;Центр;авто;нет;26.8;502;4;0
5904;Приморский;авто;нет;30.3;779;4;0
5905;Приморский;вело;нет;26.5;919;4;0
5906;Заречный;вело;нет;79.5;1151;2;0
5907;Центр;авто;нет;1.3;676;4;0
5908;Центр;авто;нет;22.6;584;4;1
5909;Северный;авто;да;30.0;756;5;0
5910;Центр;вело;да;27.1;811;4;1
5911;Приморский;вело;нет;35.5;1583;4;0
5912;Северный;авто;да;34.1;928;4;0
5913;Заречный;пеший;нет;61.2;10089;3;0
5914;Приморский;авто;да;22.4;488;5;1
5915;Приморский;вело;нет;49.0;489;2;1
5916;Северный;пеший;нет;38.5;1202;3;1
5917;Центр;авто;нет;30.9;897;3;1
5918;Заречный;авто;да;46.2;851;3;1
5919;Северный;вело;да;33.8;865;5;1
5920;Центр;пеший;нет;42.3;575;3;0
5921;Северный;пеший;да;45.3;347;4;0
5922;Заречный;авто;нет;50.5;449;3;1
5923;Центр;авто;да;33.3;1492;3;1
5924;Приморский;авто;нет;35.8;878;3;0
5925;Заречный;пеший;да;64.3;454;3;0
5926;Приморский;вело;нет;29.6;469;4;0
5927;Приморский;авто;нет;21.8;1346;4;0
5928;Центр;вело;нет;29.4;848;5;1
5929;Северный;авто;нет;28.9;564;3;1
5930;Заречный;пеший;нет;56.7;1095;2;1
5931;Центр;пеший;нет;37.4;934;4;0
5932;Заречный;вело;нет;67.4;1260;2;0
5933;Центр;вело;да;1.2;474;5;0
5934;Приморский;вело;да;20.1;763;4;0
5935;Центр;вело;нет;36.1;683;4;0
5936;Центр;вело;нет;26.8;967;4;1
5937;Центр;авто;нет;34.7;400;3;0
5938;Приморский;пеший;нет;46.5;496;4;0
5939;Приморский;пеший;да;40.7;344;4;0
5940;Северный;пеший;да;36.7;1206;3;1
5941;Центр;авто;нет;30.0;965;4;0
5942;Приморский;авто;да;34.3;727;4;0
5943;Приморский;вело;нет;29.1;880;4;0
5944;Приморский;пеший;нет;28.5;494;4;0
5945;Центр;вело;да;46.2;686;3;0
5946;Приморский;авто;нет;25.3;814;3;1
5947;Центр;авто;да;31.1;885;4;0
5948;Северный;пеший;да;35.0;658;5;0
5949;Северный;вело;нет;40.3;719;4;0
5950;Северный;авто;нет;37.6;768;4;0
5951;Северный;вело;нет;28.1;343;5;0
5952;Центр;авто;нет;22.4;821;4;1
5953;Северный;авто;нет;23.0;659;4;0
5954;Центр;авто;нет;38.8;735;4;0
5955;Заречный;вело;нет;57.1;792;2;0
5956;Приморский;авто;да;31.2;531;4;0
5957;Центр;авто;нет;12.4;867;5;0
5958;Центр;авто;да;31.7;18463;4;0
5959;Приморский;авто;нет;36.7;893;4;0
5960;Заречный;пеший;да;46.7;637;3;1
5961;Северный;авто;нет;325.3;429;4;0
5962;Приморский;вело;нет;27.9;421;5;1
5963;Центр;авто;нет;34.3;700;3;1
5964;Центр;вело;нет;33.8;640;4;1
5965;Центр;авто;да;36.9;1626;3;0
5966;Заречный;пеший;нет;52.7;373;3;1
5967;Центр;вело;нет;31.1;725;4;0
5968;Приморский;пеший;нет;45.9;930;4;0
5969;Центр;вело;да;37.7;1023;4;1
5970;Северный;вело;да;2.4;497;4;0
5971;Заречный;вело;нет;54.2;805;2;0
5972;Приморский;авто;да;27.3;1087;5;1
5973;Приморский;вело;да;28.5;648;4;1
5974;Приморский;пеший;нет;41.4;547;4;0
5975;Центр;вело;нет;29.0;699;4;0
5976;Северный;авто;нет;26.0;794;4;1
5977;Центр;авто;нет;27.7;716;3;0
5978;Приморский;вело;нет;26.7;441;5;0
5979;Центр;вело;нет;28.8;624;4;1
5980;Северный;пеший;нет;38.4;556;4;1
5981;Центр;авто;нет;33.9;516;3;0
5982;Центр;вело;нет;25.8;621;5;1
5983;Приморский;авто;нет;28.6;863;4;1
5984;Северный;вело;да;29.0;516;5;1
5985;Приморский;вело;нет;23.1;691;4;1
5986;Центр;вело;да;31.9;1134;4;1
5987;Центр;авто;нет;33.5;250;4;0
5988;Заречный;авто;нет;49.4;879;4;0
5989;Центр;вело;нет;23.0;690;5;0
5990;Заречный;вело;нет;46.8;1366;2;0
5991;Северный;пеший;да;43.4;973;4;0
5992;Заречный;пеший;нет;71.5;739;3;0
5993;Центр;авто;нет;32.0;537;5;0
5994;Центр;авто;нет;27.4;700;4;0
5995;Северный;вело;нет;39.7;1084;4;1
5996;Центр;вело;нет;33.9;1020;4;0
5997;Приморский;вело;нет;24.9;1296;5;0
5998;Центр;авто;нет;32.7;884;4;0
5999;Северный;авто;нет;23.6;511;4;1
6000;Заречный;авто;нет;47.8;720;4;1
6001;Приморский;авто;да;27.9;925;4;0
6002;Заречный;пеший;нет;53.7;728;3;0
6003;Северный;вело;нет;31.4;905;5;1
6004;Приморский;пеший;да;29.6;609;5;0
6005;Заречный;пеший;нет;60.6;1345;2;0
6006;Приморский;авто;да;40.9;725;4;0
6007;Заречный;авто;да;65.8;573;3;0
6008;Центр;вело;нет;375.1;1181;5;0
6009;Приморский;вело;нет;32.3;12149;3;0
6010;Центр;вело;да;36.4;787;3;0
6011;Заречный;вело;нет;46.9;665;3;1
6012;Заречный;пеший;нет;50.3;578;4;1
6013;Заречный;вело;нет;42.5;571;3;0
6014;Заречный;пеший;да;45.6;1297;3;1
6015;Приморский;авто;нет;25.7;401;5;0
6016;Северный;пеший;нет;42.3;802;4;1
6017;Приморский;вело;да;1.4;611;3;0
6018;Северный;авто;нет;31.1;776;4;0
6019;Приморский;пеший;нет;37.0;377;4;1
6020;Заречный;вело;нет;57.6;545;3;0
6021;Центр;пеший;нет;36.2;830;3;0
6022;Заречный;авто;да;48.0;652;3;0
6023;Северный;пеший;да;36.2;497;3;1
6024;Приморский;авто;нет;30.7;387;3;0
6025;Северный;пеший;нет;44.0;1002;4;1
6026;Центр;авто;да;2.4;1248;3;1
6027;Северный;вело;нет;33.1;562;4;0
6028;Центр;пеший;нет;29.1;705;4;0
6029;Приморский;вело;да;31.9;837;4;1
6030;Приморский;авто;нет;35.2;1046;4;0
6031;Северный;вело;нет;27.9;506;3;1
6032;Заречный;пеший;нет;1.0;533;3;0
6033;Центр;авто;нет;45.4;1011;4;1
6034;Приморский;вело;да;26.9;898;4;0
6035;Северный;авто;да;28.5;864;4;0
6036;Заречный;пеший;да;50.4;782;3;0
6037;Заречный;вело;нет;48.1;1590;3;0
6038;Центр;вело;да;38.6;1339;4;1
6039;Северный;вело;нет;42.1;533;4;1
6040;Центр;вело;нет;37.1;1496;3;0
6041;Заречный;пеший;нет;54.2;1006;3;0
6042;Центр;пеший;нет;31.8;430;3;1
6043;Северный;пеший;нет;46.5;670;2;0
6044;Центр;авто;нет;26.9;746;4;1
6045;Северный;вело;нет;24.0;487;4;1
6046;Центр;вело;нет;34.2;723;4;1
6047;Центр;вело;нет;35.3;788;3;0
6048;Заречный;пеший;нет;79.6;431;2;0
6049;Приморский;пеший;нет;39.1;1395;4;1
6050;Северный;авто;да;40.2;812;4;0
6051;Приморский;пеший;нет;29.6;697;4;1
6052;Северный;авто;да;30.6;840;4;1
6053;Северный;вело;нет;34.8;691;4;0
6054;Северный;авто;нет;36.8;755;4;1
6055;Приморский;пеший;да;45.8;394;3;0
6056;Заречный;пеший;нет;52.4;1123;2;0
6057;Северный;авто;нет;37.3;661;4;1
6058;Центр;пеший;нет;34.0;1066;4;1
6059;Приморский;авто;да;32.1;682;5;0
6060;Центр;авто;нет;2.2;500;5;1
6061;Северный;авто;нет;35.0;841;4;1
6062;Центр;авто;нет;43.6;557;3;0
6063;Приморский;пеший;нет;42.3;635;3;0
6064;Северный;вело;нет;40.3;406;3;0
6065;Северный;авто;нет;30.1;1193;5;0
6066;Заречный;пеший;да;50.6;244;3;1
6067;Северный;авто;нет;27.8;1007;4;0
6068;Заречный;вело;нет;46.7;1087;3;0
6069;Центр;вело;да;27.5;403;4;0
6070;Центр;авто;нет;29.0;1741;3;0
6071;Северный;авто;да;34.3;554;4;0
6072;Заречный;вело;нет;54.0;355;3;0
6073;Северный;пеший;нет;45.6;418;3;1
6074;Центр;авто;нет;44.9;444;3;0
6075;Приморский;пеший;да;27.1;766;5;1
6076;Заречный;пеший;нет;58.1;886;3;0
6077;Приморский;пеший;нет;38.6;987;5;0
6078;Приморский;авто;нет;45.0;1151;4;1
6079;Заречный;пеший;нет;53.3;949;2;0
6080;Приморский;вело;да;25.1;899;4;1
6081;Заречный;пеший;нет;60.4;1128;3;0
6082;Приморский;авто;да;29.7;774;4;1
6083;Приморский;пеший;нет;27.3;602;5;0
6084;Приморский;пеший;нет;35.8;873;4;0
6085;Центр;вело;нет;42.8;15608;4;1
6086;Центр;авто;да;20.5;618;5;0
6087;Центр;пеший;да;27.2;1036;4;0
6088;Заречный;вело;нет;62.3;521;2;1
6089;Центр;пеший;нет;34.7;1234;4;0
6090;Центр;авто;нет;32.6;466;4;1
6091;Центр;вело;да;40.0;1184;3;1
6092;Приморский;авто;нет;1.7;369;4;0
6093;Центр;авто;нет;2.3;407;3;1
6094;Центр;пеший;нет;32.7;590;5;1
6095;Центр;авто;нет;31.7;13984;4;1
6096;Заречный;пеший;нет;64.4;719;2;0
6097;Северный;авто;нет;37.7;568;4;1
6098;Заречный;вело;нет;67.8;867;3;1
6099;Центр;авто;да;29.9;444;4;1
6100;Северный;вело;да;38.9;1436;3;0
6101;Северный;вело;да;43.9;805;4;1
6102;Северный;пеший;да;39.1;707;4;0
6103;Приморский;вело;да;32.7;1134;3;0
6104;Заречный;пеший;нет;67.4;739;2;0
6105;Северный;вело;да;22.2;736;4;0
6106;Центр;авто;нет;28.0;1182;5;0
6107;Северный;пеший;да;33.2;700;3;1
6108;Заречный;пеший;да;60.6;584;2;1
6109;Центр;вело;нет;34.8;456;4;0
6110;Северный;пеший;да;35.3;535;4;1
6111;Заречный;пеший;да;45.5;1215;4;0
6112;Центр;авто;нет;24.0;953;4;0
6113;Заречный;пеший;да;57.0;703;3;0
6114;Приморский;пеший;да;42.6;1420;3;1
6115;Приморский;вело;нет;28.3;535;4;0
6116;Заречный;вело;да;64.6;843;4;0
6117;Заречный;вело;да;54.6;499;2;0
6118;Приморский;вело;да;34.7;403;4;1
6119;Приморский;пеший;нет;36.4;784;4;1
6120;Приморский;пеший;да;31.3;640;4;0
6121;Северный;вело;да;24.3;368;5;1
6122;Северный;пеший;нет;26.4;1179;4;1
6123;Приморский;вело;да;32.1;902;4;1
6124;Северный;вело;нет;37.0;13192;3;1
6125;Северный;авто;нет;35.5;955;4;0
6126;Северный;вело;да;401.1;425;3;0
6127;Приморский;вело;нет;31.9;1102;3;1
6128;Центр;авто;нет;31.8;773;4;1
6129;Северный;пеший;нет;43.1;655;3;0
6130;Центр;авто;нет;34.3;778;3;0
6131;Центр;авто;да;32.3;1347;4;1
6132;Северный;вело;да;32.0;614;4;0
6133;Центр;вело;нет;26.9;901;4;1
6134;Заречный;пеший;нет;48.2;759;2;0
6135;Центр;вело;нет;29.0;683;4;0
6136;Северный;пеший;нет;39.0;1207;4;0
6137;Центр;авто;нет;33.9;609;4;1
6138;Заречный;пеший;нет;59.8;1195;3;1
6139;Центр;пеший;нет;38.6;856;3;0
6140;Центр;авто;нет;30.8;502;4;0
6141;Центр;вело;нет;23.0;693;4;0
6142;Северный;вело;да;46.7;417;2;0
6143;Приморский;вело;нет;30.0;647;4;0
6144;Северный;авто;да;27.7;529;4;0
6145;Заречный;пеший;нет;50.5;306;3;1
6146;Центр;вело;нет;31.3;558;4;0
6147;Северный;вело;нет;37.6;812;4;0
6148;Заречный;вело;да;425.1;1006;3;0
6149;Центр;авто;да;25.0;674;4;0
6150;Северный;вело;да;36.5;1050;4;1
6151;Приморский;авто;да;23.5;960;4;0
6152;Приморский;пеший;нет;32.7;640;4;0
6153;Северный;вело;да;32.4;15234;4;0
6154;Заречный;авто;да;42.9;536;4;0
6155;Заречный;пеший;да;51.2;1004;3;0
6156;Центр;пеший;нет;25.9;567;5;0
6157;Северный;пеший;да;36.2;901;4;0
6158;Северный;пеший;нет;33.3;941;3;0
6159;Северный;авто;нет;19.4;584;5;1
6160;Центр;авто;нет;30.7;875;4;0
6161;Центр;авто;нет;30.7;586;4;0
6162;Приморский;пеший;да;27.0;1419;4;1
6163;Приморский;вело;нет;32.3;771;4;0
6164;Заречный;вело;да;51.1;469;3;0
6165;Северный;пеший;нет;45.5;366;3;0
6166;Заречный;пеший;нет;50.5;487;3;1
6167;Центр;вело;нет;28.7;1168;5;1
6168;Северный;пеший;да;39.1;1457;5;0
6169;Центр;вело;нет;24.9;1350;5;0
6170;Северный;вело;нет;38.1;815;3;0
6171;Центр;вело;да;40.8;604;4;1
6172;Заречный;пеший;да;51.1;542;3;0
6173;Заречный;вело;нет;64.8;688;2;0
6174;Северный;пеший;да;41.2;553;5;0
6175;Северный;авто;нет;28.3;1016;4;1
6176;Центр;вело;да;22.6;201;4;1
6177;Приморский;авто;нет;35.2;1143;4;1
6178;Центр;пеший;нет;36.2;1922;4;0
6179;Заречный;авто;нет;55.3;381;4;1
6180;Центр;авто;нет;22.4;592;5;0
6181;Заречный;авто;нет;47.6;546;5;0
6182;Центр;авто;да;21.1;505;5;0
6183;Центр;авто;нет;29.0;14944;3;0
6184;Приморский;авто;нет;32.3;991;5;0
6185;Приморский;авто;да;31.5;724;3;0
6186;Заречный;пеший;нет;60.9;895;3;0
6187;Приморский;авто;нет;27.7;512;5;0
6188;Северный;пеший;нет;49.0;347;4;1
6189;Приморский;авто;нет;33.0;2089;4;0
6190;Приморский;вело;нет;31.4;565;5;0
6191;Северный;авто;нет;36.9;1269;4;0
6192;Заречный;пеший;да;69.1;1839;2;0
6193;Центр;авто;нет;24.8;702;4;0
6194;Центр;вело;нет;22.1;1619;5;0
6195;Центр;пеший;да;33.8;444;4;1
6196;Центр;пеший;нет;26.7;1015;5;1
6197;Северный;вело;да;36.8;781;3;0
6198;Заречный;вело;да;46.3;719;3;0
6199;Приморский;вело;нет;30.2;903;5;0
6200;Северный;вело;нет;30.8;19684;4;1
6201;Приморский;пеший;да;41.2;739;3;1
6202;Приморский;вело;да;45.6;1042;4;0
6203;Центр;авто;нет;27.2;964;4;0
6204;Центр;вело;да;25.8;1464;4;0
6205;Заречный;вело;нет;46.2;471;2;0
6206;Центр;пеший;да;25.3;677;5;0
6207;Заречный;пеший;нет;49.7;688;4;0
6208;Северный;вело;нет;35.1;774;4;0
6209;Центр;вело;нет;439.9;601;5;0
6210;Приморский;пеший;нет;40.1;503;3;0
6211;Центр;пеший;нет;30.6;1216;4;1
6212;Заречный;авто;нет;63.2;1288;3;0
6213;Заречный;вело;нет;47.7;596;4;1
6214;Приморский;пеший;нет;28.1;1107;4;1
6215;Северный;вело;да;42.1;655;3;0
6216;Центр;пеший;да;41.0;681;3;1
6217;Приморский;пеший;да;35.4;858;4;0
6218;Приморский;авто;нет;39.7;1237;2;0
6219;Центр;авто;нет;31.9;686;5;1
6220;Приморский;вело;нет;37.0;623;3;0
6221;Приморский;авто;да;27.9;486;4;1
6222;Северный;пеший;нет;40.9;367;3;0
6223;Центр;пеший;нет;39.1;535;3;0
6224;Северный;авто;да;35.6;764;4;0
6225;Приморский;вело;нет;27.9;437;4;1
6226;Заречный;вело;да;304.3;1121;3;0
6227;Приморский;авто;нет;33.8;729;4;1
6228;Северный;пеший;нет;43.6;1238;4;0
6229;Центр;авто;нет;38.6;860;3;0
6230;Центр;авто;нет;27.1;646;4;0
6231;Северный;авто;да;41.3;292;3;0
6232;Центр;вело;да;29.9;1100;4;0
6233;Заречный;авто;нет;62.1;1597;2;0
6234;Центр;пеший;да;38.4;615;4;0
6235;Заречный;пеший;нет;75.9;564;2;0
6236;Северный;авто;нет;36.0;650;3;0
6237;Приморский;вело;нет;33.8;843;3;1
6238;Центр;авто;нет;32.2;596;4;0
6239;Заречный;вело;нет;373.5;669;3;1
6240;Северный;авто;нет;33.2;1034;4;1
6241;Приморский;вело;да;27.7;886;4;1
6242;Северный;авто;да;34.4;971;3;1
6243;Центр;авто;нет;32.5;701;4;0
6244;Заречный;пеший;да;64.8;1629;3;0
6245;Приморский;вело;нет;50.6;882;3;1
6246;Приморский;пеший;нет;41.1;1384;3;1
6247;Центр;вело;нет;50.2;765;2;0
6248;Приморский;авто;нет;34.8;588;4;1
6249;Заречный;авто;нет;1.1;366;3;1
6250;Заречный;пеший;нет;46.3;800;3;0
6251;Северный;пеший;нет;39.8;688;4;0
6252;Северный;авто;нет;35.2;452;3;0
6253;Северный;авто;да;32.1;1096;4;0
6254;Заречный;пеший;да;50.7;919;4;0
6255;Приморский;пеший;да;26.7;1074;4;1
6256;Заречный;пеший;нет;69.6;719;2;0
6257;Приморский;пеший;да;40.5;1942;3;0
6258;Заречный;вело;нет;44.4;618;3;0
6259;Центр;авто;нет;35.0;635;4;0
6260;Заречный;пеший;нет;60.2;519;2;0
6261;Северный;авто;да;26.5;816;5;0
6262;Заречный;авто;да;54.2;910;3;1
6263;Приморский;вело;нет;35.2;954;3;0
6264;Северный;авто;нет;35.5;1345;4;1
6265;Центр;вело;нет;33.1;548;4;1
6266;Северный;вело;нет;31.8;18103;4;1
6267;Центр;пеший;да;41.1;365;3;1
6268;Центр;пеший;нет;44.9;483;3;1
6269;Центр;пеший;да;45.0;742;3;0
6270;Приморский;пеший;нет;42.5;950;3;0
6271;Приморский;авто;нет;32.4;846;4;0
6272;Центр;авто;нет;31.8;601;4;1
6273;Центр;авто;нет;2.5;419;5;0
6274;Приморский;пеший;нет;48.4;337;2;0
6275;Заречный;вело;да;61.1;883;2;1
6276;Центр;авто;нет;37.1;764;3;1
6277;Приморский;вело;нет;36.5;677;4;0
6278;Заречный;авто;нет;73.6;16953;1;1
6279;Северный;вело;нет;31.0;11608;3;1
6280;Центр;вело;да;18.9;403;5;1
6281;Приморский;вело;нет;34.8;1060;3;0
6282;Центр;вело;да;29.5;814;4;0
6283;Заречный;авто;да;58.5;476;3;0
6284;Центр;пеший;нет;39.6;842;3;0
6285;Северный;пеший;да;39.6;403;4;1
6286;Центр;вело;нет;30.5;9566;4;0
6287;Центр;вело;нет;37.7;685;4;1
6288;Северный;вело;нет;37.8;492;3;1
6289;Приморский;вело;да;39.7;601;4;1
6290;Приморский;вело;да;31.5;650;4;0
6291;Приморский;авто;да;32.4;297;4;0
6292;Центр;авто;нет;41.8;930;4;0
6293;Северный;пеший;да;34.4;736;3;1
6294;Заречный;авто;да;45.4;1073;3;0
6295;Центр;авто;нет;20.1;628;5;1
6296;Северный;авто;да;36.0;429;5;1
6297;Северный;вело;да;37.6;509;4;1
6298;Центр;пеший;нет;35.8;813;4;0
6299;Северный;вело;нет;41.7;958;3;1
6300;Заречный;авто;да;60.7;949;3;0
6301;Северный;вело;да;32.5;676;4;1
6302;Приморский;вело;нет;333.3;536;4;0
6303;Центр;авто;нет;24.1;649;5;0
6304;Северный;вело;да;26.5;1362;4;0
6305;Центр;авто;нет;28.5;624;5;1
6306;Приморский;авто;да;29.5;327;4;0
6307;Заречный;вело;да;37.8;1212;4;1
6308;Приморский;авто;да;29.8;1010;5;1
6309;Заречный;авто;да;42.0;1544;4;1
6310;Приморский;вело;да;24.9;2167;3;0
6311;Приморский;вело;да;39.1;635;3;0
6312;Центр;пеший;да;46.2;629;2;0
6313;Приморский;авто;нет;30.7;1065;3;0
6314;Центр;авто;да;26.5;541;5;0
6315;Заречный;пеший;да;52.2;1036;3;0
6316;Приморский;пеший;нет;29.5;598;4;0
6317;Центр;авто;нет;26.4;495;4;0
6318;Приморский;вело;да;33.1;800;4;1
6319;Центр;авто;нет;28.3;1082;4;0
6320;Центр;вело;нет;33.8;315;4;1
6321;Приморский;авто;да;23.5;371;4;1
6322;Центр;авто;нет;31.0;1915;4;1
6323;Центр;пеший;нет;48.2;746;2;0
6324;Северный;пеший;да;41.4;745;3;0
6325;Приморский;вело;да;34.5;677;4;0
6326;Северный;вело;нет;32.6;714;4;1
6327;Центр;вело;нет;32.0;796;4;0
6328;Центр;авто;да;24.9;389;4;0
6329;Центр;вело;нет;23.9;672;4;0
6330;Центр;вело;да;39.3;800;3;1
6331;Приморский;авто;да;31.7;1027;4;0
6332;Центр;вело;нет;403.8;532;4;1
6333;Центр;вело;нет;31.7;1166;4;0
6334;Приморский;вело;нет;32.1;966;5;1
6335;Северный;авто;да;42.0;654;4;0
6336;Северный;авто;нет;31.7;689;4;1
6337;Северный;авто;да;26.9;379;4;0
6338;Северный;вело;да;34.9;443;4;0
6339;Северный;пеший;нет;43.3;639;4;1
6340;Заречный;пеший;нет;69.4;1395;2;0
6341;Заречный;вело;да;46.0;647;4;0
6342;Заречный;пеший;нет;71.5;1031;2;0
6343;Центр;авто;да;33.7;647;4;1
6344;Центр;пеший;нет;37.6;398;3;0
6345;Заречный;авто;нет;36.8;851;3;0
6346;Центр;пеший;нет;33.3;951;4;0
6347;Центр;вело;нет;42.1;944;4;0
6348;Приморский;вело;нет;28.2;639;4;1
6349;Северный;пеший;нет;32.8;1025;3;1
6350;Северный;вело;нет;39.0;764;4;0
6351;Заречный;пеший;нет;72.7;623;2;0
6352;Центр;вело;нет;34.8;564;3;1
6353;Заречный;пеший;да;54.8;796;2;0
6354;Северный;вело;да;31.3;858;4;1
6355;Центр;авто;нет;29.3;13372;4;1
6356;Приморский;пеший;нет;47.5;886;4;0
6357;Центр;вело;нет;38.7;1126;4;1
6358;Северный;авто;нет;24.6;12007;4;1
6359;Приморский;вело;нет;39.4;360;2;1
6360;Заречный;вело;да;63.8;1772;2;0
6361;Заречный;пеший;да;69.4;517;2;0
6362;Заречный;пеший;нет;65.7;749;2;1
6363;Центр;авто;да;31.4;661;4;1
6364;Приморский;авто;нет;33.6;10893;4;1
6365;Приморский;пеший;да;47.5;947;3;0
6366;Центр;вело;нет;39.3;725;4;1
6367;Центр;вело;да;21.1;1153;4;1
6368;Приморский;вело;нет;312.1;865;3;1
6369;Центр;авто;нет;26.9;580;4;1
6370;Приморский;вело;нет;33.1;950;3;0
6371;Заречный;пеший;нет;54.9;2327;3;1
6372;Приморский;пеший;нет;36.6;1498;4;1
6373;Северный;пеший;да;40.1;668;3;0
6374;Заречный;вело;да;55.8;809;3;0
6375;Центр;авто;да;24.7;554;5;0
6376;Приморский;авто;да;26.7;638;4;1
6377;Приморский;вело;нет;41.0;921;4;1
6378;Северный;вело;да;33.7;519;4;1
6379;Центр;авто;нет;37.4;281;3;0
6380;Приморский;вело;да;20.5;904;4;1
6381;Заречный;вело;нет;55.5;640;3;0
6382;Приморский;вело;нет;36.1;528;3;1
6383;Северный;пеший;нет;37.8;1782;4;1
6384;Северный;авто;да;24.9;702;4;1
6385;Центр;вело;нет;33.9;577;4;1
6386;Приморский;вело;да;41.5;670;4;1
6387;Северный;авто;нет;27.8;668;4;0
6388;Заречный;пеший;нет;51.1;324;4;0
6389;Заречный;вело;нет;67.8;795;2;0
6390;Центр;авто;да;28.6;1012;4;0
6391;Северный;авто;да;37.0;524;4;0
6392;Приморский;авто;да;31.7;353;5;1
6393;Заречный;пеший;да;69.5;684;3;0
6394;Приморский;пеший;нет;42.8;761;3;0
6395;Центр;авто;да;38.3;489;3;0
6396;Северный;авто;нет;24.5;789;5;0
6397;Приморский;авто;да;24.6;684;3;1
6398;Приморский;пеший;нет;1.8;595;3;1
6399;Заречный;пеший;да;73.3;816;3;1
6400;Центр;авто;да;34.0;692;4;0
6401;Центр;авто;да;21.8;1543;5;1
6402;Северный;авто;нет;33.0;823;4;0
6403;Центр;пеший;нет;32.5;690;5;1
6404;Северный;вело;нет;24.3;1236;4;1
6405;Заречный;вело;да;46.7;532;3;0
6406;Северный;пеший;нет;34.0;381;4;1
6407;Приморский;вело;нет;441.2;767;4;1
6408;Заречный;пеший;да;49.9;571;3;1
6409;Северный;авто;да;35.7;530;3;1
6410;Заречный;вело;нет;1.5;778;4;1
6411;Северный;пеший;да;44.8;903;4;1
6412;Центр;вело;да;32.4;841;4;0
6413;Северный;пеший;да;36.2;614;3;0
6414;Центр;пеший;да;30.5;725;4;1
6415;Заречный;авто;да;60.1;697;3;0
6416;Центр;вело;нет;31.6;379;4;0
6417;Заречный;вело;да;47.4;983;3;0
6418;Заречный;вело;да;68.1;652;2;1
6419;Заречный;пеший;нет;55.0;1380;3;1
6420;Заречный;пеший;нет;52.8;838;3;1
6421;Северный;вело;да;44.8;690;3;0
6422;Северный;авто;нет;45.6;830;3;0
6423;Северный;вело;нет;44.7;1421;5;0
6424;Центр;авто;нет;33.8;854;5;1
6425;Северный;пеший;нет;44.6;418;3;0
6426;Заречный;вело;да;470.8;904;3;0
6427;Северный;вело;да;38.4;575;5;1
6428;Центр;авто;нет;30.2;1275;4;0
6429;Центр;вело;нет;39.9;702;4;0
6430;Северный;авто;да;36.0;449;3;0
6431;Приморский;вело;нет;33.8;584;5;0
6432;Приморский;вело;нет;2.3;1471;5;1
6433;Приморский;авто;да;38.6;569;4;0
6434;Центр;авто;нет;40.4;375;4;1
6435;Заречный;пеший;нет;70.7;274;3;0
6436;Центр;пеший;да;35.5;365;4;1
6437;Центр;авто;да;31.0;1186;4;1
6438;Северный;вело;нет;39.3;1017;3;1
6439;Центр;вело;да;17.6;603;4;0
6440;Северный;авто;да;280.6;512;5;1
6441;Заречный;авто;нет;45.0;431;3;1
6442;Центр;вело;нет;31.7;560;4;0
6443;Приморский;вело;да;29.9;1018;4;1
6444;Северный;пеший;да;36.1;340;4;0
6445;Северный;авто;нет;46.3;815;3;0
6446;Заречный;пеший;нет;53.0;803;3;1
6447;Центр;вело;нет;31.4;649;4;0
6448;Центр;вело;да;31.1;713;3;0
6449;Северный;вело;да;38.4;1347;4;0
6450;Заречный;вело;да;43.7;889;5;1
6451;Центр;вело;нет;39.8;554;4;1
6452;Центр;авто;нет;20.4;1428;5;1
6453;Приморский;авто;да;30.0;1261;3;0
6454;Северный;авто;нет;33.4;929;5;0
6455;Центр;авто;нет;23.9;1059;4;1
6456;Центр;вело;нет;38.7;769;4;0
6457;Центр;вело;нет;28.0;302;5;1
6458;Северный;пеший;да;36.7;1575;3;0
6459;Северный;вело;да;29.2;354;4;0
6460;Центр;вело;да;26.6;568;4;0
6461;Центр;пеший;да;35.3;1091;4;0
6462;Приморский;вело;нет;37.9;1235;4;0
6463;Северный;авто;нет;29.4;800;5;1
6464;Северный;авто;нет;0.7;394;5;0
6465;Северный;вело;да;335.8;414;3;0
6466;Северный;авто;нет;28.1;675;3;0
6467;Заречный;пеший;нет;51.6;1326;2;0
6468;Приморский;вело;нет;41.8;633;4;1
6469;Северный;вело;нет;404.1;1581;4;0
6470;Северный;авто;да;27.7;869;3;1
6471;Центр;пеший;да;36.2;572;4;1
6472;Приморский;авто;нет;24.1;704;5;0
6473;Центр;вело;нет;53.4;708;2;1
6474;Северный;авто;нет;41.5;652;3;1
6475;Заречный;пеший;нет;73.6;488;2;1
6476;Приморский;вело;нет;38.7;711;4;0
6477;Северный;авто;да;34.9;728;4;1
6478;Приморский;авто;да;32.7;535;3;0
6479;Северный;вело;да;1.6;889;4;0
6480;Приморский;вело;нет;493.1;340;4;1
6481;Заречный;вело;нет;71.7;926;3;0
6482;Приморский;вело;нет;38.6;588;5;1
6483;Заречный;вело;нет;74.5;534;2;0
6484;Центр;вело;нет;30.7;952;4;0
6485;Северный;авто;нет;36.6;408;4;0
6486;Центр;вело;нет;33.8;2316;3;0
6487;Северный;вело;нет;37.9;666;4;0
6488;Центр;авто;нет;25.2;989;4;1
6489;Северный;авто;нет;32.5;570;5;1
6490;Северный;вело;нет;37.4;946;4;1
6491;Заречный;авто;да;54.0;1227;3;0
6492;Заречный;пеший;нет;67.6;812;2;0
6493;Заречный;вело;нет;58.1;584;4;0
6494;Северный;пеший;нет;51.3;804;3;0
6495;Приморский;авто;да;48.2;796;3;0
6496;Приморский;авто;нет;30.8;567;5;1
6497;Северный;пеший;нет;28.1;917;4;0
6498;Приморский;авто;нет;37.2;963;4;0
6499;Приморский;авто;да;32.8;1422;4;0
6500;Северный;авто;нет;41.7;1273;4;0
6501;Северный;вело;нет;26.4;800;5;1
6502;Северный;авто;нет;34.3;1746;4;1
6503;Приморский;авто;да;35.4;319;3;0
6504;Заречный;пеший;нет;53.9;680;3;0
6505;Приморский;вело;да;38.2;806;4;0
6506;Заречный;пеший;нет;48.7;1003;3;0
6507;Заречный;пеший;нет;77.7;787;1;0
6508;Северный;авто;да;38.0;607;3;1
6509;Северный;вело;да;35.7;1236;4;0
6510;Приморский;пеший;нет;27.9;796;4;1
6511;Северный;вело;нет;38.1;427;3;1
6512;Северный;вело;да;44.9;919;3;1
6513;Северный;вело;нет;41.4;465;3;0
6514;Приморский;вело;нет;29.0;561;4;0
6515;Приморский;пеший;нет;45.9;509;3;0
6516;Приморский;авто;нет;34.5;848;4;1
6517;Приморский;авто;нет;33.8;429;4;1
6518;Заречный;вело;нет;77.4;515;2;0
6519;Заречный;пеший;нет;74.5;556;2;0
6520;Приморский;вело;да;38.1;811;3;0
6521;Приморский;вело;нет;32.9;1000;5;1
6522;Заречный;пеший;да;51.4;1051;3;0
6523;Центр;пеший;да;31.6;510;4;0
6524;Приморский;пеший;нет;43.6;400;3;1
6525;Центр;пеший;нет;42.1;830;4;1
6526;Приморский;авто;нет;33.6;1564;4;0
6527;Центр;авто;да;41.5;917;3;1
6528;Центр;вело;нет;35.5;1105;4;0
6529;Заречный;пеший;нет;78.4;639;1;0
6530;Центр;вело;да;29.8;1046;4;1
6531;Северный;вело;нет;37.6;20053;4;1
6532;Центр;авто;да;27.8;501;4;1
6533;Центр;авто;нет;35.1;820;4;1
6534;Приморский;вело;да;39.2;441;4;1
6535;Центр;вело;нет;26.7;605;5;0
6536;Центр;вело;нет;27.4;657;5;0
6537;Заречный;вело;нет;74.5;1234;1;0
6538;Центр;вело;нет;38.3;1220;3;0
6539;Центр;вело;да;22.7;764;5;0
6540;Приморский;авто;нет;37.1;479;4;1
6541;Северный;авто;нет;35.8;621;4;1
6542;Приморский;пеший;нет;32.8;762;4;1
6543;Северный;вело;нет;35.7;439;4;0
6544;Северный;пеший;нет;38.6;1095;4;1
6545;Северный;вело;да;34.4;1264;5;1
6546;Заречный;пеший;да;59.4;901;3;1
6547;Центр;авто;нет;35.1;663;4;1
6548;Заречный;пеший;нет;42.3;614;3;0
6549;Северный;авто;да;33.1;1535;4;0
6550;Приморский;вело;нет;33.0;403;4;1
6551;Приморский;авто;нет;28.3;854;4;1
6552;Приморский;вело;да;28.7;363;4;1
6553;Приморский;авто;да;28.8;915;3;0
6554;Северный;авто;нет;27.7;386;5;0
6555;Заречный;пеший;нет;2.2;2167;1;1
6556;Приморский;вело;да;41.0;828;5;1
6557;Центр;пеший;да;35.9;461;4;0
6558;Центр;пеший;нет;37.5;609;4;1
6559;Северный;пеший;нет;37.5;1378;4;0
6560;Центр;авто;да;25.7;781;4;1
6561;Центр;авто;нет;22.2;1184;4;0
6562;Заречный;пеший;да;47.8;389;3;0
6563;Северный;авто;нет;23.8;238;4;1
6564;Заречный;авто;да;55.6;444;3;1
6565;Центр;авто;нет;26.2;1663;4;1
6566;Северный;авто;нет;39.8;947;4;0
6567;Приморский;авто;нет;333.9;636;5;1
6568;Северный;вело;нет;38.1;758;3;0
6569;Центр;вело;да;48.5;623;3;0
6570;Приморский;вело;да;45.0;694;4;0
6571;Центр;вело;да;30.4;1432;4;1
6572;Центр;вело;нет;31.4;1377;4;1
6573;Центр;авто;да;1.5;844;4;0
6574;Северный;авто;нет;29.5;533;4;1
6575;Северный;вело;да;39.8;653;4;1
6576;Северный;вело;нет;35.6;1132;4;1
6577;Приморский;вело;нет;22.9;934;4;1
6578;Приморский;авто;да;26.1;1082;4;0
6579;Центр;авто;нет;27.5;431;4;1
6580;Заречный;авто;нет;64.0;354;3;0
6581;Заречный;авто;нет;75.7;720;1;0
6582;Северный;вело;нет;40.1;809;4;0
6583;Северный;вело;да;32.4;648;4;0
6584;Северный;авто;нет;0.6;717;4;0
6585;Центр;вело;нет;304.8;826;4;0
6586;Центр;авто;нет;34.3;1068;4;0
6587;Приморский;авто;да;38.1;1143;4;1
6588;Приморский;вело;да;38.2;518;4;1
6589;Центр;авто;да;22.4;575;4;0
6590;Северный;авто;нет;35.4;419;3;0
6591;Приморский;вело;да;37.1;166;3;1
6592;Центр;авто;да;25.6;846;4;0
6593;Центр;вело;да;29.8;619;5;1
6594;Центр;вело;нет;31.8;299;3;1
6595;Заречный;пеший;нет;57.9;915;4;0
6596;Заречный;авто;нет;59.6;925;3;1
6597;Приморский;вело;нет;25.9;1134;4;1
6598;Северный;авто;нет;33.5;481;4;0
6599;Центр;пеший;нет;41.5;979;3;0
6600;Центр;пеший;нет;40.5;472;3;0
6601;Центр;вело;нет;34.3;502;4;1
6602;Северный;пеший;нет;38.9;579;3;0
6603;Центр;вело;нет;30.9;290;4;0
6604;Приморский;вело;нет;30.5;794;4;1
6605;Приморский;вело;нет;32.9;690;4;0
6606;Центр;авто;нет;27.5;1124;4;1
6607;Северный;авто;нет;30.5;368;3;1
6608;Приморский;вело;да;31.9;399;4;1
6609;Центр;вело;нет;40.8;571;4;0
6610;Приморский;авто;нет;30.7;947;5;1
6611;Северный;авто;нет;23.6;1399;3;1
6612;Северный;вело;да;35.0;519;4;1
6613;Приморский;пеший;нет;41.3;329;4;0
6614;Центр;авто;нет;28.8;756;4;1
6615;Центр;пеший;да;35.7;876;4;0
6616;Центр;авто;нет;22.7;752;4;0
6617;Приморский;пеший;да;50.2;962;3;0
6618;Центр;вело;нет;41.4;647;3;0
6619;Центр;пеший;нет;38.8;478;3;0
6620;Центр;вело;нет;23.5;1079;4;0
6621;Центр;авто;нет;32.4;634;3;1
6622;Северный;вело;нет;39.1;1780;4;0
6623;Приморский;пеший;нет;42.7;761;3;0
6624;Северный;авто;да;29.2;1025;3;0
6625;Центр;авто;нет;40.0;773;4;0
6626;Приморский;авто;нет;39.2;1027;4;1
6627;Центр;авто;да;41.3;1352;4;1
6628;Центр;вело;да;29.8;9934;3;1
6629;Приморский;авто;нет;39.7;1069;4;0
6630;Центр;вело;нет;33.5;569;4;1
6631;Северный;пеший;нет;42.2;961;4;1
6632;Центр;пеший;нет;39.3;658;3;1
6633;Заречный;пеший;нет;45.6;1111;3;0
6634;Заречный;пеший;нет;57.6;1015;3;0
6635;Заречный;пеший;нет;53.3;297;2;0
6636;Заречный;пеший;нет;61.8;772;3;0
6637;Центр;авто;да;25.8;547;4;0
6638;Северный;вело;да;37.3;1107;4;0
6639;Заречный;пеший;нет;76.4;758;1;1
6640;Центр;авто;нет;2.1;417;3;0
6641;Северный;авто;нет;33.2;1619;5;1
6642;Приморский;авто;да;22.9;336;4;0
6643;Приморский;вело;нет;32.3;599;4;1
6644;Северный;авто;нет;28.6;738;4;1
6645;Заречный;пеший;нет;66.8;426;2;0
6646;Центр;вело;нет;28.7;1589;5;0
6647;Заречный;пеший;нет;57.5;1183;2;1
6648;Центр;вело;нет;38.6;559;4;1
6649;Центр;авто;нет;40.1;814;4;0
6650;Центр;авто;нет;29.5;11870;4;1
6651;Заречный;пеший;нет;69.3;723;2;0
6652;Центр;вело;нет;33.4;1240;5;1
6653;Центр;пеший;да;44.4;621;4;0
6654;Приморский;авто;нет;33.0;504;3;0
6655;Северный;авто;нет;33.7;715;5;0
6656;Заречный;пеший;нет;79.9;519;1;0
6657;Центр;авто;да;43.9;911;4;0
6658;Центр;авто;нет;31.8;796;4;1
6659;Приморский;вело;да;33.1;1234;4;1
6660;Центр;авто;нет;30.1;691;4;1
6661;Приморский;пеший;нет;36.6;877;3;0
6662;Северный;авто;нет;44.4;17751;3;1
6663;Заречный;пеший;нет;59.4;1011;3;0
6664;Заречный;пеший;нет;53.7;833;3;0
6665;Приморский;вело;нет;436.4;732;4;0
6666;Заречный;пеший;нет;56.9;695;3;0
6667;Северный;авто;нет;37.0;1683;3;1
6668;Заречный;пеший;нет;69.4;913;2;0
6669;Северный;авто;нет;36.5;505;4;0
6670;Заречный;вело;нет;44.8;880;3;0
6671;Приморский;пеший;нет;24.5;742;4;1
6672;Северный;вело;нет;40.7;521;3;0
6673;Северный;авто;да;1.2;805;4;1
6674;Приморский;вело;нет;34.8;657;4;1
6675;Северный;вело;нет;40.4;729;3;0
6676;Центр;пеший;нет;35.0;511;3;0
6677;Приморский;вело;да;43.8;525;3;1
6678;Заречный;пеший;нет;59.6;696;3;1
6679;Центр;авто;да;26.4;829;4;0
6680;Приморский;авто;нет;29.4;670;4;1
6681;Центр;пеший;нет;26.2;518;4;0
6682;Центр;вело;да;26.6;661;4;1
6683;Северный;авто;нет;28.2;945;5;1
6684;Северный;вело;нет;30.9;763;4;0
6685;Северный;вело;нет;24.5;939;4;1
6686;Приморский;пеший;да;32.8;1051;4;0
6687;Центр;вело;нет;23.6;534;4;0
6688;Приморский;вело;нет;38.8;755;4;0
6689;Северный;авто;да;38.6;1385;4;0
6690;Заречный;пеший;да;51.2;881;3;0
6691;Центр;вело;да;33.1;1274;4;0
6692;Северный;пеший;нет;35.7;530;4;0
6693;Северный;авто;да;33.6;1567;4;0
6694;Центр;авто;да;30.7;1290;4;0
6695;Северный;пеший;нет;43.6;554;4;0
6696;Центр;вело;нет;19.2;508;5;1
6697;Центр;вело;нет;30.6;1187;4;1
6698;Центр;пеший;нет;35.9;582;3;0
6699;Приморский;вело;нет;1.8;1023;3;1
6700;Северный;вело;нет;35.7;510;3;1
6701;Заречный;вело;нет;59.4;1058;3;0
6702;Центр;авто;да;32.2;1136;4;1
6703;Северный;авто;нет;36.4;775;4;0
6704;Северный;вело;да;34.9;373;4;0
6705;Приморский;вело;нет;37.4;827;4;1
6706;Северный;вело;нет;39.1;1208;4;0
6707;Северный;пеший;нет;40.9;364;3;0
6708;Заречный;пеший;нет;73.0;689;2;0
6709;Центр;вело;нет;34.8;1159;3;0
6710;Центр;вело;нет;32.9;660;4;0
6711;Центр;пеший;да;34.8;770;5;0
6712;Северный;вело;да;33.3;608;3;0
6713;Центр;авто;нет;32.7;567;4;1
6714;Заречный;авто;да;55.5;1098;3;0
6715;Заречный;вело;да;67.8;832;2;0
6716;Центр;авто;да;26.9;307;4;0
6717;Приморский;вело;нет;33.4;647;4;0
6718;Заречный;авто;да;54.6;1074;3;0
6719;Заречный;вело;нет;68.2;611;2;0
6720;Приморский;авто;нет;21.4;246;4;0
6721;Центр;вело;нет;35.5;541;4;1
6722;Центр;вело;нет;25.5;1075;4;1
6723;Центр;авто;да;40.7;812;3;0
6724;Центр;пеший;да;40.8;1047;4;1
6725;Северный;авто;да;29.5;459;4;0
6726;Северный;вело;нет;36.3;959;3;0
6727;Северный;вело;нет;38.8;574;4;1
6728;Заречный;пеший;да;57.1;16424;3;1
6729;Приморский;вело;нет;40.1;553;4;0
6730;Заречный;вело;нет;65.0;886;3;0
6731;Северный;авто;нет;43.7;1409;2;0
6732;Центр;вело;нет;25.0;1573;4;0
6733;Северный;авто;да;29.8;870;4;1
6734;Приморский;вело;нет;387.3;1159;4;1
6735;Приморский;авто;да;34.1;344;3;1
6736;Северный;авто;нет;48.9;353;4;0
6737;Центр;вело;нет;28.8;547;4;1
6738;Северный;пеший;нет;50.1;828;3;0
6739;Приморский;пеший;нет;43.4;794;3;0
6740;Заречный;пеший;нет;74.3;1634;2;0
6741;Заречный;пеший;нет;71.2;581;3;1
6742;Центр;вело;да;31.8;1028;3;0
6743;Центр;вело;нет;23.9;890;3;1
6744;Приморский;авто;да;34.6;293;4;0
6745;Северный;пеший;да;42.9;944;4;1
6746;Северный;авто;нет;28.2;952;4;0
6747;Северный;авто;нет;26.4;461;4;0
6748;Приморский;пеший;нет;38.3;787;3;0
6749;Приморский;пеший;нет;42.3;846;4;0
6750;Приморский;авто;да;27.5;755;4;0
6751;Центр;вело;нет;25.2;764;4;0
6752;Приморский;авто;нет;27.0;690;4;0
6753;Заречный;пеший;да;69.5;1013;3;0
6754;Заречный;пеший;нет;50.4;747;3;0
6755;Приморский;авто;нет;29.1;781;4;0
6756;Заречный;вело;нет;64.3;904;3;0
6757;Приморский;вело;да;37.3;685;4;1
6758;Центр;авто;да;31.8;951;4;1
6759;Приморский;вело;нет;27.4;348;5;1
6760;Приморский;вело;нет;26.9;961;5;0
6761;Северный;вело;да;43.0;865;3;0
6762;Заречный;вело;нет;1.9;553;4;0
6763;Заречный;вело;нет;51.2;893;3;0
6764;Приморский;пеший;нет;26.0;485;4;0
6765;Центр;вело;да;21.1;641;5;0
6766;Заречный;пеший;нет;71.6;416;1;0
6767;Приморский;вело;нет;32.1;713;4;0
6768;Северный;авто;нет;26.8;873;3;0
6769;Заречный;пеший;да;65.5;674;3;0
6770;Северный;авто;да;33.5;1958;4;1
6771;Северный;пеший;нет;39.3;515;4;1
6772;Центр;вело;да;34.3;958;4;0
6773;Центр;авто;нет;34.4;642;4;1
6774;Приморский;пеший;нет;43.7;453;4;1
6775;Центр;пеший;нет;39.8;839;4;0
6776;Центр;вело;да;42.1;386;3;0
6777;Приморский;пеший;нет;46.4;1858;3;0
6778;Приморский;авто;да;1.4;689;3;0
6779;Приморский;авто;нет;34.3;962;5;1
6780;Приморский;пеший;нет;35.8;577;3;1
6781;Центр;вело;нет;45.3;520;4;0
6782;Заречный;пеший;да;42.5;419;3;1
6783;Заречный;вело;да;420.7;417;2;0
6784;Заречный;пеший;нет;57.9;1554;2;0
6785;Центр;вело;нет;25.4;813;4;0
6786;Приморский;авто;нет;38.5;384;4;1
6787;Центр;вело;нет;35.8;989;3;1
6788;Северный;вело;нет;35.9;643;4;0
6789;Заречный;вело;да;50.4;1027;3;1
6790;Северный;авто;нет;44.2;239;3;0
6791;Приморский;вело;нет;37.5;765;4;0
6792;Приморский;пеший;нет;34.0;570;4;0
6793;Заречный;вело;да;56.4;813;3;0
6794;Приморский;авто;нет;39.4;1212;4;0
6795;Северный;авто;нет;22.1;16180;5;0
6796;Заречный;пеший;нет;2.3;1942;2;0
6797;Приморский;вело;нет;29.2;670;3;1
6798;Приморский;вело;нет;27.4;659;4;1
6799;Центр;вело;да;2.0;972;5;0
6800;Центр;пеший;нет;32.4;12416;4;0
6801;Заречный;вело;нет;72.2;650;2;0
6802;Центр;авто;да;36.0;441;4;0
6803;Приморский;вело;да;30.4;398;4;0
6804;Северный;пеший;нет;42.0;377;3;0
6805;Северный;авто;да;34.9;447;4;0
6806;Центр;пеший;да;33.1;436;4;1
6807;Северный;вело;да;26.3;772;5;0
6808;Северный;авто;да;36.9;985;4;0
6809;Центр;вело;да;36.4;389;4;1
6810;Центр;авто;нет;29.7;1204;4;0
6811;Заречный;авто;нет;41.9;606;3;0
6812;Приморский;авто;нет;22.9;1093;4;0
6813;Заречный;авто;да;74.5;841;2;0
6814;Заречный;вело;нет;57.2;656;2;1
6815;Северный;вело;нет;38.5;650;4;0
6816;Заречный;пеший;да;79.1;1531;1;0
6817;Северный;вело;нет;282.9;849;3;0
6818;Северный;вело;нет;38.5;385;3;0
6819;Заречный;пеший;нет;55.3;496;3;0
6820;Приморский;вело;нет;35.7;354;4;0
6821;Заречный;пеший;нет;49.4;524;3;0
6822;Приморский;авто;да;25.4;776;5;0
6823;Приморский;вело;да;45.0;1357;3;0
6824;Центр;авто;нет;30.4;1381;4;0
6825;Центр;вело;нет;37.6;541;4;0
6826;Северный;вело;да;32.1;1560;5;1
6827;Северный;пеший;нет;32.5;1054;4;0
6828;Заречный;вело;нет;70.6;653;2;0
6829;Центр;пеший;да;42.7;709;3;0
6830;Приморский;вело;нет;37.0;625;5;1
6831;Центр;вело;нет;32.5;753;5;0
6832;Центр;пеший;да;39.7;636;5;0
6833;Приморский;вело;нет;27.0;774;4;0
6834;Северный;авто;нет;36.5;872;3;0
6835;Северный;авто;нет;25.7;331;5;0
6836;Северный;авто;да;26.3;1126;4;1
6837;Северный;вело;нет;36.8;437;4;1
6838;Приморский;пеший;да;36.0;1074;4;0
6839;Северный;вело;нет;20.5;1049;4;1
6840;Северный;вело;нет;42.6;439;4;0
6841;Приморский;пеший;да;43.2;962;4;0
6842;Приморский;авто;нет;23.1;524;4;0
6843;Заречный;пеший;нет;80.4;898;2;0
6844;Приморский;вело;да;28.2;1161;5;0
6845;Центр;вело;да;40.8;514;4;1
6846;Приморский;вело;нет;36.1;654;4;1
6847;Центр;вело;нет;37.8;367;4;0
6848;Северный;авто;нет;25.0;10837;5;0
6849;Центр;вело;нет;32.8;1222;4;1
6850;Центр;пеший;да;35.0;811;3;0
6851;Приморский;авто;нет;18.1;355;5;1
6852;Заречный;вело;да;55.2;424;3;1
6853;Северный;вело;нет;30.4;688;5;0
6854;Центр;пеший;да;35.7;1089;4;0
6855;Центр;авто;да;25.1;947;5;0
6856;Центр;вело;да;37.1;1009;4;0
6857;Заречный;пеший;нет;56.1;1102;2;0
6858;Приморский;авто;да;33.5;355;3;0
6859;Северный;вело;нет;31.3;783;4;0
6860;Приморский;вело;нет;35.7;785;4;0
6861;Центр;вело;да;29.3;1149;5;0
6862;Заречный;пеший;нет;70.3;702;1;0
6863;Северный;вело;нет;35.6;367;4;0
6864;Центр;авто;нет;30.1;646;4;0
6865;Центр;авто;нет;35.3;10016;3;1
6866;Северный;пеший;да;28.5;822;4;0
6867;Заречный;пеший;да;65.3;641;2;1
6868;Северный;авто;нет;34.6;20392;3;1
6869;Центр;пеший;нет;33.7;980;4;1
6870;Центр;пеший;нет;27.7;811;4;0
6871;Центр;авто;нет;29.1;487;4;1
6872;Центр;авто;нет;27.4;814;4;1
6873;Центр;авто;нет;32.7;724;4;0
6874;Северный;авто;нет;34.4;796;4;0
6875;Северный;пеший;нет;31.0;707;4;1
6876;Северный;вело;да;37.7;419;4;0
6877;Северный;авто;да;35.5;662;4;0
6878;Центр;пеший;нет;37.8;994;4;1
6879;Приморский;авто;да;41.2;813;4;0
6880;Центр;авто;нет;12.9;1428;5;0
6881;Центр;авто;да;34.9;1079;4;1
6882;Северный;вело;нет;37.6;808;3;0
6883;Заречный;пеший;нет;59.6;291;4;1
6884;Приморский;авто;нет;28.8;686;5;0
6885;Центр;вело;да;30.7;565;4;0
6886;Северный;вело;нет;34.7;427;5;1
6887;Центр;вело;нет;31.8;1012;4;0
6888;Центр;вело;да;28.8;853;3;0
6889;Северный;авто;да;33.6;571;3;0
6890;Северный;авто;нет;34.4;867;4;0
6891;Приморский;авто;нет;22.2;1094;4;0
6892;Северный;пеший;нет;43.2;610;3;0
6893;Северный;вело;нет;37.4;526;3;0
6894;Северный;авто;да;30.6;1292;3;0
6895;Центр;вело;нет;27.5;497;4;1
6896;Центр;вело;нет;35.0;795;5;1
6897;Приморский;вело;да;32.7;673;4;0
6898;Центр;вело;нет;31.8;558;4;0
6899;Заречный;вело;нет;51.1;1150;4;1
6900;Приморский;пеший;да;42.0;336;3;0
6901;Северный;пеший;нет;31.2;1439;4;0
6902;Центр;вело;нет;41.8;802;4;0
6903;Северный;авто;нет;21.8;1224;5;1
6904;Заречный;авто;нет;2.2;1209;3;0
6905;Северный;вело;нет;32.2;616;4;0
6906;Центр;авто;нет;36.1;776;4;0
6907;Центр;авто;нет;29.9;488;4;0
6908;Северный;вело;нет;35.0;889;4;1
6909;Заречный;вело;нет;52.8;505;3;1
6910;Северный;вело;да;32.7;1019;3;0
6911;Центр;авто;да;31.8;768;3;0
6912;Приморский;вело;да;25.4;1167;4;1
6913;Приморский;вело;нет;28.6;773;5;0
6914;Северный;вело;нет;52.0;262;3;0
6915;Приморский;авто;да;41.8;17743;3;0
6916;Центр;авто;нет;35.5;715;4;1
6917;Центр;вело;да;26.7;548;4;1
6918;Северный;авто;да;25.8;418;4;0
6919;Заречный;вело;да;50.1;409;3;1
6920;Заречный;вело;да;43.1;459;4;1
6921;Центр;авто;нет;29.2;520;5;1
6922;Центр;вело;нет;35.1;1058;4;0
6923;Центр;вело;нет;42.2;1123;4;0
6924;Заречный;вело;да;50.1;784;3;0
6925;Центр;вело;нет;27.0;512;4;0
6926;Центр;авто;нет;27.2;644;4;0
6927;Центр;авто;да;23.0;980;4;1
6928;Приморский;вело;да;30.4;639;4;0
6929;Центр;авто;да;36.2;597;4;0
6930;Центр;авто;нет;26.1;880;4;0
6931;Центр;вело;нет;34.3;554;3;0
6932;Центр;вело;нет;27.1;1776;5;1
6933;Приморский;авто;нет;25.0;1148;4;0
6934;Заречный;пеший;нет;79.6;756;1;0
6935;Приморский;авто;нет;11.0;704;5;0
6936;Северный;авто;нет;30.7;798;4;1
6937;Северный;авто;да;30.3;883;5;0
6938;Северный;авто;нет;37.1;520;3;0
6939;Заречный;пеший;да;74.2;16555;2;0
6940;Северный;вело;нет;47.1;551;4;0
6941;Приморский;авто;да;37.3;747;4;1
6942;Заречный;вело;да;43.8;633;4;1
6943;Северный;пеший;нет;36.9;767;4;1
6944;Приморский;авто;нет;1.3;1357;5;0
6945;Центр;авто;да;25.3;1349;4;0
6946;Центр;пеший;да;39.9;894;4;1
6947;Северный;пеший;да;39.8;916;3;1
6948;Северный;пеший;да;38.6;882;5;1
6949;Заречный;авто;нет;71.9;2073;1;0
6950;Центр;авто;нет;23.8;1003;4;1
6951;Приморский;авто;нет;29.0;1828;4;0
6952;Заречный;вело;да;48.8;1291;4;0
6953;Северный;авто;нет;34.9;619;4;1
6954;Приморский;вело;нет;37.4;640;4;0
6955;Северный;авто;нет;35.0;467;4;0
6956;Приморский;авто;нет;36.9;1778;3;0
6957;Центр;авто;да;21.8;1044;5;0
6958;Центр;вело;нет;35.1;370;3;0
6959;Приморский;вело;да;33.0;552;4;0
6960;Северный;пеший;да;38.3;1082;3;0
6961;Приморский;авто;да;33.2;893;4;1
6962;Центр;вело;нет;47.8;485;3;0
6963;Северный;вело;да;45.3;1339;4;0
6964;Приморский;вело;нет;16.7;1140;4;1
6965;Приморский;пеший;да;44.8;922;4;1
6966;Северный;авто;нет;35.7;1383;4;1
6967;Северный;авто;нет;30.1;16880;4;0
6968;Заречный;вело;нет;52.5;1201;3;0
6969;Приморский;вело;нет;33.8;616;4;0
6970;Центр;авто;нет;24.8;982;5;1
6971;Заречный;вело;да;2.4;1089;3;0
6972;Центр;авто;да;30.7;406;4;1
6973;Северный;вело;нет;40.7;709;4;1
6974;Центр;авто;нет;23.7;584;5;1
6975;Заречный;пеший;да;48.5;414;3;0
6976;Центр;вело;да;19.6;545;4;1
6977;Заречный;вело;нет;45.4;1177;4;0
6978;Приморский;авто;нет;24.1;562;4;0
6979;Северный;вело;да;31.6;1467;5;1
6980;Заречный;авто;нет;66.0;889;4;0
6981;Заречный;пеший;нет;75.6;315;3;0
6982;Приморский;авто;нет;30.1;8590;3;1
6983;Центр;вело;нет;24.4;615;5;1
6984;Центр;авто;нет;27.9;823;4;0
6985;Центр;вело;нет;28.5;975;5;0
6986;Приморский;пеший;да;33.4;1547;4;1
6987;Центр;авто;да;32.8;694;4;1
6988;Приморский;вело;да;35.7;1395;4;1
6989;Северный;вело;нет;458.6;535;3;1
6990;Приморский;вело;нет;39.0;1304;4;0
6991;Северный;авто;да;38.4;660;4;1
6992;Приморский;вело;да;34.0;1038;3;0
6993;Северный;авто;нет;34.7;628;4;0
6994;Северный;пеший;нет;38.1;667;2;1
6995;Приморский;авто;нет;21.7;411;5;0
6996;Северный;вело;нет;2.0;719;4;0
6997;Северный;пеший;да;45.2;768;3;0
6998;Северный;авто;да;28.2;464;4;1
6999;Приморский;авто;нет;40.1;709;3;0
7000;Заречный;авто;нет;55.8;450;2;0
