employee_id;department;grade;education;city;gender;remote;age;experience;performance;salary;bonus
1000;Маркетинг;Junior;Бакалавр;Москва;Ж;Нет;26;0;4;77221;11632
1001;Инженерия;Middle;Бакалавр;Москва;Ж;Да;33;3;5;151093;7784
1002;Инженерия;Senior;Магистр;Москва;М;Нет;36;7;5;326473;9410
1003;Инженерия;Junior;PhD;Москва;М;Да;23;0;5;124353;8475
1004;Финансы;Middle;Бакалавр;Москва;Ж;Нет;34;5;4;146694;32831
1005;Поддержка;Middle;PhD;Екатеринбург;Ж;Нет;31;5;3;138531;19128
1006;Маркетинг;Senior;Бакалавр;Москва;М;Да;33;8;3;155849;11869
1007;HR;Junior;Магистр;Москва;Ж;Да;26;0;4;83692;5247
1008;Маркетинг;Junior;Бакалавр;Москва;М;Да;24;2;3;105856;27013
1009;Поддержка;Junior;Бакалавр;Москва;Ж;Да;30;1;4;76374;15643
1010;Финансы;Middle;Бакалавр;Москва;М;Нет;29;3;3;155606;227
1011;Инженерия;Senior;Бакалавр;Москва;М;Да;30;5;3;229351;66751
1012;Финансы;Middle;Бакалавр;Москва;М;Нет;33;5;4;163245;38076
1013;Инженерия;Middle;Бакалавр;Екатеринбург;Ж;Нет;27;4;2;134984;32762
1014;HR;Junior;Бакалавр;Санкт-Петербург;М;Нет;27;2;4;47884;1340
1015;Инженерия;Middle;Магистр;Новосибирск;Ж;Нет;25;2;4;161273;31506
1016;Финансы;Junior;Бакалавр;Новосибирск;М;Нет;28;0;4;84341;9496
1017;Маркетинг;Junior;Бакалавр;Москва;Ж;Да;32;2;5;76467;9883
1018;Инженерия;Lead;Бакалавр;Москва;М;Да;37;13;3;543403;67157
1019;Продажи;Junior;Магистр;Казань;Ж;Нет;27;0;4;87874;11158
1020;Инженерия;Junior;Бакалавр;Новосибирск;Ж;Нет;27;0;3;102956;1478
1021;Инженерия;Junior;Магистр;Москва;Ж;Нет;22;0;3;88849;2972
1022;HR;Middle;Магистр;Новосибирск;М;Да;26;2;3;134729;34854
1023;Маркетинг;Junior;Магистр;Москва;Ж;Нет;28;2;4;100557;1467
1024;Маркетинг;Senior;Бакалавр;Санкт-Петербург;М;Нет;34;5;4;225392;46242
1025;Продажи;Senior;Магистр;Екатеринбург;Ж;Нет;33;4;5;358873;98529
1026;Поддержка;Middle;Магистр;Москва;Ж;Нет;24;0;4;129984;23434
1027;Поддержка;Senior;Магистр;Санкт-Петербург;М;Да;37;9;5;132943;14216
1028;HR;Junior;Магистр;Москва;Ж;Да;23;0;4;97200;3966
1029;HR;Middle;Бакалавр;Екатеринбург;Ж;Нет;30;4;2;101800;24975
1030;HR;Middle;Магистр;Екатеринбург;Ж;Да;35;5;3;116709;14894
1031;Продажи;Junior;PhD;Москва;М;Да;28;1;3;88744;14130
1032;Инженерия;Junior;Магистр;Москва;М;Нет;23;1;3;119320;18182
1033;HR;Middle;PhD;Москва;Ж;Да;33;6;4;235822;62390
1034;Маркетинг;Lead;Бакалавр;Санкт-Петербург;М;Да;36;12;3;460715;100442
1035;Продажи;Senior;Бакалавр;Санкт-Петербург;М;Нет;30;8;5;252030;45274
1036;Продажи;Middle;Магистр;Москва;Ж;Нет;35;8;4;191778;55387
1037;Поддержка;Junior;Магистр;Новосибирск;М;Нет;30;0;4;73895;17259
1038;Поддержка;Junior;Бакалавр;Москва;М;Да;29;0;3;86267;8546
1039;Продажи;Junior;Бакалавр;Москва;М;Нет;25;2;4;136611;17638
1040;Маркетинг;Middle;Бакалавр;Екатеринбург;Ж;Нет;33;5;5;116139;18855
1041;Продажи;Middle;Бакалавр;Москва;М;Нет;28;4;3;185893;41535
1042;Маркетинг;Middle;Магистр;Казань;Ж;Да;33;4;3;127577;18850
1043;Продажи;Middle;Магистр;Новосибирск;Ж;Да;26;3;5;142239;34021
1044;Продажи;Middle;Бакалавр;Москва;Ж;Да;34;4;4;166190;9536
1045;Поддержка;Middle;Магистр;Москва;М;Нет;32;6;3;167274;40479
1046;Инженерия;Junior;Бакалавр;Санкт-Петербург;М;Нет;29;1;5;125461;29153
1047;Маркетинг;Lead;Магистр;Москва;М;Да;39;11;4;404985;46491
1048;Инженерия;Junior;PhD;Москва;Ж;Нет;22;0;4;154838;6285
1049;Финансы;Junior;Магистр;Москва;Ж;Нет;24;0;4;91300;19443
1050;Финансы;Junior;Магистр;Москва;М;Нет;27;2;3;150715;34571
1051;Инженерия;Junior;Магистр;Санкт-Петербург;М;Нет;25;3;4;117951;8336
1052;Финансы;Senior;Бакалавр;Новосибирск;М;Да;37;7;4;186580;37281
1053;Инженерия;Junior;Бакалавр;Екатеринбург;Ж;Нет;32;4;5;57378;10140
1054;Продажи;Junior;Бакалавр;Москва;Ж;Нет;24;0;5;86173;17046
1055;Инженерия;Junior;Магистр;Екатеринбург;Ж;Да;24;0;5;115072;21117
1056;Продажи;Lead;Магистр;Новосибирск;М;Нет;41;12;5;291539;26376
1057;Финансы;Junior;Бакалавр;Новосибирск;Ж;Нет;25;2;3;78397;18936
1058;Инженерия;Senior;Магистр;Санкт-Петербург;М;Нет;38;8;5;289957;46321
1059;Инженерия;Lead;Магистр;Санкт-Петербург;М;Нет;37;13;4;495814;83874
1060;Продажи;Senior;Магистр;Москва;Ж;Да;29;5;5;328037;94969
1061;Инженерия;Junior;Бакалавр;Екатеринбург;М;Нет;28;2;3;78403;7384
1062;Инженерия;Middle;Магистр;Новосибирск;Ж;Да;33;3;4;183447;10684
1063;Маркетинг;Senior;Магистр;Москва;Ж;Да;32;5;4;304731;20402
1064;Инженерия;Senior;PhD;Москва;Ж;Нет;35;8;4;342293;44778
1065;HR;Senior;Бакалавр;Санкт-Петербург;М;Да;32;8;4;298045;9115
1066;Инженерия;Middle;Магистр;Санкт-Петербург;М;Нет;32;6;5;193427;21318
1067;Поддержка;Middle;Бакалавр;Москва;М;Нет;29;3;3;104786;11367
1068;Продажи;Middle;Бакалавр;Москва;М;Да;36;9;5;260037;10316
1069;Инженерия;Junior;Бакалавр;Москва;М;Нет;28;3;5;156200;16754
1070;Маркетинг;Senior;PhD;Новосибирск;Ж;Нет;38;10;4;277459;37471
1071;Поддержка;Junior;Бакалавр;Москва;М;Да;22;0;4;118975;3064
1072;Продажи;Senior;Магистр;Санкт-Петербург;М;Да;28;4;4;216115;44794
1073;Поддержка;Junior;Бакалавр;Москва;М;Да;30;1;1;90952;20753
1074;Продажи;Middle;Магистр;Москва;М;Нет;32;6;5;144999;22102
1075;Продажи;Middle;Бакалавр;Санкт-Петербург;Ж;Да;32;6;3;221193;50353
1076;Маркетинг;Junior;Магистр;Москва;М;Нет;24;0;3;105106;12885
1077;Поддержка;Middle;Бакалавр;Москва;Ж;Да;34;7;1;172992;15842
1078;Поддержка;Senior;Бакалавр;Санкт-Петербург;М;Нет;33;5;4;154747;9726
1079;Продажи;Middle;Магистр;Москва;М;Да;28;2;3;176443;15630
1080;Финансы;Middle;Магистр;Москва;М;Нет;26;3;5;192621;15823
1081;Продажи;Senior;Бакалавр;Москва;М;Нет;37;9;2;290617;78111
1082;Маркетинг;Junior;Бакалавр;Москва;Ж;Нет;24;0;4;85736;16231
1083;Финансы;Lead;Бакалавр;Санкт-Петербург;Ж;Нет;43;15;4;535509;143997
1084;Продажи;Junior;Бакалавр;Санкт-Петербург;М;Да;27;0;4;115873;1779
1085;HR;Middle;Бакалавр;Санкт-Петербург;М;Да;29;7;3;176924;42912
1086;HR;Junior;PhD;Санкт-Петербург;М;Нет;23;1;3;95747;1034
1087;Поддержка;Lead;PhD;Екатеринбург;М;Нет;41;12;5;254761;20840
1088;Инженерия;Middle;Магистр;Москва;М;Да;33;4;4;205867;28516
1089;HR;Middle;PhD;Санкт-Петербург;Ж;Да;29;6;4;108190;28926
1090;Поддержка;Middle;Бакалавр;Москва;М;Да;30;3;4;143415;4220
1091;Поддержка;Junior;Бакалавр;Москва;М;Да;26;0;4;105979;21802
1092;Инженерия;Junior;Бакалавр;Санкт-Петербург;Ж;Нет;29;3;5;114523;19124
1093;Финансы;Lead;Магистр;Москва;Ж;Нет;43;15;3;618302;79616
1094;Поддержка;Junior;Бакалавр;Новосибирск;М;Да;34;4;5;60665;4291
1095;Поддержка;Junior;Магистр;Санкт-Петербург;Ж;Да;28;0;5;60696;6175
1096;Инженерия;Middle;Бакалавр;Москва;Ж;Нет;31;5;5;313396;36802
1097;Поддержка;Senior;Магистр;Москва;Ж;Нет;32;9;5;329428;95336
1098;Поддержка;Senior;Бакалавр;Санкт-Петербург;Ж;Нет;31;5;2;171778;2634
1099;Финансы;Senior;Бакалавр;Санкт-Петербург;М;Нет;33;9;3;253040;72232
1100;Продажи;Senior;Магистр;Санкт-Петербург;Ж;Да;37;9;5;247273;19414
1101;Инженерия;Junior;Бакалавр;Москва;Ж;Нет;31;5;5;143073;1547
1102;Финансы;Middle;PhD;Екатеринбург;Ж;Нет;32;2;5;148726;24536
1103;Поддержка;Senior;Бакалавр;Санкт-Петербург;Ж;Да;36;8;4;178666;38702
1104;Инженерия;Junior;Магистр;Новосибирск;М;Нет;36;6;3;153022;30501
1105;Маркетинг;Junior;Бакалавр;Москва;М;Нет;23;0;5;78867;22001
1106;Продажи;Middle;Бакалавр;Москва;Ж;Да;31;3;2;220279;39509
1107;Поддержка;Junior;Магистр;Санкт-Петербург;М;Нет;25;0;3;53637;12201
1108;Инженерия;Junior;Бакалавр;Санкт-Петербург;Ж;Нет;26;0;4;87388;19262
1109;HR;Middle;Бакалавр;Москва;Ж;Нет;32;6;5;139964;34780
1110;Маркетинг;Middle;Бакалавр;Екатеринбург;Ж;Нет;35;9;4;164993;27471
1111;Инженерия;Senior;Бакалавр;Москва;Ж;Нет;32;9;4;310307;478
1112;HR;Junior;Магистр;Новосибирск;М;Нет;27;3;5;87859;19141
1113;Инженерия;Middle;Магистр;Новосибирск;Ж;Нет;28;1;5;135683;14853
1114;Финансы;Middle;Магистр;Москва;Ж;Нет;28;3;2;181121;33029
1115;Маркетинг;Junior;Магистр;Новосибирск;М;Да;24;0;4;85452;23963
1116;Поддержка;Middle;Бакалавр;Екатеринбург;М;Да;26;2;5;77619;3360
1117;Инженерия;Middle;Бакалавр;Казань;М;Да;31;1;5;136374;39143
1118;Финансы;Junior;PhD;Москва;М;Да;24;2;4;107912;28132
1119;Инженерия;Junior;Бакалавр;Москва;Ж;Да;29;0;4;106609;1233
1120;Продажи;Junior;Магистр;Москва;Ж;Да;27;2;3;119789;10202
1121;Продажи;Junior;PhD;Санкт-Петербург;М;Нет;26;2;1;106384;22017
1122;Поддержка;Junior;PhD;Санкт-Петербург;Ж;Да;24;2;3;100774;9445
1123;Маркетинг;Junior;PhD;Москва;М;Нет;22;0;5;119809;19369
1124;Инженерия;Junior;Бакалавр;Москва;Ж;Да;30;4;3;101300;12823
1125;Инженерия;Middle;Бакалавр;Санкт-Петербург;Ж;Да;28;6;2;190320;53332
1126;Поддержка;Junior;Бакалавр;Екатеринбург;Ж;Да;33;4;2;56052;8529
1127;Инженерия;Junior;Бакалавр;Москва;М;Нет;33;4;4;90420;24560
1128;Инженерия;Junior;Бакалавр;Екатеринбург;М;Да;32;2;3;76297;16404
1129;Инженерия;Lead;Бакалавр;Санкт-Петербург;Ж;Да;44;16;4;546244;111244
1130;Маркетинг;Junior;Бакалавр;Екатеринбург;Ж;Нет;26;2;3;43813;7139
1131;Маркетинг;Junior;Бакалавр;Москва;Ж;Нет;28;0;4;92176;26293
1132;Финансы;Middle;Бакалавр;Екатеринбург;М;Да;26;3;3;177006;39999
1133;Маркетинг;Middle;PhD;Санкт-Петербург;М;Нет;27;4;3;174531;1243
1134;Инженерия;Middle;Бакалавр;Москва;Ж;Да;32;4;4;156917;40036
1135;Продажи;Senior;Бакалавр;Москва;М;Да;35;5;5;372062;10512
1136;Финансы;Lead;PhD;Казань;М;Нет;44;14;3;457115;86054
1137;Маркетинг;Middle;Магистр;Москва;М;Нет;32;7;3;240627;35139
1138;Поддержка;Middle;Бакалавр;Москва;Ж;Нет;32;3;3;116083;13868
1139;Продажи;Middle;Бакалавр;Санкт-Петербург;М;Да;36;9;1;226216;12048
1140;Маркетинг;Junior;Бакалавр;Санкт-Петербург;Ж;Да;28;0;1;62031;15591
1141;Маркетинг;Junior;Бакалавр;Новосибирск;Ж;Да;30;2;4;85299;15332
1142;Финансы;Middle;Бакалавр;Москва;М;Нет;35;6;5;134307;27871
1143;Инженерия;Middle;Бакалавр;Москва;М;Да;34;6;5;234787;34703
1144;Продажи;Junior;Бакалавр;Москва;Ж;Да;26;2;5;113818;4260
1145;Поддержка;Junior;Бакалавр;Москва;Ж;Нет;23;1;3;64168;5547
1146;Инженерия;Senior;Бакалавр;Санкт-Петербург;Ж;Да;37;9;4;365425;81043
1147;Финансы;Junior;Магистр;Москва;М;Да;25;0;4;100333;24570
1148;Продажи;Middle;Магистр;Москва;М;Да;31;3;5;163278;39094
1149;Финансы;Junior;Бакалавр;Новосибирск;М;Нет;27;0;4;74264;6840
1150;Инженерия;Middle;Бакалавр;Санкт-Петербург;М;Нет;30;5;4;182131;53336
1151;Продажи;Junior;Бакалавр;Санкт-Петербург;Ж;Да;26;4;3;137988;31276
1152;Инженерия;Junior;Бакалавр;Екатеринбург;Ж;Да;26;0;4;122664;27051
1153;HR;Middle;PhD;Москва;М;Нет;31;4;3;217714;54835
1154;Инженерия;Middle;Бакалавр;Москва;Ж;Да;33;8;4;179068;32332
1155;HR;Junior;Магистр;Новосибирск;М;Нет;25;1;3;58640;9333
1156;Поддержка;Middle;Бакалавр;Екатеринбург;Ж;Да;30;5;1;75908;22271
1157;Инженерия;Senior;Бакалавр;Санкт-Петербург;М;Да;34;8;4;220604;5655
1158;Финансы;Senior;Бакалавр;Екатеринбург;М;Нет;33;9;3;275704;11596
1159;Инженерия;Middle;Магистр;Москва;Ж;Да;28;1;5;206786;59947
1160;Продажи;Middle;Магистр;Новосибирск;Ж;Да;36;6;5;90304;12200
1161;Продажи;Senior;Бакалавр;Санкт-Петербург;Ж;Да;38;9;4;321676;39356
1162;Продажи;Junior;Бакалавр;Москва;М;Да;24;0;5;108533;28172
1163;Поддержка;Junior;PhD;Новосибирск;Ж;Нет;29;5;5;86712;22069
1164;Финансы;Lead;Бакалавр;Москва;М;Нет;38;13;5;530168;100378
1165;Продажи;Senior;Бакалавр;Санкт-Петербург;М;Нет;27;5;3;168042;17129
1166;Инженерия;Senior;Бакалавр;Новосибирск;М;Нет;32;8;5;302716;79008
1167;Финансы;Middle;Бакалавр;Новосибирск;Ж;Нет;34;6;1;158860;4904
1168;Поддержка;Junior;Магистр;Москва;М;Да;26;0;2;98558;19327
1169;Маркетинг;Senior;Магистр;Новосибирск;Ж;Нет;33;9;4;231392;52761
1170;Продажи;Senior;Магистр;Москва;Ж;Нет;31;8;3;260569;42754
1171;Поддержка;Lead;Бакалавр;Екатеринбург;Ж;Да;41;15;3;334035;58022
1172;Продажи;Junior;Бакалавр;Новосибирск;М;Нет;28;1;4;80455;23566
1173;Инженерия;Senior;Магистр;Москва;М;Нет;35;9;1;404135;72187
1174;Поддержка;Junior;Магистр;Санкт-Петербург;М;Да;32;3;4;69596;9318
1175;Финансы;Middle;Бакалавр;Казань;Ж;Нет;32;5;4;126794;32213
1176;HR;Lead;PhD;Москва;Ж;Да;40;14;3;299253;17534
1177;Поддержка;Junior;Бакалавр;Новосибирск;Ж;Да;27;1;4;42796;2289
1178;Поддержка;Lead;Бакалавр;Новосибирск;Ж;Да;40;14;3;273439;66753
1179;HR;Junior;Бакалавр;Санкт-Петербург;М;Да;34;4;5;41871;10038
1180;Финансы;Junior;Магистр;Санкт-Петербург;М;Нет;26;0;4;65194;3010
1181;Инженерия;Middle;Бакалавр;Москва;М;Да;34;5;3;189073;21235
1182;Инженерия;Senior;Бакалавр;Москва;М;Да;33;3;3;359207;54781
1183;HR;Lead;PhD;Москва;Ж;Нет;43;13;4;567333;97468
1184;HR;Senior;Бакалавр;Екатеринбург;Ж;Да;39;10;4;205786;5408
1185;Инженерия;Lead;Бакалавр;Санкт-Петербург;М;Нет;37;14;4;540034;31203
1186;Продажи;Middle;Бакалавр;Москва;М;Да;29;2;3;225311;44353
1187;Поддержка;Middle;Бакалавр;Москва;М;Да;29;4;5;226588;8210
1188;Маркетинг;Middle;Бакалавр;Санкт-Петербург;М;Да;27;4;3;147418;13209
1189;Маркетинг;Senior;Магистр;Екатеринбург;М;Нет;38;9;3;199493;12170
1190;Инженерия;Lead;Бакалавр;Москва;М;Нет;43;14;1;561351;7040
1191;Маркетинг;Middle;Бакалавр;Москва;Ж;Нет;31;2;3;112929;16937
1192;Маркетинг;Lead;Бакалавр;Санкт-Петербург;Ж;Да;46;17;3;380385;88279
1193;Инженерия;Middle;Бакалавр;Екатеринбург;М;Нет;24;2;4;175388;27154
1194;Поддержка;Senior;Бакалавр;Новосибирск;М;Да;39;10;1;227371;5092
1195;Маркетинг;Lead;Магистр;Санкт-Петербург;Ж;Нет;39;12;5;485113;131802
1196;Инженерия;Junior;Бакалавр;Екатеринбург;М;Да;31;3;5;90446;23328
1197;Финансы;Senior;Бакалавр;Москва;М;Нет;41;11;4;419374;17922
1198;Поддержка;Lead;PhD;Санкт-Петербург;Ж;Да;45;15;3;525474;35335
1199;Маркетинг;Senior;Магистр;Санкт-Петербург;Ж;Нет;35;8;4;288414;39312
1200;Продажи;Senior;Магистр;Екатеринбург;Ж;Нет;38;9;3;216467;36334
1201;Инженерия;Junior;Магистр;Казань;М;Нет;23;0;3;75856;4442
1202;HR;Middle;Бакалавр;Екатеринбург;М;Нет;30;3;3;108589;2100
1203;Инженерия;Middle;Бакалавр;Санкт-Петербург;Ж;Нет;34;6;3;151926;38136
1204;Маркетинг;Lead;Магистр;Казань;Ж;Нет;38;13;4;394133;85141
1205;Маркетинг;Junior;Магистр;Москва;М;Да;26;2;5;159034;40601
1206;Поддержка;Middle;Бакалавр;Санкт-Петербург;Ж;Нет;33;7;3;110304;9335
1207;Инженерия;Senior;Магистр;Екатеринбург;Ж;Нет;36;9;5;463016;866
1208;Продажи;Junior;Магистр;Санкт-Петербург;М;Нет;22;0;5;71248;10559
1209;HR;Senior;Магистр;Санкт-Петербург;Ж;Да;34;6;5;226591;28790
1210;Инженерия;Middle;Бакалавр;Санкт-Петербург;М;Нет;25;1;4;162108;21702
1211;Продажи;Lead;Магистр;Москва;М;Нет;39;11;4;510927;121868
1212;Инженерия;Senior;Магистр;Москва;Ж;Нет;32;6;4;386567;81918
1213;HR;Lead;PhD;Новосибирск;М;Нет;36;14;3;280789;57554
1214;Инженерия;Junior;Бакалавр;Москва;Ж;Да;26;0;4;100372;12859
1215;Продажи;Senior;Бакалавр;Екатеринбург;М;Да;32;7;2;369523;47300
1216;Финансы;Senior;Магистр;Москва;М;Нет;29;4;4;245737;25902
1217;Продажи;Lead;Бакалавр;Екатеринбург;Ж;Да;34;11;3;410266;97042
1218;Поддержка;Middle;Бакалавр;Санкт-Петербург;Ж;Да;26;4;3;119684;18652
1219;Финансы;Middle;Бакалавр;Екатеринбург;М;Нет;27;4;3;168099;47037
1220;Поддержка;Middle;Бакалавр;Москва;М;Нет;28;6;4;147499;11491
1221;Инженерия;Junior;Магистр;Новосибирск;М;Нет;26;1;4;67762;6589
1222;Инженерия;Lead;Магистр;Санкт-Петербург;Ж;Нет;39;16;5;441235;102630
1223;Инженерия;Senior;Магистр;Казань;М;Нет;33;4;2;306613;1897
1224;Финансы;Junior;PhD;Москва;М;Да;26;3;3;161769;17086
1225;Маркетинг;Lead;Бакалавр;Санкт-Петербург;Ж;Да;35;12;3;457227;135896
1226;Продажи;Senior;Магистр;Новосибирск;Ж;Нет;35;10;5;241861;28816
1227;Инженерия;Junior;Бакалавр;Новосибирск;Ж;Нет;29;3;3;89651;1301
1228;HR;Lead;Магистр;Новосибирск;Ж;Нет;37;14;1;364924;49033
1229;Продажи;Junior;Бакалавр;Екатеринбург;Ж;Нет;23;0;3;58365;3786
1230;HR;Junior;Магистр;Казань;М;Да;25;2;4;76462;4776
1231;Продажи;Junior;Магистр;Новосибирск;Ж;Нет;27;3;3;56649;12956
1232;Маркетинг;Senior;Бакалавр;Санкт-Петербург;Ж;Да;37;7;2;318534;23129
1233;Финансы;Junior;PhD;Новосибирск;М;Нет;27;2;5;83056;4516
1234;Инженерия;Junior;Бакалавр;Казань;Ж;Нет;27;3;5;99627;13398
1235;Маркетинг;Middle;PhD;Москва;М;Да;29;4;3;215002;56069
1236;Инженерия;Lead;Магистр;Новосибирск;М;Нет;37;11;2;302186;80365
1237;Финансы;Junior;Бакалавр;Санкт-Петербург;Ж;Нет;24;0;4;86140;21009
1238;Продажи;Senior;Магистр;Новосибирск;М;Нет;36;8;4;205335;10548
1239;Поддержка;Junior;Магистр;Москва;Ж;Нет;25;3;4;88201;19008
1240;Инженерия;Senior;PhD;Москва;Ж;Да;33;8;4;293084;42143
1241;Поддержка;Junior;Бакалавр;Екатеринбург;Ж;Нет;25;0;4;67947;17345
1242;Финансы;Junior;Магистр;Новосибирск;М;Нет;30;3;4;105403;30554
1243;Продажи;Lead;Бакалавр;Новосибирск;Ж;Да;41;14;5;335480;74344
1244;Финансы;Middle;Бакалавр;Москва;М;Да;29;6;4;346100;24641
1245;Маркетинг;Junior;Бакалавр;Санкт-Петербург;М;Да;30;0;3;56718;696
1246;HR;Junior;Бакалавр;Москва;М;Нет;23;0;4;66360;11193
1247;Поддержка;Middle;Магистр;Москва;М;Нет;30;5;3;146906;20529
1248;Инженерия;Middle;Бакалавр;Москва;М;Да;32;4;2;186672;53989
1249;Финансы;Middle;Бакалавр;Санкт-Петербург;М;Да;22;0;2;126355;26002
1250;Продажи;Senior;Магистр;Москва;Ж;Нет;34;8;5;408657;33071
1251;Продажи;Junior;Бакалавр;Екатеринбург;М;Нет;28;0;5;73336;1276
1252;Поддержка;Junior;Магистр;Новосибирск;М;Нет;30;3;2;52830;552
1253;Финансы;Junior;Бакалавр;Москва;М;Нет;28;3;4;93305;27668
1254;Продажи;Lead;Магистр;Екатеринбург;Ж;Да;41;14;3;221371;40005
1255;Продажи;Middle;Бакалавр;Москва;М;Нет;25;2;3;246031;13467
1256;Финансы;Middle;Магистр;Москва;Ж;Нет;36;6;5;161811;24715
1257;Инженерия;Junior;Бакалавр;Санкт-Петербург;Ж;Да;26;0;3;94965;4567
1258;HR;Junior;Бакалавр;Санкт-Петербург;Ж;Нет;28;0;4;70039;14482
1259;Финансы;Junior;Бакалавр;Москва;Ж;Нет;27;0;3;87963;4387
1260;Финансы;Junior;Магистр;Новосибирск;М;Нет;23;0;3;67981;11663
1261;Продажи;Senior;PhD;Казань;М;Нет;35;6;3;188908;35091
1262;Финансы;Lead;Бакалавр;Новосибирск;М;Нет;40;13;4;218398;62170
1263;Инженерия;Junior;Магистр;Санкт-Петербург;М;Нет;26;0;5;120824;15911
1264;Продажи;Junior;Бакалавр;Москва;Ж;Да;32;3;4;109146;30771
1265;Продажи;Senior;Магистр;Москва;Ж;Нет;34;4;3;249604;73
1266;Маркетинг;Middle;Бакалавр;Москва;Ж;Нет;27;3;4;158790;40784
1267;Инженерия;Lead;Магистр;Москва;Ж;Да;36;11;4;514571;108661
1268;Продажи;Middle;Бакалавр;Санкт-Петербург;Ж;Да;34;5;5;137670;14290
1269;Инженерия;Middle;Магистр;Санкт-Петербург;Ж;Да;27;3;5;171475;39966
1270;HR;Junior;Магистр;Москва;Ж;Нет;27;2;5;108531;31979
1271;Финансы;Senior;Бакалавр;Москва;М;Да;38;8;1;323312;44573
1272;Инженерия;Junior;Магистр;Санкт-Петербург;М;Да;27;2;5;81239;6811
1273;HR;Middle;Бакалавр;Санкт-Петербург;М;Нет;29;0;4;136093;30570
1274;Финансы;Middle;Магистр;Москва;М;Нет;27;4;4;164379;1738
1275;Поддержка;Lead;Бакалавр;Екатеринбург;Ж;Нет;36;11;5;306888;77023
1276;Финансы;Senior;Магистр;Екатеринбург;М;Нет;37;8;3;287710;59416
1277;Продажи;Junior;Бакалавр;Екатеринбург;Ж;Да;28;0;4;35753;8510
1278;Поддержка;Senior;Бакалавр;Санкт-Петербург;М;Нет;39;10;4;215754;28724
1279;Поддержка;Senior;Бакалавр;Новосибирск;М;Нет;33;7;5;141350;14848
1280;Маркетинг;Middle;Магистр;Екатеринбург;Ж;Да;31;6;4;128685;13759
1281;Финансы;Middle;Бакалавр;Санкт-Петербург;Ж;Нет;34;5;5;242283;55561
1282;Поддержка;Middle;Магистр;Москва;М;Нет;33;4;3;159104;45895
1283;Продажи;Junior;Магистр;Москва;Ж;Нет;28;1;4;101623;16681
1284;Финансы;Junior;Бакалавр;Новосибирск;Ж;Да;26;0;2;46266;2476
1285;HR;Lead;Бакалавр;Новосибирск;Ж;Нет;34;10;3;390141;72257
1286;Инженерия;Middle;Бакалавр;Москва;М;Да;30;1;5;179957;7260
1287;Финансы;Junior;Бакалавр;Москва;М;Да;28;3;4;128650;23149
1288;Маркетинг;Middle;Бакалавр;Москва;М;Нет;24;2;3;151171;3016
1289;Инженерия;Middle;Бакалавр;Казань;М;Нет;28;4;5;130323;22739
1290;Продажи;Senior;Бакалавр;Москва;Ж;Да;34;7;4;203185;50483
1291;Инженерия;Middle;Магистр;Москва;М;Да;33;4;4;231981;31288
1292;Продажи;Junior;Бакалавр;Москва;Ж;Да;28;2;4;77573;13988
1293;Продажи;Lead;Бакалавр;Новосибирск;М;Да;41;14;3;459569;69375
1294;Продажи;Junior;Бакалавр;Казань;М;Нет;28;4;3;101605;16887
1295;Маркетинг;Senior;Бакалавр;Москва;Ж;Да;27;5;4;200206;48437
1296;Инженерия;Senior;Бакалавр;Москва;М;Да;33;5;4;237823;28584
1297;Поддержка;Lead;Бакалавр;Новосибирск;М;Да;39;15;5;214488;16863
1298;HR;Senior;Бакалавр;Санкт-Петербург;М;Да;36;6;3;170712;12376
1299;Финансы;Middle;Магистр;Москва;Ж;Нет;31;3;1;185310;35210
1300;Поддержка;Junior;Бакалавр;Екатеринбург;М;Да;35;6;3;50699;12549
1301;Маркетинг;Middle;Бакалавр;Москва;М;Да;34;6;3;103085;16732
1302;Инженерия;Junior;Бакалавр;Санкт-Петербург;М;Нет;30;0;3;94843;19005
1303;HR;Junior;Бакалавр;Москва;М;Да;25;3;1;57756;4612
1304;Маркетинг;Junior;Бакалавр;Екатеринбург;Ж;Нет;28;2;3;51664;10673
1305;Финансы;Middle;Бакалавр;Санкт-Петербург;М;Да;26;0;5;138747;7354
1306;Маркетинг;Senior;Бакалавр;Казань;М;Да;40;10;3;147529;5583
1307;Финансы;Junior;Магистр;Новосибирск;Ж;Нет;26;3;5;86357;148
1308;Поддержка;Junior;Бакалавр;Москва;М;Нет;28;0;5;82047;863
1309;Продажи;Middle;Бакалавр;Санкт-Петербург;Ж;Нет;27;5;3;170907;23237
1310;Инженерия;Senior;Бакалавр;Екатеринбург;М;Нет;35;9;5;314463;68086
1311;Продажи;Middle;Бакалавр;Москва;М;Нет;30;2;4;212577;24093
1312;Финансы;Middle;Магистр;Екатеринбург;Ж;Нет;30;3;4;142058;19794
1313;Продажи;Lead;Бакалавр;Казань;М;Нет;44;15;5;312933;56094
1314;Маркетинг;Senior;Магистр;Москва;М;Да;38;9;3;227463;1449
1315;Инженерия;Middle;Бакалавр;Москва;М;Да;33;4;5;243080;16205
1316;HR;Senior;Бакалавр;Санкт-Петербург;М;Да;27;5;3;141991;556
1317;Инженерия;Middle;Магистр;Москва;М;Да;28;2;3;248142;56404
1318;Инженерия;Middle;Бакалавр;Екатеринбург;М;Нет;30;5;1;126505;747
1319;Финансы;Lead;PhD;Москва;М;Нет;41;11;5;553368;139828
1320;Маркетинг;Middle;Магистр;Санкт-Петербург;М;Да;37;7;4;166548;32415
1321;Продажи;Middle;Магистр;Москва;М;Нет;28;4;4;127766;25253
1322;Поддержка;Junior;Бакалавр;Москва;М;Да;25;0;5;84272;20413
1323;Инженерия;Junior;Магистр;Новосибирск;М;Нет;23;0;3;73450;11623
1324;HR;Lead;Магистр;Санкт-Петербург;Ж;Да;40;13;4;291639;87271
1325;Продажи;Lead;Магистр;Москва;М;Нет;41;14;5;461331;120163
1326;Инженерия;Junior;Магистр;Москва;М;Да;28;0;4;115257;7644
1327;HR;Junior;Бакалавр;Новосибирск;Ж;Да;28;0;5;68349;128
1328;Продажи;Middle;Бакалавр;Казань;Ж;Да;24;2;4;152470;24727
1329;Продажи;Junior;PhD;Москва;Ж;Да;23;0;5;117219;33326
1330;Поддержка;Middle;Бакалавр;Екатеринбург;Ж;Нет;27;2;4;88563;23590
1331;Инженерия;Junior;Бакалавр;Москва;М;Нет;30;3;5;107011;10305
1332;Маркетинг;Middle;Бакалавр;Санкт-Петербург;М;Нет;30;3;4;134861;6575
1333;Инженерия;Junior;Магистр;Казань;Ж;Да;27;2;5;69052;4070
1334;Инженерия;Junior;Бакалавр;Санкт-Петербург;Ж;Да;28;2;4;85631;11234
1335;Поддержка;Senior;Бакалавр;Москва;М;Нет;36;13;3;238229;62891
1336;Финансы;Junior;Бакалавр;Новосибирск;Ж;Да;31;1;5;34917;4937
1337;Маркетинг;Lead;Магистр;Санкт-Петербург;Ж;Нет;37;13;4;381629;106346
1338;Инженерия;Junior;Бакалавр;Санкт-Петербург;Ж;Да;30;3;3;82510;12821
1339;Маркетинг;Senior;Бакалавр;Екатеринбург;М;Да;39;10;4;277387;3058
1340;Инженерия;Junior;Магистр;Екатеринбург;М;Нет;34;4;4;106704;18962
1341;HR;Junior;Бакалавр;Санкт-Петербург;М;Нет;24;1;4;46096;12094
1342;HR;Lead;Магистр;Новосибирск;М;Нет;32;10;3;316499;77246
1343;Маркетинг;Junior;Бакалавр;Санкт-Петербург;М;Да;28;0;2;45057;12004
1344;Маркетинг;Senior;Магистр;Москва;Ж;Да;30;3;5;365394;97607
1345;Инженерия;Junior;Бакалавр;Москва;М;Нет;23;0;3;84889;11073
1346;Инженерия;Middle;Бакалавр;Санкт-Петербург;М;Да;34;8;4;177023;3927
1347;Маркетинг;Lead;Магистр;Москва;М;Нет;42;15;4;595418;41588
1348;Продажи;Junior;Бакалавр;Новосибирск;М;Да;28;0;2;59901;17198
1349;Поддержка;Middle;Бакалавр;Екатеринбург;М;Да;30;3;3;90759;9236
1350;Поддержка;Middle;Магистр;Новосибирск;М;Нет;31;2;4;81034;18272
1351;Инженерия;Middle;Бакалавр;Москва;М;Нет;26;2;4;243652;67735
1352;Маркетинг;Junior;Бакалавр;Санкт-Петербург;М;Да;27;2;3;116921;5625
1353;HR;Junior;Магистр;Казань;М;Нет;25;3;1;63889;1675
1354;Инженерия;Lead;Бакалавр;Санкт-Петербург;М;Нет;41;13;3;404609;62105
1355;Продажи;Junior;Магистр;Москва;Ж;Нет;32;3;2;108834;22733
1356;HR;Lead;Магистр;Екатеринбург;М;Да;35;8;3;278189;6853
1357;Поддержка;Junior;Бакалавр;Казань;М;Нет;32;3;5;61030;10541
1358;Продажи;Junior;Магистр;Санкт-Петербург;Ж;Да;28;5;3;100946;25491
1359;Инженерия;Senior;Бакалавр;Санкт-Петербург;М;Да;39;9;3;331265;55255
1360;Финансы;Senior;Бакалавр;Санкт-Петербург;М;Да;34;7;4;279854;39615
1361;Маркетинг;Middle;Бакалавр;Санкт-Петербург;М;Да;28;3;4;116796;5784
1362;Продажи;Junior;Бакалавр;Екатеринбург;М;Да;28;0;4;49825;1388
1363;Инженерия;Junior;Магистр;Санкт-Петербург;Ж;Нет;29;0;4;81166;18221
1364;Инженерия;Junior;Бакалавр;Санкт-Петербург;Ж;Да;27;0;4;90769;8547
1365;Инженерия;Senior;PhD;Москва;М;Да;31;8;4;482725;94761
1366;Маркетинг;Middle;Бакалавр;Санкт-Петербург;М;Нет;33;3;3;118656;11912
1367;Инженерия;Senior;Бакалавр;Екатеринбург;М;Нет;31;9;4;290890;42306
1368;Поддержка;Lead;Бакалавр;Москва;М;Нет;39;14;3;305785;14725
1369;Инженерия;Middle;PhD;Казань;Ж;Да;34;4;4;150763;9791
1370;Продажи;Lead;Бакалавр;Москва;Ж;Да;39;11;2;439201;21489
1371;Продажи;Senior;Магистр;Санкт-Петербург;Ж;Нет;34;6;3;364246;46274
1372;Инженерия;Middle;Бакалавр;Санкт-Петербург;М;Да;27;4;1;163134;18381
1373;HR;Middle;Бакалавр;Казань;М;Да;30;2;4;110823;2256
1374;Маркетинг;Middle;Магистр;Новосибирск;М;Нет;28;5;4;122523;25874
1375;HR;Junior;Магистр;Санкт-Петербург;М;Да;27;2;5;70442;1122
1376;Инженерия;Junior;Магистр;Санкт-Петербург;Ж;Да;25;1;2;137166;15308
1377;Продажи;Middle;Бакалавр;Москва;М;Нет;30;4;3;205391;13500
1378;Маркетинг;Middle;Бакалавр;Казань;М;Да;32;4;4;69106;16830
1379;Продажи;Junior;Бакалавр;Казань;Ж;Да;26;2;2;88863;1710
1380;Инженерия;Junior;Бакалавр;Москва;М;Да;25;0;4;106643;11915
1381;Инженерия;Lead;Бакалавр;Москва;М;Нет;43;13;5;411423;62128
1382;Поддержка;Middle;Бакалавр;Москва;М;Нет;39;9;5;140194;22924
1383;Инженерия;Junior;Бакалавр;Москва;Ж;Нет;29;0;3;97943;8645
1384;Финансы;Senior;Магистр;Екатеринбург;Ж;Нет;35;7;5;237153;10107
1385;Финансы;Middle;Бакалавр;Москва;Ж;Нет;30;5;3;222068;49626
1386;Продажи;Senior;Магистр;Екатеринбург;М;Нет;37;7;3;196422;26280
1387;Продажи;Junior;Магистр;Санкт-Петербург;Ж;Да;32;2;5;94047;21879
1388;Финансы;Junior;Магистр;Москва;Ж;Да;31;1;3;116421;11207
1389;HR;Junior;Магистр;Екатеринбург;М;Да;31;2;5;60430;8784
1390;Финансы;Senior;Магистр;Москва;М;Нет;36;9;3;288899;16128
1391;Финансы;Senior;Магистр;Новосибирск;Ж;Нет;34;12;4;335363;55071
1392;HR;Junior;Бакалавр;Москва;М;Да;28;3;3;94615;13130
1393;Поддержка;Lead;Бакалавр;Москва;Ж;Нет;43;15;4;459807;43814
1394;Финансы;Senior;Бакалавр;Москва;Ж;Да;36;10;5;314424;69508
1395;Инженерия;Middle;Бакалавр;Санкт-Петербург;М;Да;30;5;2;224014;56889
1396;HR;Middle;Магистр;Екатеринбург;М;Да;34;8;5;179891;35689
1397;Инженерия;Lead;Магистр;Казань;Ж;Нет;39;12;1;374582;44286
1398;Продажи;Senior;Магистр;Москва;М;Нет;33;8;3;282931;46620
1399;Продажи;Junior;Бакалавр;Москва;М;Да;31;2;3;127528;35864
1400;Инженерия;Middle;Бакалавр;Санкт-Петербург;Ж;Да;30;4;3;188160;17349
1401;Поддержка;Senior;Бакалавр;Санкт-Петербург;М;Нет;34;7;5;256721;31552
1402;Инженерия;Middle;Бакалавр;Санкт-Петербург;Ж;Да;26;3;4;191535;37753
1403;Инженерия;Middle;Бакалавр;Екатеринбург;М;Нет;26;4;3;156055;27115
1404;Продажи;Senior;PhD;Екатеринбург;М;Нет;28;6;5;263149;76316
1405;Поддержка;Middle;Бакалавр;Санкт-Петербург;Ж;Да;29;3;4;108679;6650
1406;Инженерия;Middle;Бакалавр;Москва;Ж;Нет;25;3;4;210428;8188
1407;Финансы;Junior;PhD;Москва;Ж;Нет;22;0;1;111142;7178
1408;Инженерия;Senior;Магистр;Москва;Ж;Да;39;10;3;319459;57974
1409;Маркетинг;Lead;Бакалавр;Екатеринбург;Ж;Нет;41;12;4;443306;8844
1410;Поддержка;Senior;Магистр;Москва;Ж;Да;36;9;4;230890;44036
1411;HR;Senior;PhD;Екатеринбург;Ж;Нет;28;5;4;234370;28139
1412;Поддержка;Middle;Магистр;Москва;М;Да;34;4;1;107784;15498
1413;Маркетинг;Senior;PhD;Казань;М;Да;38;11;4;226677;39869
1414;Поддержка;Middle;Магистр;Москва;М;Нет;26;3;4;124991;32092
1415;Финансы;Junior;Бакалавр;Москва;М;Нет;34;4;4;87785;8220
1416;Финансы;Junior;Бакалавр;Москва;Ж;Да;29;4;3;105878;21140
1417;Поддержка;Junior;PhD;Казань;М;Да;30;2;5;78098;18123
1418;Маркетинг;Senior;Бакалавр;Москва;М;Нет;33;8;5;268870;1396
1419;Продажи;Middle;Магистр;Новосибирск;Ж;Да;34;5;5;193655;21579
1420;Маркетинг;Junior;Магистр;Москва;М;Нет;22;0;4;94317;25720
1421;Инженерия;Junior;Бакалавр;Санкт-Петербург;Ж;Нет;31;1;4;86714;3832
1422;Финансы;Middle;Бакалавр;Санкт-Петербург;Ж;Нет;29;6;3;189686;25285
1423;Инженерия;Junior;Бакалавр;Санкт-Петербург;М;Нет;31;2;4;84560;10315
1424;Маркетинг;Middle;PhD;Москва;М;Да;26;3;4;136856;15326
1425;Маркетинг;Junior;Магистр;Москва;М;Нет;30;2;5;106550;12638
1426;HR;Middle;Магистр;Казань;Ж;Да;30;3;3;83503;11396
1427;Финансы;Junior;Магистр;Санкт-Петербург;М;Нет;23;0;3;81702;18241
1428;Инженерия;Middle;Магистр;Санкт-Петербург;Ж;Нет;29;5;3;135923;17645
1429;Маркетинг;Middle;Бакалавр;Санкт-Петербург;М;Нет;34;4;3;152460;42376
1430;Продажи;Middle;Магистр;Казань;М;Да;27;3;4;99524;23278
1431;Маркетинг;Junior;Магистр;Москва;М;Да;24;0;4;107248;26454
1432;HR;Senior;Бакалавр;Москва;М;Да;40;11;3;251360;18159
1433;Маркетинг;Senior;Бакалавр;Новосибирск;М;Нет;35;6;5;147369;21903
1434;HR;Junior;Бакалавр;Москва;М;Нет;22;0;3;56385;6204
1435;Маркетинг;Junior;Бакалавр;Санкт-Петербург;Ж;Нет;31;1;3;69182;2578
1436;Продажи;Junior;Магистр;Москва;М;Да;29;1;4;116410;22724
1437;Инженерия;Middle;PhD;Казань;Ж;Нет;27;1;5;181295;44809
1438;Инженерия;Junior;Магистр;Екатеринбург;М;Нет;22;0;4;147258;26970
1439;HR;Junior;Бакалавр;Екатеринбург;М;Нет;29;1;4;97303;28449
1440;HR;Middle;Магистр;Москва;М;Да;28;6;3;147118;9235
1441;Инженерия;Junior;Бакалавр;Москва;М;Нет;25;0;5;106754;19902
1442;Поддержка;Junior;Бакалавр;Москва;М;Нет;28;0;2;53192;10456
1443;HR;Lead;Бакалавр;Москва;М;Нет;35;13;3;323489;89542
1444;Маркетинг;Junior;Магистр;Москва;М;Нет;23;0;5;67922;3981
1445;Финансы;Junior;Бакалавр;Екатеринбург;М;Нет;30;0;4;78138;16415
1446;Продажи;Lead;Магистр;Екатеринбург;Ж;Нет;37;14;4;382656;89688
1447;Продажи;Senior;Магистр;Екатеринбург;М;Нет;32;8;2;304288;90767
1448;Инженерия;Middle;PhD;Санкт-Петербург;М;Да;27;4;3;220216;1552
1449;Инженерия;Lead;Магистр;Санкт-Петербург;Ж;Нет;37;15;4;414966;33465
1450;HR;Junior;Бакалавр;Санкт-Петербург;М;Да;31;1;3;66179;18354
1451;Финансы;Middle;Магистр;Москва;М;Нет;31;3;4;134418;19867
1452;HR;Junior;Бакалавр;Москва;Ж;Да;23;0;3;79316;14517
1453;Продажи;Middle;Бакалавр;Екатеринбург;М;Нет;31;2;5;128798;34226
1454;Маркетинг;Junior;Магистр;Санкт-Петербург;М;Да;29;0;3;60179;2148
1455;Маркетинг;Senior;Бакалавр;Санкт-Петербург;Ж;Да;31;7;4;253695;74673
1456;Поддержка;Junior;Магистр;Санкт-Петербург;М;Да;23;0;3;75793;11290
1457;Продажи;Senior;Магистр;Москва;Ж;Да;34;7;2;460843;55666
1458;Инженерия;Senior;PhD;Екатеринбург;М;Нет;32;7;4;254430;57340
1459;Финансы;Senior;Бакалавр;Новосибирск;М;Да;30;5;3;241297;39575
1460;Поддержка;Senior;Магистр;Санкт-Петербург;Ж;Нет;31;7;5;211907;28323
1461;Инженерия;Junior;Магистр;Москва;М;Нет;29;0;3;170746;1696
1462;Инженерия;Junior;Бакалавр;Москва;Ж;Нет;30;0;4;137631;19967
1463;Маркетинг;Lead;Магистр;Екатеринбург;М;Нет;38;15;4;424379;86844
1464;Финансы;Middle;Магистр;Санкт-Петербург;М;Нет;34;5;4;190208;25489
1465;Маркетинг;Junior;Магистр;Новосибирск;М;Нет;24;0;3;61334;2715
1466;Инженерия;Senior;Магистр;Екатеринбург;М;Нет;36;6;4;230183;34975
1467;Инженерия;Junior;PhD;Москва;М;Да;31;1;5;91477;3185
1468;Маркетинг;Lead;Бакалавр;Санкт-Петербург;М;Нет;37;12;4;311815;80373
1469;Финансы;Lead;Бакалавр;Казань;М;Нет;42;13;4;355496;10044
1470;Инженерия;Middle;Бакалавр;Москва;М;Да;33;4;3;197676;11480
1471;Инженерия;Lead;Бакалавр;Санкт-Петербург;Ж;Нет;36;14;1;450753;10431
1472;Маркетинг;Middle;Магистр;Санкт-Петербург;М;Нет;26;1;4;207929;46753
1473;Инженерия;Junior;Бакалавр;Москва;Ж;Нет;28;1;2;132070;32802
1474;Инженерия;Senior;Бакалавр;Москва;М;Нет;38;9;5;234256;23351
1475;Финансы;Middle;Бакалавр;Москва;М;Да;28;1;3;155331;33513
1476;Финансы;Junior;Бакалавр;Казань;М;Да;31;1;4;86583;25511
1477;Продажи;Junior;Бакалавр;Москва;Ж;Да;25;3;3;105743;29441
1478;Инженерия;Junior;Магистр;Москва;М;Нет;26;0;4;125667;36408
1479;Инженерия;Junior;PhD;Казань;Ж;Да;32;2;3;79000;5369
1480;Продажи;Middle;Бакалавр;Москва;Ж;Нет;32;4;5;172518;28963
1481;Маркетинг;Middle;Бакалавр;Москва;Ж;Да;36;9;3;318290;58696
1482;Маркетинг;Middle;PhD;Екатеринбург;М;Нет;34;6;3;139624;10521
1483;Продажи;Junior;Бакалавр;Екатеринбург;М;Да;28;0;4;63838;1548
1484;Маркетинг;Lead;Бакалавр;Москва;М;Нет;39;9;5;368715;48394
1485;HR;Junior;Магистр;Санкт-Петербург;Ж;Нет;25;2;3;69609;19003
1486;Маркетинг;Junior;Магистр;Москва;Ж;Да;27;0;4;124430;2513
1487;Продажи;Middle;Бакалавр;Екатеринбург;М;Нет;31;8;5;125412;19957
1488;Маркетинг;Middle;Магистр;Москва;Ж;Нет;36;8;4;220659;49763
1489;Маркетинг;Junior;Бакалавр;Санкт-Петербург;М;Да;34;4;4;86358;19320
1490;Продажи;Lead;Бакалавр;Москва;М;Да;40;14;3;416482;111793
1491;Продажи;Junior;Магистр;Москва;М;Нет;24;0;3;79949;6140
1492;Маркетинг;Junior;Бакалавр;Екатеринбург;М;Нет;28;3;3;59139;6491
1493;Маркетинг;Senior;Бакалавр;Москва;Ж;Да;30;8;4;310976;20264
1494;Маркетинг;Middle;Магистр;Санкт-Петербург;Ж;Да;29;7;4;123903;34151
1495;Продажи;Middle;Бакалавр;Москва;Ж;Да;32;3;4;361187;58155
1496;Маркетинг;Senior;PhD;Москва;Ж;Нет;32;5;4;362470;74014
1497;Поддержка;Middle;Бакалавр;Санкт-Петербург;М;Нет;24;0;1;127836;13700
1498;Продажи;Senior;Магистр;Санкт-Петербург;Ж;Нет;28;6;4;341797;98872
1499;Финансы;Junior;Магистр;Новосибирск;Ж;Да;25;3;3;88754;1733
1500;Инженерия;Middle;Бакалавр;Екатеринбург;М;Нет;30;1;3;174853;2536
1501;Финансы;Junior;Магистр;Санкт-Петербург;М;Нет;26;1;5;94109;14913
1502;Поддержка;Junior;Магистр;Москва;Ж;Нет;25;0;3;104702;22953
1503;Инженерия;Middle;Бакалавр;Москва;М;Да;32;7;4;135003;12290
1504;Инженерия;Middle;Бакалавр;Москва;М;Нет;28;4;4;199950;25125
1505;Продажи;Middle;Магистр;Москва;Ж;Нет;29;2;5;133642;34965
1506;Инженерия;Junior;Магистр;Новосибирск;М;Нет;24;1;4;73495;9508
1507;Поддержка;Middle;Бакалавр;Москва;М;Да;35;7;4;174576;19287
1508;Поддержка;Junior;Магистр;Санкт-Петербург;М;Да;31;2;3;82666;18809
1509;Поддержка;Lead;Магистр;Санкт-Петербург;Ж;Нет;44;14;3;307137;80144
1510;Маркетинг;Middle;Бакалавр;Санкт-Петербург;Ж;Нет;25;1;3;113966;11766
1511;Маркетинг;Senior;Магистр;Казань;Ж;Нет;40;10;4;184309;45211
1512;Финансы;Senior;Магистр;Санкт-Петербург;М;Нет;33;8;3;293461;44836
1513;HR;Junior;Магистр;Москва;М;Нет;26;3;4;81950;17096
1514;Инженерия;Middle;Бакалавр;Москва;М;Нет;29;3;4;141017;38554
1515;Поддержка;Lead;Бакалавр;Санкт-Петербург;Ж;Нет;35;12;4;284383;35470
1516;Продажи;Middle;Бакалавр;Москва;М;Да;31;7;4;208495;3893
1517;Финансы;Junior;Магистр;Санкт-Петербург;М;Нет;30;0;3;92602;22328
1518;Маркетинг;Senior;Бакалавр;Санкт-Петербург;Ж;Нет;34;6;4;244363;5432
1519;Инженерия;Senior;Магистр;Екатеринбург;Ж;Да;38;8;5;264922;36768
1520;Инженерия;Senior;Магистр;Санкт-Петербург;М;Да;27;3;3;322387;86668
1521;Маркетинг;Middle;Бакалавр;Казань;Ж;Да;27;4;4;86041;5433
1522;Инженерия;Senior;Бакалавр;Новосибирск;Ж;Да;38;11;5;208352;22928
1523;Инженерия;Middle;Магистр;Екатеринбург;М;Нет;32;2;5;134040;25658
1524;Продажи;Junior;Магистр;Санкт-Петербург;М;Нет;24;0;5;112089;21109
1525;Финансы;Senior;Бакалавр;Санкт-Петербург;М;Да;35;7;5;324739;95666
1526;Маркетинг;Junior;Магистр;Екатеринбург;М;Да;31;3;4;79432;10550
1527;Продажи;Lead;Бакалавр;Екатеринбург;М;Нет;36;12;3;406966;19661
1528;HR;Junior;Бакалавр;Санкт-Петербург;Ж;Да;22;0;3;71785;13983
1529;Продажи;Junior;Бакалавр;Екатеринбург;М;Да;30;3;3;136660;14396
1530;Поддержка;Senior;PhD;Санкт-Петербург;М;Да;34;8;3;221881;54469
1531;Финансы;Junior;Магистр;Новосибирск;Ж;Нет;27;1;4;119352;3921
1532;Финансы;Middle;Бакалавр;Москва;Ж;Нет;32;9;4;203422;60358
1533;Инженерия;Middle;PhD;Екатеринбург;М;Да;26;3;3;182476;14026
1534;Инженерия;Junior;Бакалавр;Москва;Ж;Нет;30;0;4;87793;1633
1535;Инженерия;Senior;Бакалавр;Новосибирск;М;Нет;34;10;4;241672;60524
1536;Продажи;Junior;Бакалавр;Екатеринбург;М;Нет;34;4;4;89311;20066
1537;Маркетинг;Middle;PhD;Москва;М;Да;30;4;4;143084;8453
1538;Инженерия;Middle;Бакалавр;Москва;М;Нет;32;5;5;183387;491
1539;Финансы;Junior;Бакалавр;Москва;Ж;Нет;27;2;4;98570;29550
1540;Финансы;Junior;Бакалавр;Москва;М;Да;28;2;4;88211;7044
1541;Продажи;Senior;Магистр;Москва;Ж;Да;39;12;3;401965;116763
1542;Маркетинг;Junior;Бакалавр;Казань;Ж;Нет;29;0;4;73341;10959
1543;Маркетинг;Junior;Магистр;Казань;Ж;Нет;26;1;3;66160;16372
1544;HR;Senior;Магистр;Новосибирск;М;Нет;35;9;4;223725;59187
1545;Инженерия;Lead;Магистр;Санкт-Петербург;М;Да;44;15;4;604190;26563
1546;Инженерия;Middle;Бакалавр;Екатеринбург;Ж;Нет;30;1;4;136753;25647
1547;HR;Junior;Бакалавр;Новосибирск;М;Да;24;1;3;42480;6384
1548;Маркетинг;Junior;Бакалавр;Москва;Ж;Нет;28;0;2;126777;6199
1549;Поддержка;Senior;Бакалавр;Москва;М;Нет;30;6;4;171341;43407
1550;Продажи;Middle;Бакалавр;Москва;М;Нет;33;7;4;226419;45503
1551;Продажи;Lead;Магистр;Екатеринбург;Ж;Нет;39;14;3;642171;91274
1552;Продажи;Middle;Бакалавр;Екатеринбург;Ж;Да;36;6;4;159770;16228
1553;Инженерия;Lead;Бакалавр;Новосибирск;М;Нет;39;15;4;602927;170503
1554;HR;Middle;Магистр;Екатеринбург;М;Нет;32;5;4;109653;20077
1555;Инженерия;Junior;Магистр;Москва;М;Нет;25;0;1;117752;9296
1556;Финансы;Middle;Бакалавр;Санкт-Петербург;М;Нет;26;1;5;207308;20378
1557;Инженерия;Senior;PhD;Санкт-Петербург;М;Нет;30;8;5;298003;47797
1558;HR;Junior;Бакалавр;Москва;М;Да;27;1;3;62175;2963
1559;Маркетинг;Junior;Бакалавр;Казань;М;Нет;30;0;2;61742;8894
1560;Маркетинг;Middle;Магистр;Москва;Ж;Да;31;4;4;180196;3901
1561;Поддержка;Middle;Бакалавр;Москва;Ж;Нет;27;3;4;135319;1917
1562;Инженерия;Lead;Магистр;Екатеринбург;Ж;Да;38;14;5;388372;27240
1563;Инженерия;Middle;Бакалавр;Москва;М;Да;35;9;4;254442;28945
1564;Инженерия;Middle;Бакалавр;Москва;М;Нет;27;4;4;192573;4762
1565;Инженерия;Lead;Магистр;Новосибирск;М;Нет;42;14;3;320284;11819
1566;Маркетинг;Middle;Бакалавр;Санкт-Петербург;Ж;Да;31;5;4;126426;3650
1567;Инженерия;Senior;PhD;Москва;М;Да;42;12;4;444704;83319
1568;Финансы;Junior;Бакалавр;Москва;М;Нет;30;0;3;108265;24347
1569;Инженерия;Senior;Магистр;Казань;Ж;Да;34;6;3;335392;96539
1570;Продажи;Junior;Бакалавр;Новосибирск;М;Да;24;0;3;57157;4741
1571;Продажи;Middle;Бакалавр;Казань;М;Нет;31;2;5;93670;27877
1572;Инженерия;Junior;Магистр;Казань;Ж;Да;30;3;4;95949;4375
1573;Продажи;Junior;Магистр;Москва;М;Нет;27;1;3;74545;15110
1574;Инженерия;Senior;Магистр;Москва;М;Да;35;5;4;327835;21212
1575;Инженерия;Middle;Бакалавр;Казань;М;Да;30;5;5;136277;30139
1576;Поддержка;Junior;Магистр;Санкт-Петербург;М;Нет;28;0;3;84108;10829
1577;Продажи;Senior;Бакалавр;Москва;Ж;Да;32;6;3;315869;34748
1578;Продажи;Middle;Бакалавр;Москва;М;Да;29;5;5;206641;58058
1579;Маркетинг;Lead;Бакалавр;Санкт-Петербург;М;Нет;35;10;4;292102;27137
1580;HR;Lead;Бакалавр;Санкт-Петербург;М;Нет;42;15;4;239152;58776
1581;HR;Middle;Бакалавр;Москва;Ж;Да;27;2;5;146067;43654
1582;Инженерия;Junior;Бакалавр;Москва;М;Да;25;0;2;115091;696
1583;Маркетинг;Middle;Бакалавр;Москва;М;Нет;34;5;3;244011;68664
1584;HR;Middle;Бакалавр;Екатеринбург;М;Нет;32;5;3;103907;3632
1585;Финансы;Middle;PhD;Санкт-Петербург;М;Да;31;3;2;131506;31977
1586;Маркетинг;Junior;Бакалавр;Новосибирск;Ж;Нет;30;2;4;61461;2511
1587;Инженерия;Junior;Бакалавр;Новосибирск;М;Нет;29;0;5;99563;13636
1588;Инженерия;Junior;PhD;Москва;Ж;Нет;26;2;4;120567;23608
1589;Продажи;Senior;PhD;Санкт-Петербург;Ж;Нет;40;12;4;270498;74914
1590;Поддержка;Junior;Бакалавр;Москва;Ж;Да;25;0;3;67424;9975
1591;Продажи;Senior;Бакалавр;Москва;М;Да;32;6;4;337657;32447
1592;Поддержка;Junior;Магистр;Новосибирск;М;Да;24;0;3;44082;9133
1593;Продажи;Senior;Бакалавр;Москва;Ж;Да;35;11;4;233839;37038
1594;Финансы;Junior;PhD;Новосибирск;Ж;Нет;22;0;3;98061;13080
1595;Продажи;Junior;Бакалавр;Москва;М;Нет;30;1;4;143955;38321
1596;HR;Senior;Магистр;Екатеринбург;М;Нет;33;7;4;184712;20904
1597;Продажи;Junior;Бакалавр;Новосибирск;М;Да;23;0;2;91503;1870
1598;Поддержка;Junior;Бакалавр;Новосибирск;М;Да;22;0;3;43164;11906
1599;Инженерия;Middle;Бакалавр;Екатеринбург;М;Нет;29;5;4;132937;19822
1600;Инженерия;Junior;Бакалавр;Санкт-Петербург;Ж;Да;28;0;4;64706;1820
1601;HR;Middle;Магистр;Москва;М;Нет;35;8;3;182008;3242
1602;HR;Junior;Бакалавр;Санкт-Петербург;Ж;Нет;22;0;3;57062;8182
1603;HR;Middle;Бакалавр;Москва;М;Нет;32;7;4;168493;6624
1604;HR;Middle;Бакалавр;Санкт-Петербург;Ж;Да;30;6;3;155319;12483
1605;Маркетинг;Junior;Магистр;Санкт-Петербург;Ж;Да;23;0;4;76287;15465
1606;Инженерия;Junior;Магистр;Москва;М;Нет;29;3;5;148304;13706
1607;HR;Middle;Бакалавр;Москва;М;Нет;28;6;4;111759;19763
1608;Инженерия;Junior;Бакалавр;Санкт-Петербург;М;Да;28;0;4;133165;27860
1609;Инженерия;Senior;Магистр;Москва;М;Да;38;8;5;296938;34003
1610;Продажи;Middle;Бакалавр;Москва;Ж;Нет;29;6;3;164558;19746
1611;Продажи;Junior;Бакалавр;Москва;Ж;Нет;29;1;3;83459;1396
1612;Инженерия;Lead;Магистр;Москва;М;Нет;36;14;3;590412;53737
1613;Продажи;Junior;Магистр;Москва;М;Нет;24;2;4;85411;23105
1614;Маркетинг;Middle;Бакалавр;Екатеринбург;Ж;Да;33;7;5;150134;44404
1615;Продажи;Junior;Бакалавр;Новосибирск;Ж;Нет;22;0;3;73148;14227
1616;HR;Middle;Бакалавр;Москва;М;Нет;32;2;4;261283;63215
1617;Инженерия;Junior;Магистр;Новосибирск;М;Нет;26;4;3;104270;11390
1618;Инженерия;Junior;Бакалавр;Москва;Ж;Да;26;0;2;116406;5684
1619;HR;Senior;Магистр;Новосибирск;Ж;Да;40;11;3;265771;33379
1620;HR;Middle;Бакалавр;Москва;М;Да;26;4;1;120295;1699
1621;Продажи;Junior;Магистр;Санкт-Петербург;М;Да;26;0;4;74705;10671
1622;Инженерия;Lead;Бакалавр;Казань;М;Нет;43;14;5;366986;51543
1623;HR;Junior;Бакалавр;Казань;Ж;Нет;32;2;2;33072;1051
1624;HR;Middle;Бакалавр;Москва;М;Да;29;7;5;162665;20539
1625;Инженерия;Junior;Магистр;Санкт-Петербург;М;Да;22;0;4;79808;2443
1626;HR;Middle;Бакалавр;Санкт-Петербург;М;Нет;32;8;5;180388;35963
1627;Продажи;Middle;Бакалавр;Москва;Ж;Да;34;4;5;124577;9454
1628;Поддержка;Senior;Бакалавр;Новосибирск;М;Нет;33;8;5;169634;49232
1629;Финансы;Middle;PhD;Санкт-Петербург;Ж;Да;33;4;5;98459;3677
1630;Инженерия;Middle;Магистр;Санкт-Петербург;Ж;Нет;27;5;4;106691;18915
1631;Поддержка;Junior;Бакалавр;Москва;М;Да;25;0;5;84615;2751
1632;Инженерия;Junior;Магистр;Москва;Ж;Нет;26;0;1;132359;15543
1633;Инженерия;Junior;Бакалавр;Новосибирск;Ж;Нет;26;0;4;65244;13522
1634;Инженерия;Junior;Бакалавр;Казань;Ж;Да;26;4;5;96261;15378
1635;HR;Junior;Магистр;Москва;М;Нет;27;0;3;88359;11089
1636;Маркетинг;Middle;PhD;Казань;Ж;Нет;32;2;3;202280;53501
1637;Продажи;Junior;Магистр;Москва;Ж;Нет;23;1;5;86343;9736
1638;Инженерия;Middle;Бакалавр;Москва;Ж;Нет;32;4;3;187526;51003
1639;Финансы;Junior;Бакалавр;Новосибирск;М;Нет;27;0;3;82716;12987
1640;Инженерия;Lead;Бакалавр;Москва;М;Нет;39;11;4;516975;33249
1641;Инженерия;Senior;Бакалавр;Казань;М;Нет;34;7;3;405593;52012
1642;Финансы;Junior;Бакалавр;Москва;М;Да;28;2;5;130113;10856
1643;Продажи;Senior;Магистр;Санкт-Петербург;Ж;Да;32;9;1;268107;41569
1644;Финансы;Middle;Бакалавр;Екатеринбург;Ж;Нет;32;6;4;206871;3731
1645;Маркетинг;Senior;PhD;Новосибирск;М;Нет;29;7;2;213227;31600
1646;Финансы;Junior;Бакалавр;Казань;М;Да;30;0;5;51023;7805
1647;Инженерия;Junior;Магистр;Москва;М;Нет;25;3;3;143699;32457
1648;Продажи;Lead;Магистр;Санкт-Петербург;М;Нет;38;12;5;491404;11557
1649;Продажи;Junior;Магистр;Москва;Ж;Да;30;0;4;97908;20259
1650;Продажи;Middle;Магистр;Москва;М;Нет;33;3;4;208385;12714
1651;Продажи;Junior;Бакалавр;Новосибирск;М;Да;27;1;5;49957;5728
1652;Финансы;Junior;Бакалавр;Новосибирск;Ж;Да;23;0;4;62924;9539
1653;Инженерия;Junior;Бакалавр;Екатеринбург;Ж;Нет;26;0;5;81148;14644
1654;Финансы;Middle;Бакалавр;Екатеринбург;Ж;Да;35;6;4;164784;27742
1655;Поддержка;Middle;Магистр;Москва;Ж;Нет;26;3;4;153717;45623
1656;Инженерия;Lead;Бакалавр;Новосибирск;Ж;Да;36;14;4;464919;17306
1657;Инженерия;Senior;Магистр;Екатеринбург;Ж;Нет;39;11;3;300313;21554
1658;Инженерия;Senior;Магистр;Москва;Ж;Нет;34;9;3;284268;78150
1659;Продажи;Junior;Магистр;Санкт-Петербург;Ж;Нет;25;1;5;82364;12126
1660;Поддержка;Junior;Магистр;Москва;М;Нет;25;1;3;70981;12073
1661;Инженерия;Middle;Бакалавр;Москва;Ж;Нет;34;8;4;230236;9536
1662;Финансы;Junior;Бакалавр;Екатеринбург;Ж;Да;26;2;4;96444;28446
1663;Продажи;Junior;PhD;Новосибирск;Ж;Нет;31;2;4;71657;14753
1664;Инженерия;Junior;Бакалавр;Москва;Ж;Нет;32;3;3;98852;20287
1665;Продажи;Middle;Бакалавр;Санкт-Петербург;М;Да;30;3;3;144342;29484
1666;Продажи;Junior;Бакалавр;Екатеринбург;М;Да;31;3;3;101830;3783
1667;Инженерия;Lead;Магистр;Казань;М;Нет;34;9;3;437058;90139
1668;Инженерия;Middle;Бакалавр;Москва;Ж;Да;32;5;4;170846;9040
1669;Продажи;Senior;Бакалавр;Казань;М;Да;31;9;3;224395;40989
1670;Поддержка;Junior;Магистр;Санкт-Петербург;Ж;Нет;27;1;3;53268;5340
1671;Продажи;Junior;Бакалавр;Москва;Ж;Нет;24;0;5;122763;5049
1672;Поддержка;Senior;Магистр;Москва;Ж;Нет;38;8;3;317490;4591
1673;Инженерия;Middle;Бакалавр;Москва;Ж;Нет;29;7;2;249852;59167
1674;Инженерия;Middle;Бакалавр;Санкт-Петербург;Ж;Нет;27;5;3;153164;561
1675;Инженерия;Junior;PhD;Казань;М;Да;30;2;3;93524;8367
1676;HR;Middle;Магистр;Екатеринбург;Ж;Нет;30;4;3;96971;7567
1677;Инженерия;Junior;Магистр;Казань;М;Нет;28;0;3;120927;9889
1678;Маркетинг;Lead;Бакалавр;Казань;Ж;Да;41;11;3;286925;18328
1679;Финансы;Middle;Бакалавр;Екатеринбург;Ж;Нет;28;3;5;144096;24999
1680;Продажи;Junior;Магистр;Екатеринбург;Ж;Да;27;2;2;89944;12534
1681;Инженерия;Senior;Бакалавр;Санкт-Петербург;М;Да;32;10;3;266618;4447
1682;HR;Middle;Магистр;Новосибирск;М;Да;23;0;5;118186;20278
1683;Продажи;Middle;Бакалавр;Казань;Ж;Нет;24;2;3;138080;11684
1684;Инженерия;Junior;Магистр;Санкт-Петербург;М;Да;27;1;3;92215;7925
1685;Инженерия;Middle;Бакалавр;Москва;М;Да;31;8;4;196121;12606
1686;HR;Middle;Бакалавр;Санкт-Петербург;М;Да;31;1;4;102255;19753
1687;Финансы;Middle;Бакалавр;Екатеринбург;Ж;Да;27;3;4;166223;48464
1688;Поддержка;Senior;Бакалавр;Москва;Ж;Да;34;11;5;288613;35934
1689;Маркетинг;Middle;Бакалавр;Москва;Ж;Нет;27;5;5;181853;35789
1690;Инженерия;Junior;Бакалавр;Екатеринбург;М;Нет;25;0;4;95825;6213
1691;Инженерия;Junior;Бакалавр;Москва;М;Нет;24;0;4;124642;7076
1692;Продажи;Junior;Магистр;Москва;М;Нет;30;0;4;110499;26480
1693;Финансы;Middle;Магистр;Санкт-Петербург;Ж;Да;25;1;2;154032;39460
1694;HR;Junior;Бакалавр;Санкт-Петербург;М;Да;27;1;4;81413;15499
1695;Инженерия;Junior;Магистр;Екатеринбург;М;Да;28;3;5;105066;7340
1696;Финансы;Junior;Бакалавр;Новосибирск;Ж;Нет;27;1;3;83366;3889
1697;Продажи;Middle;Бакалавр;Москва;М;Нет;31;4;4;216593;34431
1698;Поддержка;Junior;Бакалавр;Санкт-Петербург;Ж;Да;23;0;5;55924;11215
1699;Продажи;Junior;Магистр;Новосибирск;Ж;Нет;27;0;3;51724;6990
1700;Финансы;Junior;Бакалавр;Казань;М;Нет;28;2;2;75645;5110
1701;Инженерия;Junior;Бакалавр;Екатеринбург;Ж;Да;29;2;2;96601;26614
1702;HR;Junior;Магистр;Екатеринбург;Ж;Нет;33;3;3;68988;7688
1703;Продажи;Junior;Бакалавр;Москва;Ж;Нет;28;2;5;116594;25411
1704;Продажи;Senior;Бакалавр;Санкт-Петербург;М;Да;40;11;3;252648;365
1705;Инженерия;Junior;Магистр;Москва;Ж;Да;30;0;4;129229;15057
1706;Поддержка;Senior;PhD;Екатеринбург;М;Да;35;10;5;202235;50660
1707;Инженерия;Senior;Бакалавр;Санкт-Петербург;М;Да;28;3;4;257953;61768
1708;Маркетинг;Lead;Бакалавр;Новосибирск;М;Да;36;14;5;292925;60158
1709;Маркетинг;Senior;Магистр;Казань;Ж;Да;40;12;5;308536;86767
1710;Финансы;Junior;Магистр;Екатеринбург;М;Да;23;0;4;115801;33561
1711;Продажи;Lead;Бакалавр;Москва;М;Да;44;14;4;417911;9705
1712;Финансы;Senior;Бакалавр;Москва;Ж;Да;38;8;2;176610;29867
1713;Маркетинг;Middle;Бакалавр;Москва;М;Нет;28;2;5;107314;24776
1714;Поддержка;Middle;Магистр;Новосибирск;Ж;Нет;29;4;5;116780;768
1715;HR;Junior;PhD;Москва;М;Да;24;2;4;108145;8987
1716;Поддержка;Junior;Магистр;Екатеринбург;Ж;Нет;25;1;3;55487;5385
1717;Поддержка;Senior;Бакалавр;Санкт-Петербург;М;Нет;33;9;3;179890;44325
1718;Финансы;Junior;Магистр;Екатеринбург;М;Нет;31;1;4;87086;6764
1719;Инженерия;Lead;Бакалавр;Москва;М;Нет;33;10;4;612246;70
1720;Инженерия;Junior;Бакалавр;Москва;М;Нет;33;4;4;107927;30620
1721;Маркетинг;Lead;Бакалавр;Москва;М;Да;37;13;5;376042;36808
1722;Инженерия;Junior;Бакалавр;Москва;М;Да;27;0;4;115218;3272
1723;Продажи;Middle;PhD;Москва;М;Нет;28;2;4;219362;51417
1724;Инженерия;Middle;Магистр;Москва;Ж;Нет;28;2;4;216408;36053
1725;Финансы;Junior;Бакалавр;Санкт-Петербург;М;Нет;29;0;5;66515;19560
1726;Финансы;Junior;Магистр;Санкт-Петербург;Ж;Нет;24;1;5;119023;12494
1727;Инженерия;Junior;Бакалавр;Казань;М;Да;24;0;4;75652;9337
1728;Маркетинг;Senior;Бакалавр;Казань;М;Да;33;4;5;150920;19256
1729;Продажи;Lead;Бакалавр;Москва;М;Да;37;12;4;476829;98870
1730;Финансы;Junior;Магистр;Москва;М;Нет;34;4;2;94259;25785
1731;Продажи;Senior;Бакалавр;Санкт-Петербург;М;Да;30;8;4;286771;25139
1732;HR;Senior;Магистр;Москва;М;Нет;33;10;3;326491;5545
1733;Маркетинг;Senior;Магистр;Москва;Ж;Нет;32;6;4;253797;35311
1734;Поддержка;Middle;Магистр;Казань;Ж;Нет;33;4;4;185791;53447
1735;Продажи;Junior;PhD;Казань;Ж;Нет;27;1;5;77939;17155
1736;Поддержка;Senior;Бакалавр;Москва;М;Да;41;13;3;285219;39337
1737;Продажи;Lead;Бакалавр;Новосибирск;М;Нет;38;16;5;323320;45688
1738;Инженерия;Middle;Бакалавр;Казань;М;Нет;23;1;2;149876;22214
1739;Финансы;Junior;Бакалавр;Москва;М;Да;28;0;5;80747;8710
1740;Инженерия;Middle;Бакалавр;Санкт-Петербург;М;Да;35;6;3;189134;4740
1741;Маркетинг;Junior;Магистр;Санкт-Петербург;Ж;Нет;27;0;3;113620;21893
1742;Маркетинг;Senior;Бакалавр;Москва;Ж;Нет;29;3;4;181795;25960
1743;Инженерия;Middle;Магистр;Екатеринбург;М;Да;30;4;3;118269;24620
1744;Инженерия;Middle;Бакалавр;Екатеринбург;М;Да;35;5;5;127661;10934
1745;Поддержка;Junior;Бакалавр;Екатеринбург;Ж;Нет;29;1;5;57576;13960
1746;Финансы;Junior;Магистр;Санкт-Петербург;Ж;Да;24;0;3;109353;30808
1747;Инженерия;Senior;Магистр;Москва;М;Нет;34;11;4;398608;45242
1748;Финансы;Senior;Бакалавр;Москва;М;Да;31;9;3;383629;53190
1749;Инженерия;Middle;Бакалавр;Санкт-Петербург;Ж;Да;27;3;4;161482;1061
1750;Инженерия;Junior;Бакалавр;Санкт-Петербург;Ж;Нет;26;0;1;77794;10423
1751;Финансы;Middle;PhD;Новосибирск;Ж;Да;26;3;4;163119;8849
1752;Финансы;Junior;Магистр;Санкт-Петербург;М;Да;33;3;4;75751;15670
1753;Финансы;Middle;Бакалавр;Екатеринбург;Ж;Да;33;5;5;127793;5023
1754;Инженерия;Middle;Бакалавр;Санкт-Петербург;М;Да;24;1;4;153978;1601
1755;HR;Middle;Бакалавр;Казань;М;Нет;27;5;5;79142;18311
1756;Продажи;Junior;Бакалавр;Екатеринбург;Ж;Нет;24;0;4;90245;14029
1757;Продажи;Senior;Магистр;Москва;М;Да;29;7;5;348352;89107
1758;HR;Junior;Бакалавр;Москва;Ж;Да;31;4;3;57177;3869
1759;Финансы;Junior;Магистр;Санкт-Петербург;М;Да;30;0;4;108797;2877
1760;Продажи;Middle;PhD;Новосибирск;Ж;Да;28;3;3;137886;32896
1761;Инженерия;Middle;Бакалавр;Москва;Ж;Да;25;3;2;174297;19075
1762;Поддержка;Junior;PhD;Казань;Ж;Нет;25;0;5;62853;16414
1763;Поддержка;Junior;Бакалавр;Санкт-Петербург;Ж;Нет;31;3;4;61435;6532
1764;Инженерия;Junior;Магистр;Москва;М;Да;30;0;5;153103;29247
1765;Финансы;Lead;Магистр;Екатеринбург;М;Нет;40;13;4;338336;605
1766;Инженерия;Junior;Магистр;Москва;Ж;Да;25;1;4;86696;10594
1767;Поддержка;Middle;Бакалавр;Казань;М;Да;28;6;4;83831;8731
1768;Финансы;Junior;Бакалавр;Казань;Ж;Нет;24;2;3;76041;22427
1769;Инженерия;Middle;Магистр;Екатеринбург;М;Нет;34;6;4;102175;20119
1770;Инженерия;Lead;Магистр;Санкт-Петербург;М;Нет;38;11;3;374852;47806
1771;Маркетинг;Senior;Магистр;Екатеринбург;М;Да;36;7;2;163146;36293
1772;Продажи;Middle;Бакалавр;Санкт-Петербург;Ж;Нет;31;6;3;94360;19346
1773;HR;Junior;Бакалавр;Москва;Ж;Да;25;2;1;73398;18204
1774;Маркетинг;Senior;Бакалавр;Екатеринбург;Ж;Да;35;9;3;186733;17834
1775;Инженерия;Middle;Бакалавр;Санкт-Петербург;М;Нет;29;4;4;181569;31331
1776;Маркетинг;Senior;Бакалавр;Москва;Ж;Нет;31;6;5;246193;24715
1777;Инженерия;Junior;Бакалавр;Москва;М;Нет;31;1;5;84264;10084
1778;Инженерия;Junior;Бакалавр;Санкт-Петербург;Ж;Нет;26;1;4;76285;12496
1779;Инженерия;Junior;PhD;Москва;М;Да;27;2;5;156435;13753
1780;Продажи;Middle;Магистр;Москва;Ж;Нет;25;3;5;145530;720
1781;Инженерия;Middle;Магистр;Москва;Ж;Нет;28;2;5;238419;67859
1782;Поддержка;Middle;Магистр;Москва;Ж;Да;28;3;4;146478;19903
1783;Инженерия;Middle;Магистр;Новосибирск;Ж;Нет;36;6;4;143632;19485
1784;Инженерия;Middle;Бакалавр;Новосибирск;М;Нет;31;6;2;154500;2096
1785;Продажи;Middle;Бакалавр;Москва;Ж;Нет;29;2;4;137464;10720
1786;Поддержка;Junior;Бакалавр;Екатеринбург;Ж;Нет;28;2;5;72317;11163
1787;Продажи;Middle;Магистр;Казань;Ж;Нет;28;5;3;95979;12772
1788;Продажи;Junior;Бакалавр;Казань;М;Нет;27;0;5;65111;10732
1789;Инженерия;Senior;Магистр;Новосибирск;М;Да;34;7;3;217231;16534
1790;Поддержка;Lead;Бакалавр;Санкт-Петербург;Ж;Нет;44;15;4;352908;59939
1791;Продажи;Junior;Магистр;Москва;Ж;Нет;33;3;5;94038;9148
1792;Инженерия;Senior;Бакалавр;Казань;М;Нет;29;6;4;207374;35234
1793;HR;Junior;Бакалавр;Екатеринбург;М;Нет;24;1;3;64734;958
1794;HR;Junior;Бакалавр;Москва;Ж;Да;24;0;3;63704;3956
1795;Продажи;Junior;PhD;Екатеринбург;М;Нет;22;0;5;111291;14165
1796;Инженерия;Lead;Бакалавр;Москва;М;Да;41;12;4;490487;96464
1797;Продажи;Middle;Бакалавр;Казань;М;Нет;30;5;5;125703;12703
1798;Продажи;Junior;Магистр;Москва;М;Да;22;0;5;95301;19021
1799;Поддержка;Junior;Бакалавр;Москва;М;Да;28;1;5;46982;4900
1800;Финансы;Lead;Бакалавр;Екатеринбург;М;Нет;35;10;4;327129;88126
1801;Маркетинг;Junior;Магистр;Москва;Ж;Да;25;0;4;61488;17078
1802;Инженерия;Lead;Магистр;Москва;М;Нет;32;9;4;617684;33884
1803;HR;Junior;Магистр;Москва;Ж;Да;30;1;4;47941;14310
1804;Финансы;Junior;Бакалавр;Москва;Ж;Нет;32;5;4;84187;17835
1805;Инженерия;Middle;Бакалавр;Москва;Ж;Да;30;4;5;208760;41785
1806;Продажи;Senior;Бакалавр;Санкт-Петербург;М;Нет;37;7;4;360481;38671
1807;Продажи;Middle;Магистр;Санкт-Петербург;М;Да;32;6;4;200466;24115
1808;Маркетинг;Junior;Магистр;Казань;М;Да;29;0;4;63169;12370
1809;HR;Junior;Бакалавр;Екатеринбург;М;Нет;33;4;3;57356;782
1810;Инженерия;Junior;Бакалавр;Санкт-Петербург;Ж;Да;29;1;4;105513;22579
1811;Продажи;Junior;Бакалавр;Санкт-Петербург;Ж;Да;27;0;2;86958;254
1812;Поддержка;Middle;Бакалавр;Новосибирск;Ж;Нет;34;7;5;74234;12630
1813;Инженерия;Junior;Бакалавр;Москва;М;Нет;27;0;5;150848;43160
1814;Продажи;Junior;Бакалавр;Санкт-Петербург;М;Нет;24;2;5;101527;7217
1815;Продажи;Senior;Бакалавр;Новосибирск;Ж;Да;31;7;3;243684;57007
1816;Продажи;Senior;Магистр;Новосибирск;М;Да;32;6;3;228180;50761
1817;Финансы;Senior;PhD;Москва;Ж;Нет;41;11;3;342830;48364
1818;Продажи;Junior;Бакалавр;Казань;М;Да;28;1;3;82061;20256
1819;Поддержка;Lead;Бакалавр;Москва;Ж;Нет;39;12;4;334791;3221
1820;Маркетинг;Middle;Бакалавр;Москва;М;Нет;35;8;4;168983;21242
1821;Продажи;Lead;Магистр;Москва;М;Да;36;14;4;595415;177855
1822;Инженерия;Junior;Магистр;Новосибирск;Ж;Нет;28;5;3;108767;16909
1823;Финансы;Lead;PhD;Санкт-Петербург;Ж;Нет;44;15;4;576535;72595
1824;Маркетинг;Junior;Магистр;Москва;Ж;Нет;31;3;4;104939;1296
1825;Инженерия;Senior;Бакалавр;Москва;М;Да;28;6;3;252154;26835
1826;Инженерия;Senior;Бакалавр;Москва;Ж;Нет;34;11;5;216739;34231
1827;Инженерия;Senior;Бакалавр;Новосибирск;Ж;Нет;33;7;4;415025;50119
1828;Поддержка;Junior;Бакалавр;Екатеринбург;М;Нет;28;3;5;56485;9918
1829;Продажи;Senior;Магистр;Екатеринбург;М;Нет;38;8;4;180697;16049
1830;Финансы;Middle;Бакалавр;Москва;М;Нет;30;7;4;217321;15686
1831;Поддержка;Junior;Магистр;Москва;М;Нет;31;3;4;73449;3414
1832;Инженерия;Junior;Магистр;Москва;Ж;Нет;22;0;4;127761;25971
1833;Инженерия;Junior;Бакалавр;Екатеринбург;М;Нет;30;3;5;91383;13947
1834;Инженерия;Senior;Магистр;Екатеринбург;М;Нет;35;7;5;212056;57168
1835;Финансы;Middle;Бакалавр;Новосибирск;М;Да;33;5;4;110679;11912
1836;Инженерия;Junior;Бакалавр;Новосибирск;Ж;Да;28;2;2;62799;14573
1837;Маркетинг;Middle;PhD;Санкт-Петербург;Ж;Нет;31;4;1;190185;38612
1838;Инженерия;Junior;Бакалавр;Казань;М;Да;27;1;4;62072;16224
1839;Финансы;Junior;Магистр;Москва;Ж;Да;29;2;3;109526;20877
1840;Продажи;Junior;Магистр;Екатеринбург;М;Да;26;3;4;96757;15560
1841;Маркетинг;Middle;Магистр;Санкт-Петербург;М;Да;34;6;5;150098;21590
1842;Инженерия;Junior;Бакалавр;Санкт-Петербург;Ж;Нет;26;0;4;87064;10299
1843;Продажи;Middle;Бакалавр;Новосибирск;М;Нет;34;4;5;147255;10828
1844;Инженерия;Middle;Магистр;Санкт-Петербург;Ж;Да;28;6;4;195942;38654
1845;Финансы;Junior;Бакалавр;Москва;М;Нет;35;6;3;73969;20995
1846;Поддержка;Junior;PhD;Новосибирск;М;Да;23;0;5;73093;17879
1847;Финансы;Middle;Бакалавр;Санкт-Петербург;Ж;Да;33;4;4;122068;7469
1848;Продажи;Junior;Магистр;Санкт-Петербург;Ж;Нет;27;4;3;122189;14351
1849;Финансы;Senior;Бакалавр;Екатеринбург;М;Да;29;7;4;263712;78928
1850;Инженерия;Junior;Бакалавр;Екатеринбург;Ж;Да;30;0;3;72175;3980
1851;HR;Middle;Бакалавр;Москва;Ж;Нет;35;7;3;181502;23763
1852;Финансы;Senior;PhD;Санкт-Петербург;Ж;Нет;32;10;4;251317;56911
1853;Продажи;Lead;Бакалавр;Москва;М;Да;44;14;3;671159;192870
1854;Финансы;Middle;PhD;Санкт-Петербург;М;Нет;33;4;4;127954;605
1855;Инженерия;Middle;Бакалавр;Санкт-Петербург;Ж;Нет;31;2;4;172009;18198
1856;Маркетинг;Junior;Бакалавр;Новосибирск;Ж;Да;31;1;4;66035;11954
1857;Продажи;Middle;Магистр;Казань;М;Нет;30;4;4;92116;3716
1858;Маркетинг;Middle;Магистр;Санкт-Петербург;М;Да;31;1;4;202871;50076
1859;Инженерия;Junior;Магистр;Казань;М;Нет;31;1;3;90166;2888
1860;Инженерия;Junior;Бакалавр;Москва;М;Нет;31;1;4;77334;12536
1861;Маркетинг;Middle;Магистр;Екатеринбург;Ж;Да;30;5;5;128634;15436
1862;Продажи;Junior;Бакалавр;Санкт-Петербург;М;Да;28;0;3;89429;16691
1863;Инженерия;Middle;Бакалавр;Москва;М;Да;33;5;3;228461;28108
1864;Поддержка;Middle;Магистр;Москва;Ж;Да;29;3;5;165752;22502
1865;Поддержка;Lead;Магистр;Санкт-Петербург;М;Да;43;16;3;253419;66082
1866;Маркетинг;Junior;Бакалавр;Екатеринбург;Ж;Нет;32;6;4;69420;4155
1867;HR;Middle;Бакалавр;Санкт-Петербург;М;Да;27;2;3;174286;22206
1868;Продажи;Junior;Бакалавр;Москва;М;Нет;27;3;4;111262;27272
1869;Финансы;Middle;Бакалавр;Санкт-Петербург;М;Нет;36;6;2;156549;21865
1870;Финансы;Senior;Бакалавр;Казань;Ж;Нет;39;10;4;249960;55683
1871;Финансы;Middle;Магистр;Новосибирск;М;Да;30;4;3;122147;17039
1872;Инженерия;Middle;Магистр;Екатеринбург;М;Нет;29;4;4;151021;45281
1873;Инженерия;Senior;PhD;Москва;Ж;Да;33;9;4;397307;34153
1874;HR;Senior;Бакалавр;Москва;Ж;Да;35;8;2;220839;39544
1875;Продажи;Middle;Магистр;Санкт-Петербург;М;Да;31;7;3;220072;43926
1876;Поддержка;Junior;Бакалавр;Москва;Ж;Да;28;6;4;70104;7987
1877;Финансы;Junior;Бакалавр;Екатеринбург;М;Нет;27;0;4;93448;8689
1878;Маркетинг;Junior;Магистр;Новосибирск;М;Да;25;0;5;80742;20030
1879;Продажи;Senior;Бакалавр;Санкт-Петербург;М;Нет;31;6;4;320258;91856
1880;HR;Middle;Бакалавр;Санкт-Петербург;М;Да;37;7;2;96693;18198
1881;HR;Middle;Бакалавр;Екатеринбург;Ж;Да;29;5;4;110384;31402
1882;HR;Junior;Бакалавр;Санкт-Петербург;М;Нет;24;1;4;77353;276
1883;Финансы;Lead;Бакалавр;Москва;М;Да;35;10;5;570173;169046
1884;Маркетинг;Junior;Магистр;Москва;Ж;Да;28;0;5;87044;3814
1885;Маркетинг;Middle;Магистр;Санкт-Петербург;М;Нет;32;3;2;101782;19508
1886;Маркетинг;Middle;Магистр;Москва;М;Нет;31;7;4;249601;64186
1887;Поддержка;Junior;Магистр;Санкт-Петербург;Ж;Да;28;1;4;70888;1279
1888;Продажи;Senior;PhD;Новосибирск;М;Нет;34;10;5;291722;85690
1889;Финансы;Junior;Бакалавр;Санкт-Петербург;Ж;Да;28;0;3;106351;18875
1890;Маркетинг;Middle;Бакалавр;Москва;М;Нет;30;6;4;137732;12426
1891;Инженерия;Junior;Бакалавр;Екатеринбург;М;Нет;25;1;1;121534;35749
1892;Продажи;Junior;Бакалавр;Санкт-Петербург;М;Нет;32;3;4;69208;2340
1893;Инженерия;Senior;Бакалавр;Санкт-Петербург;Ж;Да;40;10;3;380383;2280
1894;Маркетинг;Junior;Магистр;Москва;Ж;Нет;27;0;5;81885;17358
1895;Финансы;Junior;PhD;Казань;Ж;Нет;33;4;2;87104;7312
1896;Инженерия;Middle;Бакалавр;Москва;М;Нет;33;8;3;160334;8048
1897;Продажи;Junior;Бакалавр;Москва;М;Нет;27;4;4;93762;2395
1898;Маркетинг;Senior;Бакалавр;Санкт-Петербург;М;Нет;33;8;4;287564;81350
1899;Финансы;Junior;Магистр;Новосибирск;Ж;Нет;26;3;5;67609;5805
1900;Поддержка;Junior;Магистр;Москва;М;Нет;28;2;2;85751;14071
1901;Маркетинг;Middle;Магистр;Казань;Ж;Нет;28;3;4;122009;28686
1902;Поддержка;Senior;Бакалавр;Казань;М;Да;31;6;1;119603;31967
1903;Продажи;Junior;Бакалавр;Екатеринбург;Ж;Нет;22;0;3;57424;1697
1904;Финансы;Junior;Бакалавр;Санкт-Петербург;М;Да;27;1;2;88540;2377
1905;Финансы;Middle;PhD;Санкт-Петербург;Ж;Нет;31;4;4;148108;30082
1906;Маркетинг;Middle;Магистр;Казань;Ж;Нет;28;6;4;94145;26742
1907;Инженерия;Middle;Бакалавр;Новосибирск;М;Да;33;3;4;201482;41025
1908;Продажи;Junior;Бакалавр;Екатеринбург;Ж;Нет;28;3;3;47595;9437
1909;Инженерия;Senior;Бакалавр;Новосибирск;Ж;Нет;27;5;5;227041;59389
1910;Поддержка;Senior;Магистр;Москва;М;Нет;34;7;5;193830;45135
1911;Маркетинг;Middle;PhD;Москва;М;Нет;32;3;2;178601;789
1912;Поддержка;Lead;Бакалавр;Санкт-Петербург;М;Нет;41;15;4;469428;71497
1913;Инженерия;Senior;Магистр;Екатеринбург;М;Нет;42;12;4;297009;5560
1914;Продажи;Junior;Бакалавр;Новосибирск;М;Нет;22;0;5;72902;12242
1915;Маркетинг;Lead;Магистр;Санкт-Петербург;М;Нет;39;11;5;458453;80531
1916;Продажи;Middle;Магистр;Москва;Ж;Да;31;3;5;181051;19960
1917;Продажи;Middle;Бакалавр;Санкт-Петербург;Ж;Нет;28;0;3;190213;6816
1918;Маркетинг;Junior;Магистр;Москва;Ж;Нет;25;3;4;110953;2746
1919;Инженерия;Middle;Бакалавр;Санкт-Петербург;М;Да;32;4;3;196112;17652
1920;Продажи;Junior;Бакалавр;Санкт-Петербург;Ж;Да;27;5;5;64749;17926
1921;Инженерия;Middle;Бакалавр;Екатеринбург;М;Нет;32;2;3;174082;46111
1922;Продажи;Junior;Бакалавр;Екатеринбург;М;Нет;26;1;3;59830;1253
1923;Маркетинг;Lead;Бакалавр;Москва;М;Да;40;10;2;349594;14425
1924;Инженерия;Junior;Бакалавр;Санкт-Петербург;М;Да;22;0;3;82975;9474
1925;Инженерия;Middle;Бакалавр;Новосибирск;Ж;Да;29;3;4;186137;1959
1926;Финансы;Junior;Магистр;Москва;Ж;Нет;32;4;4;129031;20047
1927;Финансы;Junior;Бакалавр;Екатеринбург;М;Нет;28;0;5;87249;11301
1928;Продажи;Senior;Магистр;Москва;М;Да;41;13;4;363721;57630
1929;Финансы;Middle;Бакалавр;Москва;М;Нет;30;6;3;242158;39259
1930;Инженерия;Junior;Магистр;Санкт-Петербург;Ж;Нет;27;0;4;98662;14660
1931;HR;Senior;Магистр;Москва;М;Нет;34;7;3;300427;32732
1932;Маркетинг;Middle;Бакалавр;Новосибирск;М;Нет;32;6;4;137350;34574
1933;Продажи;Junior;Бакалавр;Казань;М;Да;30;0;4;75493;12747
1934;HR;Middle;Бакалавр;Екатеринбург;М;Нет;27;3;4;115934;18679
1935;Инженерия;Middle;Магистр;Новосибирск;М;Да;31;7;4;184359;37725
1936;Инженерия;Middle;Бакалавр;Казань;М;Нет;28;6;4;176999;38976
1937;Инженерия;Middle;Магистр;Новосибирск;Ж;Нет;26;4;4;153834;27931
1938;HR;Middle;Магистр;Новосибирск;Ж;Да;33;4;3;82154;17112
1939;HR;Senior;Бакалавр;Москва;Ж;Нет;40;11;2;234900;51866
1940;HR;Lead;Магистр;Москва;Ж;Нет;43;15;3;439218;54839
1941;Финансы;Middle;Магистр;Новосибирск;Ж;Да;34;6;4;162246;36397
1942;Инженерия;Middle;PhD;Екатеринбург;М;Да;27;1;4;170069;44349
1943;Инженерия;Senior;Магистр;Казань;Ж;Да;34;9;2;307183;3700
1944;Финансы;Lead;PhD;Екатеринбург;Ж;Нет;41;15;5;405104;67285
1945;Продажи;Junior;PhD;Москва;Ж;Нет;29;2;4;108052;1468
1946;Маркетинг;Junior;Бакалавр;Москва;Ж;Нет;32;2;4;96870;9616
1947;Маркетинг;Lead;Магистр;Екатеринбург;М;Нет;34;10;4;373073;268
1948;Маркетинг;Middle;Бакалавр;Санкт-Петербург;Ж;Нет;27;4;3;144497;4744
1949;Инженерия;Junior;Бакалавр;Москва;Ж;Нет;24;0;4;118374;19029
1950;Финансы;Middle;Бакалавр;Москва;Ж;Нет;36;6;3;159058;31030
1951;Инженерия;Junior;PhD;Москва;Ж;Нет;27;0;3;101781;17600
1952;HR;Junior;Магистр;Санкт-Петербург;М;Нет;31;1;4;55068;3675
1953;Продажи;Middle;Магистр;Казань;М;Да;30;6;4;219261;19074
1954;Продажи;Middle;Бакалавр;Москва;М;Нет;30;6;3;227915;20850
1955;HR;Senior;Бакалавр;Москва;М;Да;30;8;2;210288;48475
1956;Продажи;Senior;Магистр;Москва;Ж;Да;33;10;5;351734;94015
1957;Инженерия;Middle;Бакалавр;Екатеринбург;М;Да;26;2;5;162751;13873
1958;Поддержка;Lead;Бакалавр;Москва;Ж;Нет;37;15;4;286291;31895
1959;Маркетинг;Junior;Бакалавр;Новосибирск;М;Нет;26;2;5;68152;1135
1960;HR;Middle;Бакалавр;Екатеринбург;М;Да;27;4;5;134604;24480
1961;Маркетинг;Junior;Бакалавр;Москва;Ж;Да;24;0;3;66367;15703
1962;Финансы;Senior;Магистр;Казань;М;Да;29;7;1;305155;85743
1963;Маркетинг;Middle;Магистр;Екатеринбург;М;Да;26;4;4;131279;14158
1964;Инженерия;Junior;Бакалавр;Казань;М;Нет;23;1;3;74475;17530
1965;Маркетинг;Junior;Магистр;Казань;Ж;Нет;25;0;4;46024;7779
1966;Инженерия;Junior;Бакалавр;Москва;Ж;Нет;26;1;3;152472;2040
1967;Финансы;Junior;Магистр;Казань;М;Да;30;2;4;67461;7391
1968;HR;Senior;Бакалавр;Москва;М;Да;32;6;4;172724;26923
1969;Поддержка;Middle;Магистр;Санкт-Петербург;Ж;Нет;27;2;4;100693;29158
1970;Маркетинг;Middle;PhD;Санкт-Петербург;Ж;Да;27;2;4;175781;33015
1971;Инженерия;Middle;Магистр;Москва;М;Нет;32;4;3;120736;30480
1972;Маркетинг;Junior;Бакалавр;Екатеринбург;М;Да;30;3;5;88464;19176
1973;Финансы;Middle;Бакалавр;Москва;Ж;Да;31;7;3;107356;27026
1974;HR;Senior;PhD;Казань;Ж;Нет;34;9;2;197965;4881
1975;Продажи;Lead;PhD;Москва;Ж;Нет;41;12;5;473056;75819
1976;HR;Lead;PhD;Казань;М;Нет;33;11;2;463090;27747
1977;Поддержка;Middle;Бакалавр;Москва;Ж;Да;33;5;5;166935;35034
1978;HR;Middle;Бакалавр;Новосибирск;М;Да;28;4;3;105867;29794
1979;Продажи;Lead;Бакалавр;Москва;Ж;Да;41;12;5;523258;38207
1980;Поддержка;Junior;Бакалавр;Москва;М;Нет;31;4;3;69076;960
1981;Финансы;Lead;Бакалавр;Москва;Ж;Да;40;11;4;617215;118046
1982;Финансы;Middle;Бакалавр;Москва;М;Да;33;5;5;190499;37483
1983;Инженерия;Senior;PhD;Москва;Ж;Да;29;6;4;428876;20596
1984;Инженерия;Junior;PhD;Москва;М;Да;29;2;1;133525;15840
1985;Финансы;Lead;Бакалавр;Москва;М;Нет;42;14;4;595430;84804
1986;Инженерия;Senior;Бакалавр;Казань;Ж;Да;32;6;3;243190;2211
1987;Инженерия;Middle;Магистр;Казань;Ж;Нет;38;9;5;171950;50023
1988;HR;Junior;Бакалавр;Москва;М;Нет;27;3;4;119813;4032
1989;Финансы;Middle;Бакалавр;Новосибирск;М;Да;26;1;4;125970;1164
1990;Маркетинг;Middle;PhD;Москва;Ж;Да;26;4;4;258318;14499
1991;Продажи;Middle;Магистр;Санкт-Петербург;Ж;Да;31;5;3;145675;21047
1992;Маркетинг;Senior;Бакалавр;Санкт-Петербург;М;Да;38;10;3;215325;38305
1993;Инженерия;Middle;Бакалавр;Екатеринбург;М;Нет;32;3;4;163592;40182
1994;Маркетинг;Junior;Бакалавр;Екатеринбург;Ж;Да;28;0;4;55914;3285
1995;Финансы;Senior;Бакалавр;Москва;Ж;Да;29;7;4;283471;72328
1996;Инженерия;Junior;Бакалавр;Санкт-Петербург;Ж;Нет;27;0;5;51264;10999
1997;Продажи;Junior;Бакалавр;Екатеринбург;М;Да;26;1;4;63197;8395
1998;Инженерия;Middle;Магистр;Москва;М;Нет;31;3;5;181533;39010
1999;Продажи;Senior;Магистр;Москва;Ж;Нет;38;9;5;511821;111934
2000;Инженерия;Junior;Магистр;Казань;М;Да;25;0;4;86812;25441
2001;Финансы;Middle;Бакалавр;Новосибирск;Ж;Да;29;4;3;131231;35292
2002;Продажи;Lead;Бакалавр;Москва;Ж;Да;43;13;5;475592;103610
2003;Продажи;Middle;Бакалавр;Москва;Ж;Да;29;6;5;141653;16000
2004;Маркетинг;Middle;PhD;Санкт-Петербург;М;Нет;29;6;4;177395;20278
2005;Финансы;Middle;PhD;Екатеринбург;М;Нет;31;6;5;185616;39841
2006;Инженерия;Senior;Бакалавр;Казань;Ж;Нет;37;8;5;292433;68981
2007;Инженерия;Middle;Бакалавр;Санкт-Петербург;М;Да;29;4;2;144881;9567
2008;Инженерия;Junior;Бакалавр;Москва;Ж;Нет;27;1;5;118861;32835
2009;Инженерия;Lead;Бакалавр;Москва;М;Нет;40;11;4;466086;19603
2010;Инженерия;Middle;Бакалавр;Казань;Ж;Да;26;2;5;165823;20751
2011;Инженерия;Senior;Магистр;Казань;Ж;Нет;29;5;3;264582;51566
2012;Маркетинг;Middle;Бакалавр;Санкт-Петербург;Ж;Нет;28;2;3;99372;8889
2013;Инженерия;Junior;Магистр;Санкт-Петербург;М;Нет;25;1;4;121026;18146
2014;Инженерия;Lead;Бакалавр;Москва;Ж;Да;45;16;4;387806;49314
2015;Поддержка;Senior;Бакалавр;Санкт-Петербург;Ж;Да;35;10;4;202355;30862
2016;Инженерия;Middle;PhD;Новосибирск;М;Да;32;4;1;203148;28927
2017;Инженерия;Junior;Бакалавр;Москва;М;Нет;29;0;4;103768;24538
2018;Поддержка;Junior;Магистр;Москва;М;Да;29;3;5;65483;12027
2019;HR;Junior;Бакалавр;Москва;М;Нет;29;2;2;70714;18685
2020;HR;Middle;Магистр;Москва;Ж;Нет;31;4;1;135453;36177
2021;Маркетинг;Junior;Магистр;Новосибирск;Ж;Да;30;3;5;87283;21060
2022;Инженерия;Middle;Бакалавр;Москва;М;Нет;28;2;4;214100;14777
2023;Финансы;Senior;Бакалавр;Казань;Ж;Нет;36;8;5;170044;40237
2024;Продажи;Middle;PhD;Казань;М;Да;34;6;4;185492;30236
2025;Продажи;Junior;PhD;Москва;М;Нет;22;0;4;130801;36411
2026;Инженерия;Junior;Бакалавр;Екатеринбург;М;Да;30;0;4;83744;6579
2027;Инженерия;Junior;Бакалавр;Москва;М;Нет;27;1;3;68123;14287
2028;Маркетинг;Junior;Магистр;Санкт-Петербург;Ж;Да;29;0;4;96585;8288
2029;Маркетинг;Middle;Магистр;Новосибирск;Ж;Да;27;4;3;137319;31381
2030;Маркетинг;Middle;Бакалавр;Новосибирск;М;Да;25;3;4;137997;8052
2031;Маркетинг;Middle;Магистр;Новосибирск;М;Нет;28;2;4;73076;9301
2032;Финансы;Middle;PhD;Москва;М;Нет;28;2;3;175325;25123
2033;Маркетинг;Middle;Магистр;Москва;М;Да;29;7;3;183147;7359
2034;Продажи;Middle;Бакалавр;Екатеринбург;Ж;Нет;24;2;5;104656;31231
2035;Инженерия;Junior;Магистр;Москва;Ж;Нет;30;3;4;210336;33353
2036;Продажи;Senior;Бакалавр;Екатеринбург;Ж;Да;33;8;3;166822;4793
2037;Маркетинг;Middle;Бакалавр;Новосибирск;Ж;Нет;35;5;3;134846;2254
2038;Финансы;Junior;Бакалавр;Москва;М;Да;27;0;2;128541;28723
2039;Продажи;Middle;Магистр;Москва;М;Нет;30;6;4;285156;29270
2040;Инженерия;Junior;Бакалавр;Санкт-Петербург;М;Да;22;0;4;108406;793
2041;Инженерия;Middle;Бакалавр;Санкт-Петербург;М;Да;29;6;4;200720;39518
2042;Инженерия;Senior;Магистр;Санкт-Петербург;М;Нет;37;10;4;283913;57636
2043;Продажи;Senior;Бакалавр;Екатеринбург;М;Да;36;6;5;202928;33380
2044;HR;Junior;Бакалавр;Екатеринбург;Ж;Да;25;2;3;37421;4518
2045;Маркетинг;Middle;Бакалавр;Москва;М;Нет;31;3;3;121715;24816
2046;HR;Middle;Бакалавр;Москва;М;Да;32;6;2;136591;8493
2047;Продажи;Middle;Магистр;Санкт-Петербург;М;Нет;35;5;4;160003;38362
2048;Инженерия;Middle;Магистр;Москва;М;Нет;31;3;4;253961;6964
2049;Инженерия;Senior;Бакалавр;Санкт-Петербург;Ж;Нет;33;8;4;325795;28033
2050;Маркетинг;Junior;Бакалавр;Санкт-Петербург;М;Да;32;2;3;61326;8892
2051;Продажи;Junior;Бакалавр;Москва;М;Нет;28;0;5;116007;4190
2052;Инженерия;Middle;Бакалавр;Санкт-Петербург;Ж;Нет;30;8;4;198013;41955
2053;Финансы;Junior;Бакалавр;Санкт-Петербург;М;Да;27;1;5;56845;14104
2054;Продажи;Middle;PhD;Москва;Ж;Нет;31;6;4;133031;35538
2055;Финансы;Lead;Магистр;Екатеринбург;Ж;Нет;44;16;3;385696;10784
2056;Инженерия;Junior;Бакалавр;Санкт-Петербург;М;Да;30;0;4;117310;22951
2057;Поддержка;Senior;Бакалавр;Москва;М;Да;28;6;4;228653;29102
2058;Инженерия;Middle;Бакалавр;Санкт-Петербург;Ж;Нет;32;2;3;187194;12094
2059;Финансы;Junior;Магистр;Москва;Ж;Да;27;3;4;91340;25127
2060;Инженерия;Lead;Магистр;Санкт-Петербург;Ж;Нет;41;13;3;501253;118051
2061;Инженерия;Middle;Бакалавр;Москва;М;Нет;32;6;5;169552;21549
2062;Финансы;Junior;Бакалавр;Москва;М;Нет;25;3;2;107984;19059
2063;Продажи;Senior;Магистр;Екатеринбург;Ж;Да;36;8;2;269614;45560
2064;Поддержка;Middle;Бакалавр;Санкт-Петербург;Ж;Нет;36;7;3;87050;17901
2065;Поддержка;Middle;PhD;Новосибирск;Ж;Нет;28;5;5;79869;20311
2066;Финансы;Middle;Магистр;Москва;М;Нет;25;2;5;114800;23323
2067;Продажи;Junior;Магистр;Москва;Ж;Да;25;3;3;106832;24374
2068;Финансы;Senior;Магистр;Санкт-Петербург;М;Нет;37;7;3;350193;17207
2069;Продажи;Senior;Магистр;Москва;Ж;Нет;33;9;4;331454;43626
2070;Инженерия;Junior;Бакалавр;Москва;М;Да;26;0;4;108778;30131
2071;Финансы;Middle;Бакалавр;Москва;М;Да;34;6;5;188664;41477
2072;Финансы;Junior;Магистр;Санкт-Петербург;Ж;Да;23;1;3;78070;10861
2073;Инженерия;Senior;Бакалавр;Москва;Ж;Да;37;8;4;406705;77610
2074;Финансы;Junior;Магистр;Казань;Ж;Нет;29;0;4;87147;7353
2075;Маркетинг;Junior;PhD;Москва;Ж;Да;27;5;4;145984;718
2076;HR;Senior;Магистр;Москва;Ж;Да;31;8;5;376657;3396
2077;Инженерия;Junior;Бакалавр;Санкт-Петербург;Ж;Нет;33;4;3;103164;5925
2078;Инженерия;Middle;Бакалавр;Москва;М;Нет;23;0;4;144112;15634
2079;Финансы;Junior;PhD;Новосибирск;Ж;Да;27;1;4;87970;24499
2080;Маркетинг;Middle;Бакалавр;Казань;Ж;Нет;27;4;3;114526;30632
2081;Инженерия;Senior;Магистр;Москва;Ж;Да;39;9;5;299151;7612
2082;Продажи;Middle;PhD;Москва;Ж;Да;33;6;5;153968;3605
2083;Финансы;Lead;Бакалавр;Москва;Ж;Нет;36;11;5;526549;41858
2084;Продажи;Middle;Магистр;Москва;Ж;Нет;34;9;5;194558;39033
2085;Продажи;Middle;Магистр;Екатеринбург;М;Да;32;6;2;149713;10384
2086;Продажи;Junior;PhD;Москва;М;Да;26;2;5;93761;22339
2087;Финансы;Middle;Магистр;Санкт-Петербург;М;Да;28;4;3;149292;11115
2088;Продажи;Senior;Магистр;Москва;Ж;Нет;36;9;4;312903;20659
2089;Поддержка;Middle;Магистр;Москва;Ж;Нет;26;2;4;117763;3954
2090;Продажи;Lead;Магистр;Санкт-Петербург;М;Нет;38;12;1;377283;79864
2091;Финансы;Senior;Бакалавр;Новосибирск;Ж;Да;37;7;4;131275;2114
2092;Инженерия;Middle;Бакалавр;Екатеринбург;Ж;Да;25;3;4;181121;2691
2093;Финансы;Junior;Магистр;Москва;М;Нет;25;3;3;111364;2199
2094;Инженерия;Lead;Магистр;Москва;Ж;Нет;40;12;1;609709;46556
2095;Инженерия;Junior;PhD;Москва;Ж;Нет;32;2;5;131845;28239
2096;Инженерия;Middle;Магистр;Санкт-Петербург;Ж;Нет;33;6;3;163224;38052
2097;Финансы;Middle;Магистр;Екатеринбург;Ж;Да;34;6;2;203163;8310
2098;Продажи;Middle;Бакалавр;Екатеринбург;М;Нет;29;7;5;156944;39760
2099;Продажи;Middle;Бакалавр;Москва;Ж;Нет;29;4;5;191343;47703
2100;Инженерия;Senior;Бакалавр;Санкт-Петербург;Ж;Нет;38;9;4;289449;33268
2101;Маркетинг;Senior;PhD;Санкт-Петербург;М;Да;35;7;5;278566;19815
2102;Инженерия;Junior;Бакалавр;Москва;М;Нет;29;0;3;120073;17525
2103;Инженерия;Junior;PhD;Санкт-Петербург;Ж;Нет;28;2;4;108876;8225
2104;Финансы;Middle;Бакалавр;Казань;М;Да;33;5;5;132951;12863
2105;Инженерия;Lead;Магистр;Москва;Ж;Нет;36;13;5;402670;22795
2106;Инженерия;Middle;Бакалавр;Казань;Ж;Да;35;5;4;160697;38560
2107;Маркетинг;Middle;Бакалавр;Санкт-Петербург;Ж;Нет;27;3;3;145845;27938
2108;Инженерия;Middle;Бакалавр;Новосибирск;М;Да;26;1;1;161598;6795
2109;Инженерия;Senior;Бакалавр;Москва;М;Нет;33;6;3;220362;38780
2110;Финансы;Junior;Магистр;Москва;Ж;Да;26;1;4;112182;13270
2111;Продажи;Middle;Бакалавр;Москва;М;Нет;32;5;4;171462;48777
2112;Финансы;Senior;Магистр;Москва;М;Да;32;10;1;283423;80237
2113;HR;Middle;Бакалавр;Санкт-Петербург;Ж;Да;29;5;4;112930;19667
2114;Инженерия;Middle;Бакалавр;Санкт-Петербург;М;Да;25;3;5;150278;37496
2115;Инженерия;Junior;Магистр;Санкт-Петербург;Ж;Нет;30;0;4;88866;7224
2116;Инженерия;Middle;Магистр;Санкт-Петербург;Ж;Нет;28;0;4;200505;7242
2117;Продажи;Middle;Бакалавр;Екатеринбург;М;Нет;34;4;4;137160;35191
2118;Продажи;Junior;Магистр;Екатеринбург;М;Да;28;4;4;94988;11399
2119;Финансы;Junior;Магистр;Екатеринбург;М;Да;27;1;3;94024;15223
2120;Продажи;Middle;Бакалавр;Санкт-Петербург;М;Нет;29;5;4;141065;31507
2121;Маркетинг;Junior;Бакалавр;Казань;М;Да;32;2;3;59212;16961
2122;Продажи;Junior;Бакалавр;Казань;Ж;Нет;28;3;2;59037;6469
2123;Финансы;Middle;Бакалавр;Москва;М;Да;28;6;4;204304;13655
2124;HR;Middle;Магистр;Санкт-Петербург;Ж;Да;35;7;4;109264;630
2125;HR;Senior;Бакалавр;Москва;М;Нет;30;8;5;279651;44594
2126;Финансы;Junior;Бакалавр;Казань;Ж;Нет;25;0;4;86269;1850
2127;Продажи;Senior;Магистр;Москва;М;Да;34;10;5;334242;50746
2128;Инженерия;Senior;Бакалавр;Екатеринбург;М;Да;39;9;2;208727;38901
2129;Финансы;Middle;Бакалавр;Москва;М;Нет;27;5;4;199928;15140
2130;Продажи;Junior;Бакалавр;Москва;Ж;Нет;27;2;4;92333;8549
2131;HR;Middle;Бакалавр;Санкт-Петербург;М;Нет;33;3;4;146755;35765
2132;Поддержка;Junior;Магистр;Новосибирск;Ж;Нет;24;0;4;49541;7011
2133;HR;Lead;Бакалавр;Санкт-Петербург;М;Нет;40;12;4;360924;64175
2134;Поддержка;Junior;Бакалавр;Санкт-Петербург;Ж;Да;34;4;5;51819;2275
2135;Инженерия;Senior;Бакалавр;Москва;Ж;Нет;35;8;1;382205;87320
2136;Маркетинг;Middle;Бакалавр;Казань;Ж;Нет;34;5;4;125359;27498
2137;Инженерия;Junior;Магистр;Новосибирск;Ж;Да;28;1;4;101961;4010
2138;Финансы;Junior;Бакалавр;Новосибирск;Ж;Нет;26;3;4;67854;20018
2139;Поддержка;Middle;PhD;Москва;М;Нет;26;2;4;173011;3203
2140;Инженерия;Middle;PhD;Екатеринбург;М;Нет;32;5;5;166650;37702
2141;Инженерия;Junior;Бакалавр;Москва;М;Нет;27;0;4;89919;5502
2142;Финансы;Junior;Бакалавр;Санкт-Петербург;Ж;Да;31;3;5;73813;21267
2143;HR;Middle;Бакалавр;Москва;М;Нет;26;2;3;120811;18603
2144;Поддержка;Junior;Бакалавр;Санкт-Петербург;Ж;Да;34;5;3;62042;10608
2145;Финансы;Junior;Бакалавр;Новосибирск;М;Да;31;2;4;106614;22704
2146;Маркетинг;Lead;Бакалавр;Екатеринбург;Ж;Да;44;16;4;343457;101546
2147;Маркетинг;Senior;Бакалавр;Новосибирск;Ж;Нет;32;10;4;209980;8732
2148;Инженерия;Senior;Магистр;Екатеринбург;М;Да;33;6;4;293727;74950
2149;Финансы;Lead;PhD;Москва;М;Нет;40;14;3;667703;185682
2150;Продажи;Junior;Бакалавр;Казань;М;Да;28;2;4;63696;1363
2151;Инженерия;Senior;Бакалавр;Москва;М;Да;37;10;5;328969;51606
2152;Маркетинг;Junior;Магистр;Москва;Ж;Да;29;1;5;124207;22179
2153;Продажи;Middle;Бакалавр;Новосибирск;Ж;Да;37;7;3;122835;24946
2154;Маркетинг;Junior;PhD;Екатеринбург;Ж;Нет;23;0;5;69340;4267
2155;Инженерия;Senior;Магистр;Екатеринбург;Ж;Да;36;8;4;207179;18493
2156;Инженерия;Lead;Магистр;Москва;М;Нет;38;15;3;739852;136994
2157;Маркетинг;Middle;Магистр;Казань;Ж;Нет;25;3;4;134634;10104
2158;Маркетинг;Middle;Магистр;Санкт-Петербург;Ж;Нет;30;1;5;103441;30140
2159;Инженерия;Middle;Магистр;Москва;Ж;Нет;37;9;4;179538;52525
2160;Маркетинг;Lead;Бакалавр;Казань;М;Нет;37;14;4;285479;60058
2161;Финансы;Senior;Бакалавр;Москва;М;Нет;31;5;4;417372;42200
2162;Инженерия;Senior;Бакалавр;Москва;Ж;Да;39;9;5;268111;74419
2163;Маркетинг;Middle;Бакалавр;Москва;М;Да;30;4;2;265237;55900
2164;Поддержка;Junior;Магистр;Новосибирск;Ж;Нет;23;1;4;59466;14191
2165;HR;Middle;Бакалавр;Санкт-Петербург;М;Нет;27;3;2;98208;12202
2166;Инженерия;Lead;Магистр;Екатеринбург;Ж;Да;39;13;3;341108;76803
2167;Поддержка;Junior;Бакалавр;Санкт-Петербург;Ж;Да;27;3;5;80529;178
2168;Продажи;Middle;Бакалавр;Екатеринбург;М;Да;26;4;3;94590;5838
2169;Финансы;Lead;Магистр;Москва;Ж;Да;41;14;4;502079;48975
2170;Продажи;Junior;Бакалавр;Санкт-Петербург;Ж;Да;24;2;5;96657;26409
2171;Финансы;Senior;PhD;Санкт-Петербург;М;Нет;37;9;5;236886;20226
2172;Поддержка;Junior;Бакалавр;Москва;М;Нет;22;0;3;73002;12638
2173;Поддержка;Middle;Магистр;Новосибирск;Ж;Нет;27;2;4;79464;16644
2174;Финансы;Junior;Магистр;Новосибирск;Ж;Да;24;0;3;95678;26553
2175;Продажи;Senior;Бакалавр;Москва;Ж;Да;32;6;4;232410;18695
2176;Поддержка;Lead;Бакалавр;Санкт-Петербург;Ж;Да;33;10;4;338197;2408
2177;Инженерия;Middle;Бакалавр;Казань;Ж;Да;32;5;4;196254;12477
2178;Инженерия;Senior;Магистр;Новосибирск;Ж;Нет;35;10;3;316567;38462
2179;Маркетинг;Middle;Бакалавр;Санкт-Петербург;М;Да;30;5;4;135661;6773
2180;HR;Lead;Магистр;Санкт-Петербург;Ж;Нет;35;11;3;345723;63899
2181;Инженерия;Senior;Магистр;Санкт-Петербург;М;Да;28;2;3;231453;28699
2182;Инженерия;Senior;Магистр;Казань;Ж;Нет;37;8;3;256994;3451
2183;Продажи;Junior;PhD;Новосибирск;Ж;Да;25;1;5;103940;30019
2184;Финансы;Lead;Бакалавр;Екатеринбург;М;Да;32;10;3;415287;112975
2185;Инженерия;Senior;Бакалавр;Новосибирск;М;Да;33;11;3;207324;8126
2186;Поддержка;Junior;Бакалавр;Москва;М;Нет;27;3;5;102936;15552
2187;Продажи;Middle;PhD;Москва;М;Да;28;5;5;167645;37310
2188;Маркетинг;Junior;Бакалавр;Москва;М;Да;33;4;5;70202;20434
2189;Поддержка;Junior;Бакалавр;Москва;Ж;Да;30;0;4;72045;6547
2190;Инженерия;Middle;Магистр;Москва;Ж;Да;30;5;4;261481;25122
2191;Маркетинг;Middle;Магистр;Екатеринбург;М;Нет;33;4;4;139165;17654
2192;Инженерия;Senior;Бакалавр;Казань;Ж;Нет;30;8;4;149744;41653
2193;HR;Senior;Магистр;Москва;Ж;Нет;41;13;3;313337;44732
2194;Финансы;Middle;PhD;Москва;М;Нет;28;6;4;182391;39166
2195;Инженерия;Junior;Магистр;Санкт-Петербург;Ж;Да;30;0;4;99880;21209
2196;Финансы;Lead;Магистр;Санкт-Петербург;М;Нет;38;12;4;526452;129622
2197;Инженерия;Junior;Магистр;Екатеринбург;Ж;Да;31;3;4;128399;20753
2198;Продажи;Middle;Магистр;Москва;М;Да;23;1;3;167864;15
2199;Инженерия;Middle;Бакалавр;Екатеринбург;Ж;Нет;24;2;3;139567;1391
