id,account_age_days,sessions_last_30,minutes_per_session,days_since_last_activity,support_tickets,failed_payments,discount_percent,plan_price,homework_completion,previous_courses,mobile_share,avg_gap_days,plan_type,device,region,acquisition_channel,favorite_topic,churn
1,106,7,35.2,1,2,1,10,490,0.49,1,0.26,8.4,plus,phone,север,школа,data,0
2,158,8,46.9,22,0,0,30,1990,0.4,2,0.09,14.9,basic,phone,запад,реклама,data,0
3,115,15,23.0,3,0,0,10,1590,0.35,0,0.77,0.0,basic,tablet,центр,друг,python,0
4,183,12,52.6,8,1,0,5,790,0.59,1,0.27,9.0,premium,phone,центр,друг,games,0
5,81,8,24.4,10,0,0,15,790,0.51,0,0.5,10.2,plus,tablet,север,соцсети,python,1
6,92,8,34.5,3,1,1,10,1190,0.64,2,0.75,4.0,plus,tablet,север,соцсети,web,1
7,103,8,35.8,24,0,0,20,790,0.64,0,0.91,20.2,plus,phone,юг,реклама,games,1
8,442,10,41.6,0,0,0,20,1190,0.83,0,0.36,8.6,plus,phone,север,соцсети,data,0
9,205,12,27.4,3,1,0,15,1190,0.73,1,0.58,6.9,basic,laptop,север,реклама,math,0
10,165,9,30.0,10,0,0,20,790,0.48,0,0.24,9.5,basic,laptop,восток,друг,math,0
11,283,3,29.2,10,0,0,30,490,0.58,1,0.74,5.4,premium,laptop,центр,реклама,games,0
12,900,7,23.6,1,1,0,10,490,0.8,1,0.58,0.0,plus,phone,север,поиск,data,0
13,322,11,37.1,4,0,0,10,790,0.14,0,0.43,6.0,plus,tablet,запад,реклама,web,1
14,69,7,24.5,2,2,0,10,1190,0.46,0,0.23,3.5,plus,phone,юг,школа,python,0
15,158,7,18.7,20,1,1,0,790,0.35,1,0.67,11.3,basic,tablet,восток,соцсети,games,1
16,288,11,52.8,13,1,0,0,790,0.64,0,0.41,11.4,basic,phone,восток,школа,math,0
17,126,6,25.2,6,1,0,10,490,0.5,1,0.29,0.4,plus,phone,север,поиск,data,0
18,178,10,33.9,0,1,2,20,1190,0.49,0,,6.3,basic,laptop,юг,реклама,python,0
19,244,5,26.8,10,2,0,10,490,0.63,0,0.75,0.1,plus,phone,центр,реклама,data,0
20,178,7,31.2,7,0,1,0,790,0.39,2,0.04,4.8,plus,laptop,восток,друг,games,0
21,478,7,21.7,1,1,1,15,790,0.26,0,0.04,10.2,plus,phone,центр,школа,math,1
22,632,10,29.8,8,1,0,20,790,0.51,2,0.08,13.5,basic,laptop,запад,реклама,games,0
23,290,8,28.5,5,1,1,10,790,0.67,1,0.6,11.7,plus,phone,центр,друг,python,0
24,331,11,36.4,24,0,1,10,1190,0.68,0,0.71,4.2,plus,laptop,центр,реклама,data,0
25,280,9,43.2,7,0,0,5,490,0.52,1,0.71,8.3,basic,laptop,центр,реклама,games,0
26,232,10,34.9,0,1,0,15,490,0.66,0,0.61,6.7,plus,laptop,юг,школа,math,0
27,169,10,31.3,8,1,0,0,790,0.42,0,0.79,6.4,plus,phone,юг,друг,python,0
28,138,13,23.5,11,0,0,15,1590,0.77,2,0.64,8.3,plus,phone,юг,друг,math,1
29,221,11,27.8,35,2,0,5,790,0.51,1,0.58,22.7,plus,phone,центр,школа,data,1
30,424,9,22.5,9,0,0,10,790,0.61,1,0.88,14.0,premium,phone,запад,реклама,games,0
31,347,13,30.0,5,2,0,20,490,0.82,1,0.7,10.3,premium,phone,восток,соцсети,games,0
32,401,5,57.2,8,0,0,15,790,0.76,1,0.73,2.0,plus,phone,восток,соцсети,web,0
33,36,16,58.1,16,0,0,10,1590,0.52,2,0.65,12.2,plus,laptop,север,школа,web,0
34,322,5,22.2,18,2,0,5,790,0.74,1,0.49,18.2,plus,laptop,север,реклама,web,0
35,69,12,26.8,41,1,0,15,490,0.73,1,0.67,25.7,basic,laptop,запад,школа,math,0
36,507,14,12.1,7,1,1,20,490,0.8,0,,5.1,basic,phone,центр,соцсети,games,0
37,160,9,23.3,4,0,0,30,1190,0.4,1,0.82,9.5,plus,laptop,центр,друг,data,0
38,298,10,3.0,5,0,0,10,1990,0.6,0,0.36,8.7,premium,laptop,восток,друг,python,0
39,177,9,42.6,1,0,0,15,790,0.32,3,0.72,3.0,plus,phone,восток,друг,data,0
40,55,7,29.5,26,1,0,30,490,0.73,1,0.09,8.3,premium,phone,юг,друг,python,0
41,149,2,48.2,5,1,0,15,1190,0.18,1,0.78,8.7,premium,tablet,центр,соцсети,python,1
42,123,16,38.5,5,0,2,0,490,0.5,0,0.73,9.8,basic,laptop,запад,поиск,math,0
43,100,8,28.4,12,0,0,10,1590,0.77,1,0.89,16.5,basic,laptop,запад,школа,web,0
44,151,10,10.8,21,0,0,30,790,0.74,1,0.75,6.7,basic,phone,центр,соцсети,web,1
45,365,7,35.0,18,2,0,15,490,0.69,2,0.35,11.1,basic,laptop,запад,школа,python,1
46,344,10,,1,0,1,15,490,0.59,2,0.56,4.7,premium,phone,центр,поиск,games,0
47,228,11,38.3,20,0,0,15,490,0.47,2,0.12,11.2,basic,phone,запад,друг,python,0
48,223,11,13.1,17,1,0,10,790,0.42,0,,10.3,premium,phone,север,школа,web,0
49,338,8,52.0,30,2,0,10,790,0.47,0,,16.2,basic,laptop,восток,соцсети,python,0
50,110,5,9.3,4,4,0,5,490,0.4,1,0.75,10.6,premium,laptop,восток,реклама,web,1
51,170,9,28.6,31,0,0,15,1190,0.1,1,0.59,13.8,basic,laptop,юг,соцсети,games,0
52,262,9,24.6,2,1,0,10,490,0.85,1,0.61,9.3,premium,phone,север,соцсети,python,1
53,190,8,30.3,12,2,0,15,790,0.83,1,0.38,11.2,basic,phone,восток,соцсети,python,0
54,221,5,7.3,11,0,1,10,790,0.71,0,0.43,9.2,basic,laptop,центр,реклама,data,1
55,159,7,32.6,32,1,0,5,490,0.4,0,,14.6,basic,tablet,восток,соцсети,data,0
56,475,8,20.8,11,1,0,10,1190,0.28,0,0.24,9.4,premium,phone,запад,соцсети,,0
57,202,8,38.7,1,1,1,15,1590,0.72,0,0.22,8.7,plus,phone,север,соцсети,web,1
58,384,6,37.6,7,1,0,10,1190,0.84,3,0.41,5.5,plus,phone,центр,соцсети,python,0
59,271,6,55.3,3,0,1,15,490,0.44,0,0.54,6.5,basic,tablet,запад,реклама,math,0
60,230,6,12.3,2,1,0,20,490,0.36,0,0.41,5.6,premium,phone,центр,школа,web,0
61,93,7,40.9,9,2,0,10,790,0.51,1,0.78,7.7,premium,laptop,запад,поиск,math,0
62,286,7,,1,1,0,10,490,0.26,2,0.72,12.7,basic,laptop,восток,поиск,data,0
63,234,8,29.9,20,0,0,30,790,0.96,1,0.26,17.9,plus,phone,восток,реклама,python,1
64,134,8,33.8,8,0,0,0,790,0.85,0,0.34,5.5,plus,laptop,центр,друг,math,0
65,332,4,40.4,0,1,0,15,490,0.69,2,0.39,6.1,basic,laptop,центр,поиск,web,0
66,98,9,28.4,12,0,1,10,1590,0.62,2,0.52,14.9,basic,laptop,север,друг,data,0
67,290,9,17.0,41,0,0,0,790,0.87,0,0.69,17.0,premium,phone,восток,поиск,math,0
68,316,6,8.6,11,0,0,0,1990,0.38,1,0.64,9.0,premium,phone,восток,школа,web,0
69,49,13,23.3,18,4,1,15,1190,0.09,2,0.74,10.0,basic,laptop,центр,поиск,python,0
70,118,7,19.5,9,1,0,0,1190,0.77,0,0.48,10.9,basic,phone,север,поиск,python,1
71,204,8,29.5,3,2,1,10,1190,0.56,1,0.07,4.4,premium,tablet,центр,друг,data,0
72,626,11,45.6,1,1,0,0,1590,0.28,1,0.23,5.7,basic,phone,запад,школа,games,0
73,482,9,28.5,3,0,1,5,1190,0.43,2,0.27,11.6,plus,phone,восток,реклама,,0
74,492,15,11.5,2,2,0,20,790,0.56,5,0.72,4.4,basic,phone,восток,соцсети,math,0
75,327,6,34.4,28,0,0,10,490,0.49,0,,5.9,plus,phone,юг,друг,web,0
76,209,9,3.7,12,1,1,20,1190,0.54,0,0.37,11.5,plus,phone,север,реклама,data,0
77,211,11,34.7,1,0,0,10,790,0.85,0,0.36,7.3,premium,laptop,центр,соцсети,web,0
78,96,7,10.6,3,0,2,10,1190,0.63,1,0.72,6.7,premium,phone,центр,друг,data,1
79,295,8,53.8,5,0,1,10,490,0.9,3,0.41,4.9,plus,laptop,центр,соцсети,python,0
80,315,8,28.8,0,0,1,0,490,0.41,2,0.59,7.9,basic,laptop,север,школа,python,0
81,100,12,50.0,5,0,0,30,1990,0.57,0,0.22,10.8,basic,laptop,восток,реклама,data,0
82,316,5,26.0,13,1,0,15,490,0.55,0,0.58,1.0,premium,laptop,юг,друг,data,0
83,101,8,10.3,8,2,0,0,490,0.34,2,0.78,10.1,premium,phone,запад,соцсети,python,0
84,145,7,33.5,10,3,0,5,790,0.85,0,0.25,1.5,plus,laptop,юг,поиск,games,0
85,123,8,10.4,6,1,0,0,1190,0.94,1,0.51,3.1,basic,phone,центр,соцсети,games,0
86,329,5,22.8,12,0,1,15,1590,0.81,1,0.24,7.8,basic,phone,восток,поиск,games,0
87,417,10,14.7,8,1,0,0,490,0.38,3,0.78,8.6,basic,phone,запад,реклама,python,0
88,151,12,34.4,1,2,0,15,790,0.79,1,0.14,6.5,basic,laptop,центр,реклама,,0
89,330,10,16.4,6,0,0,20,490,0.54,0,0.28,7.6,basic,tablet,запад,друг,web,0
90,241,15,32.3,5,1,0,5,1190,0.84,3,0.45,9.9,basic,tablet,восток,поиск,games,0
91,303,8,35.2,2,1,1,5,1190,0.25,0,0.09,12.9,basic,laptop,центр,поиск,python,0
92,216,6,37.9,12,0,1,15,490,0.49,0,0.26,0.0,basic,phone,север,друг,web,0
93,367,11,26.1,1,0,0,30,1190,0.73,2,0.71,8.9,premium,tablet,восток,школа,games,0
94,165,10,36.5,8,2,0,0,490,0.75,1,,6.7,plus,laptop,север,реклама,games,0
95,247,6,21.4,4,0,0,15,790,0.39,0,0.49,10.5,plus,laptop,север,соцсети,web,0
96,399,9,47.8,0,3,0,20,1590,0.45,0,0.78,1.9,basic,laptop,восток,друг,math,1
97,456,5,36.4,0,0,0,5,790,0.54,2,0.37,9.2,plus,laptop,юг,соцсети,web,0
98,229,1,27.2,1,3,0,0,790,0.93,0,0.64,3.8,plus,phone,центр,друг,python,0
99,84,11,10.9,13,1,0,10,490,0.44,2,0.32,7.3,basic,laptop,запад,поиск,data,0
100,89,7,23.7,3,0,0,5,1590,0.54,1,0.53,6.1,premium,laptop,юг,школа,games,0
101,299,13,24.9,6,3,0,0,490,0.54,1,0.31,10.6,basic,tablet,восток,друг,math,1
102,281,3,38.8,1,0,0,5,1190,0.48,0,0.65,6.1,plus,tablet,центр,школа,math,0
103,250,11,40.4,12,2,2,5,490,0.35,1,0.41,8.5,premium,laptop,запад,соцсети,data,1
104,301,9,21.5,2,0,0,30,490,0.66,1,0.48,0.0,basic,laptop,центр,поиск,web,0
105,407,11,52.4,10,1,1,20,790,0.91,0,0.61,7.2,plus,laptop,центр,друг,data,0
106,93,10,23.1,4,2,0,20,1190,0.34,2,0.36,2.1,basic,laptop,запад,друг,data,0
107,347,9,32.8,6,1,0,20,490,0.66,2,0.33,4.0,plus,phone,запад,реклама,python,0
108,218,12,21.4,18,1,0,20,490,0.25,1,0.02,8.8,premium,phone,север,соцсети,python,0
109,310,11,16.5,9,3,0,15,790,0.97,1,0.62,6.1,basic,laptop,юг,соцсети,python,0
110,262,11,41.8,20,1,0,15,1590,0.4,0,0.34,9.4,plus,tablet,север,реклама,games,1
111,46,6,33.9,5,2,0,20,1990,0.66,1,0.46,9.5,plus,phone,центр,поиск,math,0
112,102,9,22.0,26,1,0,0,1190,0.49,0,0.41,13.0,basic,phone,восток,поиск,python,0
113,257,7,40.5,15,1,0,0,1190,0.63,0,0.91,5.0,premium,tablet,центр,поиск,data,0
114,210,6,29.3,5,0,0,15,1190,0.83,2,0.29,2.8,premium,laptop,запад,друг,math,0
115,204,11,52.8,3,0,0,20,1590,0.8,2,0.09,9.4,plus,laptop,юг,друг,data,0
116,317,7,43.2,0,0,0,0,1590,0.2,1,0.89,8.5,basic,phone,восток,реклама,python,0
117,165,5,38.7,32,3,1,0,790,0.38,1,0.48,12.4,premium,laptop,восток,поиск,data,1
118,76,15,13.3,7,0,1,0,1190,0.24,1,0.25,8.3,basic,laptop,север,поиск,python,0
119,247,10,16.3,3,1,1,10,790,0.72,1,0.65,6.8,premium,laptop,запад,реклама,,0
120,342,10,20.3,13,2,0,0,1190,0.64,1,0.49,6.3,plus,laptop,восток,друг,games,0
121,660,10,11.7,7,0,0,15,790,0.16,0,0.96,9.3,plus,laptop,север,реклама,games,0
122,184,13,59.2,20,0,0,20,790,0.84,0,0.34,9.7,plus,laptop,запад,реклама,math,1
123,227,9,34.1,4,0,0,5,790,0.87,0,0.12,4.4,plus,tablet,юг,реклама,games,0
124,410,17,17.2,3,1,1,0,1190,0.53,1,0.34,12.0,plus,phone,запад,школа,games,0
125,71,9,54.5,0,2,0,20,490,0.46,0,0.54,7.5,plus,phone,юг,друг,games,0
126,248,5,38.8,17,2,0,0,790,0.82,1,0.53,5.0,basic,laptop,восток,поиск,python,0
127,80,5,52.1,12,1,1,15,790,0.79,1,0.8,9.7,basic,phone,юг,поиск,data,1
128,232,5,29.8,10,0,0,5,790,0.5,1,0.29,10.5,premium,laptop,восток,поиск,web,1
129,225,5,42.4,18,0,0,10,790,0.74,2,0.18,13.7,basic,phone,центр,реклама,games,1
130,317,13,9.4,5,0,0,0,1590,0.79,1,0.86,11.6,premium,phone,юг,соцсети,games,1
131,156,7,11.9,17,3,0,0,790,0.49,1,0.26,5.6,basic,phone,запад,соцсети,python,1
132,236,13,24.3,22,0,0,15,1190,0.56,1,0.1,15.2,plus,phone,восток,реклама,data,1
133,216,10,33.0,16,1,0,20,490,0.67,1,0.63,7.7,plus,phone,запад,поиск,python,0
134,277,7,41.5,14,0,0,30,1190,0.15,1,0.53,6.3,basic,phone,запад,реклама,python,0
135,57,5,5.6,13,1,0,20,490,0.27,2,0.42,10.9,basic,phone,центр,друг,python,0
136,580,10,11.8,9,1,0,15,790,0.88,0,0.26,13.0,premium,phone,восток,поиск,web,0
137,559,11,12.1,18,0,0,0,1190,0.43,1,0.27,7.3,basic,laptop,север,школа,data,0
138,134,9,43.7,8,0,0,20,790,0.2,1,0.25,7.4,premium,phone,юг,реклама,math,0
139,42,5,15.9,12,0,0,20,790,0.66,1,0.48,8.8,premium,phone,восток,поиск,web,1
140,120,11,11.3,2,2,0,10,1190,0.34,0,0.14,9.2,plus,laptop,юг,друг,games,0
141,331,8,36.3,12,1,0,0,490,0.58,2,0.43,6.0,basic,laptop,центр,друг,math,0
142,113,6,41.0,4,0,0,0,490,0.41,1,0.18,13.4,basic,phone,центр,поиск,data,0
143,202,9,30.5,10,0,0,5,790,0.73,2,,18.1,basic,laptop,запад,поиск,python,0
144,60,16,13.8,24,0,0,15,1990,0.38,3,0.64,11.6,basic,phone,центр,друг,data,0
145,53,11,17.7,3,1,0,0,1590,0.09,0,0.59,1.7,premium,phone,юг,поиск,python,0
146,190,7,22.0,1,0,1,5,490,0.05,0,0.7,13.4,premium,laptop,восток,друг,games,1
147,121,4,27.5,1,2,0,15,490,0.62,0,0.93,2.2,premium,laptop,восток,реклама,data,0
148,126,8,23.1,2,3,0,5,790,0.66,3,0.39,4.6,premium,phone,север,соцсети,data,0
149,20,7,54.3,2,2,1,0,490,0.55,1,0.42,0.1,basic,phone,юг,реклама,games,1
150,305,13,17.8,12,2,0,10,790,0.17,1,0.43,9.8,plus,phone,север,соцсети,games,1
151,279,6,25.3,3,0,0,5,490,0.24,1,0.31,9.0,basic,phone,восток,реклама,data,0
152,233,8,14.4,8,0,1,20,790,0.47,1,0.83,11.9,plus,phone,центр,соцсети,games,1
153,264,7,30.4,1,2,0,10,1990,0.93,0,0.4,0.7,basic,tablet,центр,поиск,math,0
154,54,9,21.2,13,2,0,20,790,0.85,1,0.43,8.1,plus,laptop,запад,реклама,web,1
155,422,7,46.0,5,1,1,30,790,0.74,1,0.3,5.9,basic,laptop,юг,школа,math,0
156,121,11,37.2,5,0,1,5,1190,0.22,2,0.56,9.6,plus,phone,центр,реклама,web,1
157,27,10,37.1,1,1,0,0,490,0.66,1,0.36,9.4,plus,phone,центр,соцсети,data,0
158,105,13,25.3,0,0,0,20,790,0.64,1,,4.8,basic,phone,запад,школа,math,0
159,209,6,33.3,12,1,0,10,1590,0.63,0,,10.5,plus,laptop,запад,реклама,data,0
160,361,3,49.3,5,0,1,0,1990,0.28,0,0.33,4.4,basic,laptop,центр,поиск,math,0
161,212,10,43.6,15,1,0,10,490,0.6,0,0.83,2.9,basic,phone,запад,друг,web,0
162,383,13,8.2,7,1,0,0,790,0.67,0,0.88,3.8,plus,tablet,запад,поиск,games,0
163,78,4,45.1,11,2,1,0,1590,0.44,2,0.28,14.1,plus,tablet,север,школа,data,1
164,319,5,13.5,10,0,0,10,1190,0.85,2,0.27,11.7,basic,laptop,север,соцсети,math,1
165,104,10,19.4,19,0,0,5,790,0.57,0,0.69,10.6,plus,laptop,запад,школа,data,0
166,116,13,30.2,12,2,0,30,1590,0.81,3,0.76,9.2,plus,laptop,восток,соцсети,math,0
167,95,8,31.7,6,1,1,0,790,0.7,1,0.65,4.0,basic,laptop,восток,соцсети,python,0
168,135,11,31.1,20,0,1,20,490,0.23,1,0.84,15.0,plus,phone,запад,друг,games,0
169,159,8,65.0,8,0,0,0,1190,0.54,0,0.43,13.5,basic,phone,север,поиск,games,1
170,233,10,28.1,14,0,0,15,790,0.62,2,0.86,11.6,plus,phone,восток,друг,games,0
171,88,14,31.3,6,0,1,0,790,0.72,0,0.25,5.9,plus,laptop,центр,реклама,python,0
172,266,5,38.2,5,1,0,30,1590,0.11,0,0.08,11.8,plus,laptop,юг,друг,data,0
173,149,7,40.3,2,0,0,20,490,0.75,2,0.54,7.7,premium,phone,центр,поиск,python,0
174,182,8,8.5,7,2,1,0,1190,0.2,0,0.72,11.5,plus,phone,восток,реклама,web,1
175,93,11,28.5,21,1,0,15,1190,0.84,0,0.69,11.7,basic,laptop,юг,школа,math,0
176,380,7,37.9,1,1,0,30,790,0.1,1,,1.8,plus,phone,восток,реклама,python,1
177,103,11,47.1,0,0,0,5,490,0.59,0,0.39,9.5,premium,phone,центр,поиск,data,0
178,45,13,30.8,15,1,0,5,1190,0.41,1,0.47,7.5,basic,tablet,юг,школа,web,0
179,301,7,46.6,17,1,0,10,790,0.72,3,0.44,11.6,basic,laptop,центр,реклама,data,1
180,202,10,30.6,1,1,0,5,1190,0.58,4,0.69,2.0,premium,laptop,центр,реклама,python,0
181,265,7,45.5,2,0,0,15,490,0.45,1,0.4,1.0,basic,laptop,север,соцсети,python,0
182,109,14,58.7,6,2,0,0,490,0.46,0,0.34,10.8,premium,phone,восток,поиск,data,0
183,397,6,36.3,24,0,0,5,790,0.47,2,0.8,12.9,premium,phone,центр,друг,data,1
184,219,10,37.1,6,1,0,15,490,0.54,1,0.4,8.0,plus,laptop,восток,школа,data,0
185,363,10,27.4,2,5,0,20,490,0.96,0,0.51,7.0,plus,laptop,восток,поиск,data,0
186,301,7,34.4,4,1,1,15,1190,0.83,1,,7.7,plus,phone,юг,реклама,web,0
187,176,10,11.3,3,1,0,10,790,0.52,3,0.49,6.1,plus,phone,центр,друг,python,0
188,273,9,27.5,7,1,0,5,1590,0.34,2,0.72,8.0,basic,laptop,центр,поиск,data,0
189,133,10,18.9,4,1,1,20,490,0.77,2,0.28,12.6,premium,phone,север,школа,games,0
190,185,6,54.0,1,2,0,30,490,0.56,1,0.5,4.6,basic,phone,восток,соцсети,data,1
191,303,8,29.5,10,1,0,15,790,0.9,0,0.46,10.3,basic,laptop,юг,соцсети,web,1
192,477,3,25.0,3,0,0,10,490,0.67,1,0.48,4.7,basic,phone,юг,друг,python,1
193,174,9,,6,0,0,10,1190,0.56,1,0.33,9.8,basic,tablet,центр,реклама,games,0
194,255,12,10.7,3,0,0,10,1590,0.64,0,0.11,0.0,basic,laptop,центр,соцсети,python,0
195,115,13,37.8,5,1,0,30,1190,0.61,1,0.37,4.2,premium,phone,центр,поиск,web,0
196,132,7,33.3,3,2,0,15,790,0.55,1,0.3,5.7,plus,laptop,север,реклама,python,0
197,157,9,71.0,5,1,0,0,1190,0.16,0,,3.3,plus,laptop,запад,друг,python,0
198,252,10,57.5,19,0,0,20,1190,0.7,1,0.47,10.1,basic,phone,запад,реклама,python,0
199,49,7,19.9,12,0,0,0,790,0.76,1,0.75,4.8,basic,phone,центр,реклама,web,0
200,138,10,61.3,27,1,0,0,1590,0.29,0,0.41,14.2,basic,laptop,запад,соцсети,games,0
201,331,14,3.1,7,2,0,10,1590,0.53,1,0.92,11.7,premium,tablet,юг,поиск,web,0
202,334,8,21.3,5,1,0,10,1190,0.74,1,0.84,11.0,plus,laptop,центр,друг,math,0
203,292,12,25.7,5,1,0,15,790,0.5,0,0.17,5.9,basic,phone,запад,реклама,python,0
204,201,8,3.3,13,2,0,15,1190,0.75,1,0.61,10.2,basic,phone,север,друг,games,1
205,342,10,37.0,14,1,0,0,1590,0.19,0,0.73,7.9,plus,laptop,север,поиск,python,0
206,266,10,21.6,12,2,0,30,490,0.39,1,0.24,9.2,basic,laptop,юг,друг,web,0
207,169,8,27.0,7,1,1,20,490,0.48,0,0.26,11.4,plus,phone,запад,школа,games,0
208,283,5,52.4,4,2,0,0,1590,0.67,1,0.13,3.9,plus,laptop,запад,поиск,python,0
209,85,2,30.0,0,1,0,0,490,0.55,5,0.99,7.0,premium,phone,центр,школа,web,0
210,104,8,43.9,0,0,0,15,490,0.4,1,0.34,4.9,plus,laptop,восток,реклама,web,0
211,258,7,32.5,0,0,0,30,790,0.99,0,0.24,0.6,plus,phone,восток,соцсети,data,0
212,65,14,47.6,1,0,0,10,1190,0.59,2,0.58,6.7,plus,phone,восток,друг,web,0
213,347,5,8.8,3,1,0,0,1190,0.41,2,0.5,1.4,basic,phone,север,реклама,python,0
214,107,8,30.3,5,0,0,10,790,0.59,1,0.91,0.3,premium,phone,центр,школа,data,1
215,169,12,36.8,15,1,0,20,1190,0.53,2,0.24,12.6,plus,phone,центр,реклама,python,0
216,227,12,37.0,19,0,1,15,490,0.66,0,0.69,15.5,premium,laptop,юг,поиск,games,0
217,159,11,42.1,4,1,0,0,490,0.79,0,0.81,2.0,basic,phone,юг,реклама,games,0
218,302,7,6.2,5,1,1,20,1590,0.72,3,0.71,0.9,premium,phone,юг,реклама,python,0
219,164,9,12.1,10,1,0,10,490,0.83,0,0.47,5.7,basic,laptop,запад,друг,web,0
220,105,9,33.9,4,3,0,15,1590,0.6,0,0.49,6.3,basic,phone,восток,реклама,games,1
221,130,9,29.0,8,0,0,5,490,0.58,0,0.97,12.5,plus,phone,запад,реклама,python,1
222,247,3,47.5,3,1,1,5,790,0.79,2,0.66,6.9,premium,phone,запад,поиск,,0
223,246,12,19.4,4,0,1,30,1590,0.25,0,0.58,6.3,premium,laptop,центр,друг,web,0
224,139,10,19.2,5,1,0,30,790,0.28,1,,8.2,basic,laptop,запад,поиск,math,0
225,238,15,26.3,8,0,0,30,490,0.27,2,,2.2,basic,phone,север,поиск,,0
226,335,10,,48,2,0,10,490,0.38,0,0.73,25.1,premium,laptop,центр,реклама,web,1
227,195,4,21.5,4,0,0,10,1990,0.53,1,0.75,0.3,basic,phone,центр,соцсети,data,1
228,57,6,30.1,6,1,0,20,1190,0.47,1,0.54,7.9,plus,laptop,центр,школа,python,0
229,229,7,28.0,43,2,1,20,790,0.55,2,0.39,20.0,basic,phone,север,поиск,python,0
230,212,11,21.2,22,0,0,10,1990,0.91,0,0.6,14.8,basic,tablet,центр,друг,data,0
231,441,13,45.9,4,1,0,0,490,0.32,1,0.51,8.4,basic,tablet,восток,реклама,web,0
232,83,14,25.6,7,2,0,10,1590,0.45,0,0.28,9.9,premium,tablet,юг,реклама,games,0
233,130,11,36.5,5,0,0,30,490,0.76,0,0.25,11.7,plus,phone,центр,поиск,games,1
234,322,15,,9,0,2,5,790,0.76,1,0.6,9.7,basic,phone,центр,поиск,data,0
235,111,21,36.9,21,2,0,0,490,0.65,1,0.41,14.1,plus,phone,запад,соцсети,python,0
236,299,8,31.5,0,0,0,10,1190,0.56,1,,0.0,basic,phone,север,реклама,,0
237,147,11,26.1,12,1,0,10,1190,0.64,1,0.83,7.1,plus,phone,юг,поиск,math,0
238,127,9,27.7,5,2,1,30,490,0.34,4,0.44,1.3,basic,laptop,восток,соцсети,math,0
239,317,9,7.7,7,0,0,30,790,0.21,1,0.47,10.6,plus,laptop,центр,поиск,python,0
240,96,13,43.5,9,1,2,0,490,0.6,1,0.51,10.6,basic,phone,центр,школа,math,0
241,79,4,45.6,13,1,1,5,1590,0.44,3,0.31,12.6,plus,phone,юг,друг,python,0
242,140,13,31.7,13,1,0,10,490,0.9,2,0.68,10.6,basic,tablet,восток,реклама,data,0
243,252,6,48.2,5,1,1,10,790,0.51,2,0.25,6.7,premium,laptop,север,поиск,math,0
244,125,6,34.6,2,2,0,20,1190,0.21,0,0.19,1.0,basic,phone,север,поиск,data,0
245,130,11,44.7,2,1,0,10,1190,0.66,0,0.37,9.9,plus,laptop,север,реклама,python,0
246,107,9,49.5,7,0,0,20,490,0.57,0,0.59,10.7,basic,laptop,юг,реклама,web,0
247,74,8,32.6,3,3,0,0,790,0.45,2,0.76,0.9,basic,phone,восток,соцсети,games,1
248,53,7,35.5,6,0,1,15,790,0.25,1,0.67,9.4,plus,laptop,центр,соцсети,math,0
249,177,9,24.5,15,1,1,0,490,0.76,0,0.51,12.1,plus,tablet,запад,поиск,data,1
250,212,6,47.6,1,1,0,30,1190,0.32,0,0.3,8.4,basic,laptop,центр,друг,python,0
251,197,8,31.1,11,0,0,0,1190,0.32,0,0.79,3.2,basic,laptop,юг,соцсети,web,0
252,214,10,22.8,3,1,0,30,1190,0.21,0,0.42,2.6,basic,phone,юг,поиск,web,0
253,302,5,74.1,27,1,0,0,790,0.68,1,0.12,19.3,basic,phone,восток,реклама,games,0
254,322,8,30.3,6,1,2,30,1190,0.71,1,0.7,9.7,plus,tablet,центр,друг,python,0
255,72,9,39.3,13,0,0,15,1190,0.32,1,0.03,16.3,basic,phone,север,реклама,games,0
256,637,8,35.8,6,0,0,10,1190,0.62,2,0.71,7.0,plus,laptop,север,соцсети,data,0
257,123,9,32.0,5,2,0,10,790,0.4,1,0.53,9.7,premium,laptop,центр,реклама,math,0
258,236,11,47.2,3,1,0,30,1190,0.42,1,0.46,11.9,plus,phone,запад,соцсети,python,1
259,141,5,13.4,13,0,0,5,1190,0.37,0,0.71,1.8,plus,laptop,центр,школа,games,0
260,518,8,34.3,6,3,0,10,790,0.53,3,0.75,3.0,premium,tablet,восток,поиск,games,1
261,123,9,26.2,4,2,0,15,790,0.68,0,0.34,10.2,basic,laptop,юг,реклама,python,0
262,397,15,45.6,6,2,0,10,490,0.64,1,,10.8,premium,phone,запад,школа,python,0
263,221,8,33.2,20,0,0,0,790,0.76,2,0.64,16.0,basic,phone,запад,соцсети,games,0
264,195,9,23.2,13,0,0,10,1590,0.18,0,0.45,8.3,basic,tablet,запад,поиск,python,0
265,172,9,38.4,36,2,0,0,790,0.34,0,0.96,15.5,plus,tablet,север,соцсети,python,0
266,294,6,35.7,7,1,0,0,790,0.43,0,0.56,9.8,plus,phone,север,друг,games,0
267,120,10,53.7,14,1,0,0,490,0.68,1,0.48,12.6,basic,phone,центр,поиск,data,0
268,183,7,49.5,9,2,0,10,490,0.85,2,0.58,6.2,basic,laptop,центр,соцсети,python,1
269,290,14,24.1,5,2,2,20,1190,0.83,0,0.11,5.0,plus,phone,запад,поиск,data,0
270,174,12,35.8,6,1,0,0,1190,0.51,1,0.19,13.7,basic,laptop,восток,друг,python,0
271,348,10,41.3,20,1,0,15,790,0.5,1,0.66,19.8,premium,tablet,север,соцсети,games,0
272,133,0,40.7,7,2,0,0,490,0.73,1,0.41,4.5,basic,phone,запад,соцсети,math,0
273,197,9,29.0,3,2,0,0,790,0.88,1,0.38,6.9,plus,phone,запад,соцсети,data,0
274,142,14,55.8,0,2,0,10,790,0.91,0,0.63,5.4,basic,phone,север,друг,games,0
275,175,6,13.6,1,0,0,10,1590,0.62,0,0.17,0.1,basic,laptop,центр,друг,web,0
276,343,10,37.0,2,2,0,0,790,0.71,1,0.46,4.1,plus,laptop,запад,поиск,math,0
277,340,10,22.0,6,1,0,15,490,0.52,0,0.48,10.1,premium,laptop,центр,соцсети,python,1
278,77,7,8.1,4,1,1,20,790,0.63,1,0.46,0.8,basic,phone,юг,реклама,data,1
279,449,10,8.8,14,0,0,15,490,0.87,0,0.37,5.4,basic,laptop,восток,реклама,web,0
280,138,4,36.9,10,0,0,30,1190,0.36,0,0.58,10.1,basic,phone,юг,друг,games,1
281,317,9,17.1,10,1,0,0,790,0.57,2,0.05,14.5,basic,tablet,север,друг,python,0
282,164,8,53.1,13,0,0,30,490,0.8,0,0.3,9.4,basic,phone,север,поиск,math,0
283,160,7,42.5,0,0,0,30,490,0.14,3,0.3,4.2,basic,phone,юг,друг,data,0
284,381,13,,0,0,0,30,1190,0.71,0,0.65,5.8,premium,laptop,центр,реклама,games,0
285,346,12,21.1,3,1,0,0,790,0.68,0,0.43,1.1,basic,laptop,восток,поиск,,1
286,125,9,45.5,0,0,0,10,790,0.52,3,0.86,9.3,basic,laptop,юг,соцсети,games,0
287,153,6,32.0,16,1,0,0,790,0.68,3,0.29,8.2,plus,laptop,центр,школа,games,0
288,98,8,11.9,4,0,1,20,1190,0.71,0,,8.6,plus,phone,юг,друг,data,0
289,299,10,34.8,24,1,0,5,490,0.43,0,0.74,24.3,basic,laptop,север,поиск,python,0
290,285,4,15.7,7,0,0,15,790,0.61,2,0.77,9.4,premium,laptop,север,соцсети,data,0
291,116,7,17.0,2,0,0,15,490,0.55,1,0.23,4.6,plus,phone,юг,реклама,data,0
292,98,11,33.6,9,3,0,30,1990,0.36,2,,4.8,premium,phone,запад,реклама,web,0
293,138,8,25.3,4,1,0,5,490,0.26,1,0.47,6.9,basic,tablet,восток,поиск,games,0
294,180,9,18.2,3,0,0,10,790,0.18,0,0.45,8.0,basic,laptop,север,соцсети,math,0
295,34,5,37.1,9,1,0,20,790,0.68,1,0.93,3.9,plus,phone,юг,соцсети,data,0
296,146,11,46.0,22,0,0,30,1190,0.46,0,0.67,5.9,basic,laptop,восток,реклама,math,1
297,698,9,42.0,0,0,0,10,790,0.82,1,0.24,1.9,basic,phone,восток,друг,games,0
298,58,3,46.8,12,0,2,0,790,0.43,3,0.42,15.0,plus,laptop,центр,поиск,python,1
299,278,9,22.4,11,0,0,15,1190,0.52,1,0.7,13.4,basic,tablet,восток,реклама,games,0
300,235,13,49.2,35,1,1,0,790,0.41,3,0.27,16.3,basic,tablet,центр,реклама,data,0
301,329,8,34.9,8,0,1,0,790,0.52,0,0.15,5.6,basic,tablet,юг,поиск,data,0
302,105,14,50.1,25,1,0,10,1190,0.57,0,0.67,21.1,plus,laptop,восток,соцсети,,1
303,211,14,36.1,11,0,0,10,1590,0.73,3,0.5,10.3,plus,tablet,север,реклама,python,0
304,220,6,31.3,8,1,0,0,790,0.74,0,0.42,16.1,plus,laptop,север,реклама,python,1
305,190,10,11.9,4,2,0,20,790,0.39,0,0.36,13.5,premium,phone,восток,соцсети,games,0
306,154,4,4.3,9,2,0,0,790,0.37,1,0.37,4.9,plus,tablet,восток,реклама,games,1
307,297,10,21.8,3,0,0,10,1190,0.22,3,0.89,2.4,plus,tablet,север,школа,games,0
308,497,9,35.5,17,1,0,0,790,0.6,0,0.67,14.0,basic,laptop,запад,друг,python,0
309,285,11,40.1,1,1,0,5,490,0.63,1,0.6,7.5,basic,phone,центр,школа,python,0
310,143,10,,38,3,1,20,490,0.65,0,0.54,20.6,premium,phone,восток,соцсети,python,1
311,292,11,32.1,4,1,0,0,1590,0.69,2,0.78,7.3,basic,phone,восток,поиск,python,0
312,247,6,39.1,15,0,0,15,790,0.79,2,0.42,12.3,premium,laptop,центр,поиск,math,0
313,321,7,53.5,3,1,1,15,1190,0.89,1,0.04,3.1,plus,laptop,восток,соцсети,games,0
314,164,9,36.1,1,1,1,10,1190,0.88,0,0.1,2.2,basic,laptop,север,реклама,python,0
315,461,10,35.8,26,1,0,5,1190,0.89,1,0.42,5.6,plus,phone,север,реклама,web,0
316,364,10,38.9,2,1,1,20,490,0.59,2,0.27,1.6,basic,phone,центр,поиск,python,1
317,157,9,20.0,2,1,0,0,790,0.43,0,0.5,5.4,basic,phone,центр,друг,data,0
318,436,10,34.2,3,0,0,0,490,0.57,2,0.9,1.4,basic,tablet,запад,реклама,web,0
319,76,4,32.3,14,0,0,0,490,0.25,1,,7.5,premium,phone,восток,поиск,math,0
320,222,7,17.0,11,3,1,15,490,0.66,1,0.14,6.1,basic,tablet,запад,реклама,data,1
321,225,13,15.9,51,1,0,0,790,0.34,2,0.15,26.0,premium,laptop,центр,друг,data,1
322,27,14,,7,0,1,10,1190,0.66,4,,7.4,basic,laptop,север,соцсети,games,0
323,524,16,35.9,0,0,0,15,790,0.44,0,0.49,6.8,basic,laptop,центр,реклама,games,0
324,398,7,16.7,6,2,1,30,790,0.64,2,0.33,3.6,plus,phone,юг,реклама,python,0
325,105,8,39.3,6,0,0,10,1190,0.91,1,0.36,9.8,plus,laptop,центр,реклама,math,0
326,68,12,39.7,10,2,0,10,1990,0.34,1,0.49,6.6,basic,laptop,запад,друг,data,1
327,94,6,11.4,6,2,0,5,1590,0.75,1,0.54,2.0,basic,laptop,запад,школа,python,0
328,529,6,14.9,14,1,0,0,1990,0.18,1,0.26,15.3,plus,tablet,север,соцсети,math,0
329,119,6,23.0,22,1,1,15,1590,0.43,2,0.23,8.3,premium,tablet,юг,реклама,python,1
330,250,6,25.1,5,1,0,5,490,0.56,0,0.58,2.5,plus,phone,запад,реклама,python,0
331,201,8,46.2,27,0,0,15,490,0.7,2,0.57,15.9,basic,tablet,юг,соцсети,python,0
332,354,8,47.6,0,0,0,0,490,0.53,1,0.58,0.0,plus,tablet,центр,соцсети,games,0
333,74,11,28.4,11,2,0,0,1190,0.35,1,0.47,6.2,premium,phone,восток,соцсети,python,1
334,79,11,38.4,2,0,0,0,790,0.74,1,0.58,4.2,basic,laptop,восток,реклама,math,0
335,157,6,37.3,17,1,1,15,1590,0.76,1,0.63,14.2,premium,laptop,север,соцсети,data,1
336,242,6,30.2,5,3,1,0,1590,0.54,1,0.73,12.0,basic,laptop,север,соцсети,data,0
337,304,15,23.9,3,1,0,5,790,0.36,0,0.13,4.5,plus,phone,центр,реклама,data,0
338,224,11,30.5,17,1,0,5,1190,0.65,2,0.32,7.7,plus,tablet,восток,поиск,data,0
339,219,10,28.3,24,2,1,20,490,0.83,1,0.5,14.3,basic,phone,запад,соцсети,data,1
340,284,6,39.5,7,1,1,30,1990,0.41,1,0.53,10.3,plus,phone,запад,поиск,data,1
341,185,7,22.4,7,2,0,20,490,0.29,0,0.32,8.0,premium,tablet,восток,поиск,python,0
342,276,4,27.0,14,1,0,10,1590,0.58,1,0.72,9.4,basic,phone,север,поиск,math,0
343,334,9,51.8,19,0,1,30,1190,0.46,1,0.17,14.6,basic,tablet,юг,поиск,web,1
344,110,6,20.1,8,1,2,15,490,0.75,0,0.45,2.6,premium,phone,север,поиск,python,1
345,198,8,53.1,8,0,0,30,790,0.65,1,0.09,7.8,basic,tablet,север,реклама,data,0
346,442,10,37.0,6,1,1,15,1590,0.15,2,0.34,5.3,basic,phone,восток,соцсети,games,0
347,316,8,17.0,8,1,0,5,1190,0.49,1,0.57,9.6,basic,phone,север,поиск,python,0
348,243,8,24.9,6,0,0,5,490,0.3,1,0.8,9.0,premium,phone,центр,соцсети,data,0
349,225,13,42.9,7,0,0,20,790,0.87,1,0.66,6.0,basic,tablet,центр,поиск,web,0
350,133,10,63.2,7,2,0,30,490,0.71,0,0.65,6.6,plus,phone,восток,поиск,python,0
351,302,2,20.0,7,1,0,10,1190,0.83,1,0.51,7.2,plus,phone,север,реклама,,0
352,229,10,24.8,4,0,0,5,1190,0.87,1,0.93,1.7,premium,phone,восток,реклама,games,0
353,287,12,41.8,30,0,0,30,1190,0.78,1,0.53,10.4,plus,laptop,восток,друг,data,1
354,88,10,39.8,22,0,0,10,1590,0.81,1,0.39,18.6,plus,phone,центр,соцсети,games,0
355,194,12,31.2,7,0,0,30,490,0.46,0,0.81,4.3,plus,laptop,восток,соцсети,games,1
356,327,7,33.1,11,0,0,0,790,0.46,1,0.7,9.4,basic,tablet,центр,друг,python,0
357,216,7,42.5,16,1,0,10,1190,0.4,2,0.13,10.6,plus,phone,центр,реклама,data,0
358,242,7,25.4,8,0,1,0,790,0.54,2,0.75,4.0,basic,tablet,север,реклама,python,0
359,201,8,42.9,16,3,2,10,1190,0.3,2,0.8,2.6,basic,laptop,центр,реклама,games,1
360,346,7,32.7,38,0,0,15,1590,0.61,3,0.6,17.5,plus,phone,восток,друг,web,0
361,310,12,22.0,2,1,1,5,1590,0.56,2,0.32,0.0,plus,phone,юг,друг,data,0
362,359,10,28.1,11,0,0,0,490,0.5,0,0.58,4.1,basic,phone,север,друг,games,0
363,127,9,60.1,14,1,0,15,1190,0.41,1,0.86,8.7,basic,laptop,центр,друг,,1
364,228,7,38.8,2,0,0,5,790,0.44,0,0.28,5.3,basic,laptop,центр,реклама,python,0
365,374,10,26.0,14,0,0,0,490,0.39,1,0.62,10.6,plus,phone,восток,реклама,data,1
366,256,8,34.2,0,2,1,0,790,0.25,0,,2.6,basic,laptop,север,соцсети,math,0
367,288,14,9.4,11,0,0,5,1590,0.5,4,0.66,2.9,premium,phone,север,реклама,games,0
368,338,19,11.0,18,1,0,30,790,0.72,0,0.36,15.4,plus,phone,юг,друг,games,0
369,222,9,3.0,7,2,0,20,490,0.56,0,0.45,8.7,basic,tablet,центр,реклама,python,0
370,279,9,3.0,25,1,0,15,490,0.68,0,0.3,8.5,basic,tablet,центр,школа,games,0
371,305,10,20.0,1,0,0,0,490,0.85,3,0.83,5.1,plus,phone,юг,реклама,games,0
372,113,7,32.2,17,0,1,0,790,0.44,1,0.26,14.8,premium,phone,восток,поиск,python,1
373,308,10,16.3,5,0,0,0,490,0.77,2,0.49,7.8,premium,phone,центр,поиск,data,0
374,159,8,6.3,3,1,0,5,790,0.58,1,0.59,3.5,premium,phone,юг,школа,math,0
375,205,7,3.2,20,1,0,0,790,0.76,1,0.49,11.9,plus,phone,восток,реклама,games,1
376,44,5,17.3,15,0,0,0,490,0.76,0,0.88,13.6,basic,laptop,центр,соцсети,math,0
377,429,10,9.0,10,2,0,10,490,0.51,1,0.39,8.3,premium,phone,юг,реклама,python,0
378,202,10,45.5,2,1,0,15,790,0.59,2,0.91,0.9,plus,phone,запад,соцсети,data,0
379,108,7,7.4,39,2,1,5,1190,0.61,0,0.41,16.0,plus,phone,центр,друг,math,1
380,469,9,21.7,0,0,1,20,1190,0.76,0,0.09,3.6,basic,tablet,центр,поиск,python,0
381,365,7,3.0,2,0,0,0,1590,0.31,1,0.42,1.8,premium,phone,восток,школа,python,1
382,178,5,36.8,11,0,1,0,1590,0.65,1,0.59,15.7,premium,phone,запад,соцсети,web,0
383,281,12,50.8,19,2,0,15,790,0.6,0,0.59,18.3,basic,tablet,восток,школа,data,0
384,226,8,60.9,6,0,0,10,1190,0.87,0,0.85,0.4,basic,phone,юг,реклама,math,0
385,143,10,18.5,15,0,0,10,1190,0.45,0,0.48,8.6,premium,phone,центр,соцсети,games,1
386,255,9,19.9,2,0,1,0,490,0.3,2,0.64,9.1,plus,phone,север,друг,python,0
387,380,10,18.0,5,1,0,15,490,0.68,2,0.72,11.8,plus,laptop,восток,школа,data,0
388,521,7,40.8,14,0,0,15,790,0.67,2,0.82,2.5,basic,laptop,север,школа,python,0
389,114,9,31.1,2,0,1,0,490,0.71,3,0.19,0.0,premium,laptop,запад,поиск,data,0
390,219,12,37.3,6,2,2,20,1190,0.83,1,0.39,12.3,basic,phone,север,поиск,web,0
391,114,11,17.0,1,2,1,5,790,0.63,0,0.68,8.8,premium,laptop,запад,соцсети,python,1
392,388,5,54.0,1,1,0,0,490,0.82,1,0.28,10.3,basic,phone,центр,реклама,games,1
393,154,14,29.7,2,0,1,0,790,0.62,1,0.57,7.6,basic,tablet,юг,поиск,games,0
394,216,15,36.2,11,1,0,15,490,0.63,1,0.78,11.6,plus,laptop,центр,соцсети,math,0
395,172,11,40.1,8,0,0,10,1990,0.59,0,0.52,4.4,plus,laptop,запад,соцсети,data,0
396,213,7,38.9,0,0,0,0,490,0.63,1,0.33,3.5,plus,tablet,центр,друг,python,0
397,117,4,35.2,14,1,0,15,490,0.57,1,0.62,4.7,basic,tablet,центр,школа,python,0
398,186,9,32.1,8,1,0,20,790,0.39,0,0.65,11.4,plus,laptop,восток,реклама,data,0
399,360,10,14.2,5,2,0,10,1590,0.13,1,0.2,8.9,basic,laptop,восток,соцсети,math,0
400,504,5,18.6,18,0,0,10,1590,0.52,1,0.83,12.6,basic,laptop,север,поиск,data,0
401,214,17,34.1,2,0,0,15,1590,0.93,1,0.49,3.2,basic,phone,север,реклама,math,0
402,266,6,52.3,23,2,1,30,1990,0.72,0,0.5,6.2,basic,phone,запад,друг,games,0
403,95,6,45.5,13,1,1,5,790,0.24,1,0.49,8.0,plus,phone,восток,друг,python,1
404,238,11,3.0,4,0,1,15,1590,0.33,0,0.6,11.3,premium,laptop,север,друг,web,0
405,173,9,33.2,3,1,0,10,1990,0.14,0,0.13,3.0,basic,phone,запад,поиск,math,1
406,205,6,24.9,7,1,0,5,1590,0.5,3,0.95,6.8,plus,laptop,север,школа,python,0
407,79,10,37.4,17,0,0,5,1990,0.48,2,,9.5,premium,phone,центр,друг,python,0
408,276,9,32.5,5,0,0,20,790,0.89,1,0.65,3.7,plus,phone,центр,школа,python,0
409,528,7,3.0,1,1,0,10,790,0.53,0,0.76,6.9,basic,laptop,север,поиск,python,0
410,163,13,26.2,8,1,0,15,1990,0.51,3,0.56,10.0,plus,laptop,центр,друг,math,1
411,256,6,40.6,4,0,1,20,1990,0.73,2,0.27,11.9,plus,phone,центр,поиск,data,0
412,121,16,44.8,15,0,0,15,790,0.79,0,0.86,7.6,plus,phone,центр,соцсети,data,0
413,359,4,41.3,1,0,0,10,790,0.88,0,0.16,7.1,basic,phone,север,соцсети,python,0
414,77,7,,1,0,0,10,790,0.55,3,0.35,1.8,basic,laptop,восток,поиск,python,0
415,492,4,33.1,4,5,0,0,1590,0.31,1,0.41,7.2,basic,laptop,центр,реклама,games,1
416,534,9,3.0,1,2,0,0,1190,0.71,1,0.67,4.3,premium,laptop,север,поиск,games,0
417,521,20,,9,1,0,0,1190,0.69,2,0.79,5.5,plus,tablet,центр,соцсети,python,0
418,177,9,16.9,0,2,1,10,790,0.51,1,0.2,6.4,basic,phone,север,соцсети,python,0
419,102,17,6.3,5,0,0,10,1190,0.53,0,0.45,1.5,plus,phone,запад,соцсети,data,0
420,107,8,3.0,7,3,0,0,1190,0.57,0,0.68,9.7,plus,phone,север,поиск,python,0
421,127,9,43.6,25,0,0,15,490,0.34,1,0.71,13.0,plus,laptop,юг,поиск,games,0
422,179,8,36.9,0,1,0,10,1190,0.45,1,0.06,6.5,basic,phone,восток,соцсети,data,0
423,123,8,28.4,18,1,0,30,1190,0.32,3,0.47,10.4,premium,tablet,восток,школа,data,0
424,106,12,42.9,5,0,0,10,1190,0.74,1,0.89,0.7,basic,phone,центр,друг,games,0
425,234,12,33.3,27,1,0,10,1990,0.72,1,0.57,6.8,plus,tablet,восток,друг,python,0
426,274,12,34.0,1,1,0,15,490,0.72,0,0.13,6.7,basic,tablet,восток,соцсети,data,0
427,129,8,51.6,4,1,1,30,790,0.6,1,0.57,6.1,basic,laptop,север,поиск,python,0
428,60,14,47.0,10,1,1,20,490,0.77,0,0.74,10.6,basic,laptop,центр,поиск,data,0
429,184,5,52.4,2,2,0,30,1590,0.28,3,0.1,8.5,basic,laptop,центр,реклама,games,0
430,117,7,54.7,3,0,1,20,790,0.9,3,0.79,2.3,basic,laptop,восток,поиск,python,0
431,577,8,23.2,6,5,1,30,1590,0.75,1,0.44,3.8,premium,laptop,центр,поиск,games,0
432,264,6,15.7,20,1,1,15,490,0.33,1,,12.9,premium,laptop,запад,соцсети,,1
433,112,6,39.7,6,1,2,30,1190,0.62,1,0.56,8.9,plus,phone,север,соцсети,games,0
434,117,5,29.4,15,1,0,20,790,0.51,0,0.12,14.6,plus,laptop,запад,друг,,0
435,315,8,27.2,36,1,0,0,1190,0.79,0,0.38,11.0,basic,phone,юг,поиск,math,1
436,331,9,33.8,12,1,0,15,790,0.72,0,0.19,13.3,basic,laptop,юг,друг,games,0
437,140,10,21.0,16,1,0,5,790,0.84,3,0.53,10.1,plus,phone,запад,соцсети,math,0
438,309,15,22.5,2,1,1,15,490,0.89,4,0.33,0.0,plus,laptop,центр,друг,python,0
439,143,13,32.7,6,0,1,0,1190,0.79,2,0.15,3.1,plus,phone,центр,поиск,,0
440,334,13,38.2,13,0,0,20,490,0.83,0,0.56,10.2,plus,laptop,север,соцсети,data,0
441,855,10,50.0,44,2,2,0,790,0.65,0,0.9,21.2,premium,laptop,север,поиск,games,1
442,299,9,20.2,22,0,0,20,1190,0.85,1,0.76,6.8,premium,laptop,центр,поиск,web,1
443,220,6,28.2,6,2,0,5,790,0.78,1,0.54,9.6,basic,laptop,запад,поиск,python,0
444,115,9,12.8,0,0,0,15,1190,0.84,1,0.62,7.1,basic,laptop,юг,поиск,math,0
445,179,6,23.1,6,0,0,15,790,0.84,1,0.9,11.9,basic,phone,восток,соцсети,python,0
446,279,11,34.4,1,0,1,0,790,0.31,1,0.43,6.6,plus,laptop,восток,поиск,math,0
447,348,12,66.0,2,1,1,5,1190,0.89,1,0.35,6.5,plus,laptop,север,реклама,games,0
448,77,10,60.2,12,0,0,20,1190,0.89,0,0.59,8.7,basic,phone,восток,реклама,math,0
449,173,8,31.6,0,1,1,0,790,0.23,1,0.66,4.5,basic,tablet,восток,соцсети,web,0
450,168,11,47.1,3,3,0,20,790,0.56,1,0.57,1.3,basic,phone,центр,поиск,web,0
451,182,18,34.8,2,0,0,30,490,0.8,0,0.66,10.6,plus,laptop,юг,поиск,data,0
452,156,6,32.7,20,2,1,15,790,0.74,0,0.28,10.1,basic,laptop,север,поиск,math,1
453,185,12,27.2,19,0,0,20,790,0.77,4,0.7,8.8,basic,phone,север,реклама,math,0
454,163,13,36.2,1,0,0,20,490,0.48,1,0.78,2.7,basic,tablet,юг,соцсети,python,0
455,218,4,4.3,23,0,0,0,790,0.67,0,0.62,15.7,plus,phone,центр,соцсети,data,1
456,231,12,14.7,12,1,0,30,490,0.22,1,0.8,8.9,plus,phone,запад,реклама,data,0
457,295,9,37.1,7,3,0,10,790,0.76,0,0.54,6.1,plus,phone,центр,реклама,data,0
458,151,9,17.8,1,1,1,15,790,0.58,1,0.57,0.0,basic,phone,восток,реклама,math,0
459,496,6,47.3,12,0,0,5,1190,0.44,1,0.55,12.4,premium,phone,восток,поиск,python,1
460,589,13,44.1,2,1,0,5,490,0.58,0,0.81,7.2,premium,phone,юг,реклама,math,0
461,140,15,16.7,1,0,0,30,1190,0.35,2,0.35,7.8,basic,phone,восток,соцсети,data,0
462,224,12,43.0,15,0,0,10,790,0.29,1,0.45,7.3,basic,phone,север,друг,games,0
463,90,9,19.0,13,0,0,0,490,0.69,1,0.15,7.2,basic,phone,центр,соцсети,data,0
464,416,10,,12,2,0,15,490,0.33,0,0.51,6.3,basic,laptop,север,реклама,web,0
465,128,5,39.1,2,0,0,5,1990,0.49,1,0.64,11.8,plus,laptop,запад,поиск,web,1
466,121,7,17.3,9,1,0,0,1190,0.63,0,0.75,4.8,basic,phone,юг,поиск,python,0
467,127,5,3.0,3,0,0,20,790,0.45,0,,8.4,plus,phone,восток,друг,python,0
468,307,8,9.2,0,1,1,0,1190,0.75,0,0.68,14.0,basic,laptop,запад,школа,python,1
469,134,11,17.6,0,1,0,10,1990,0.31,2,0.37,4.3,plus,phone,восток,школа,web,1
470,253,9,36.7,0,1,0,15,1190,0.64,2,0.74,0.0,premium,laptop,север,школа,python,0
471,141,9,17.4,2,1,0,5,790,0.44,0,0.58,0.8,basic,laptop,запад,реклама,web,1
472,423,9,25.0,3,0,0,0,490,0.6,1,0.11,8.3,premium,phone,центр,друг,math,0
473,208,4,30.8,11,1,0,0,1590,0.32,1,0.31,10.6,basic,phone,север,соцсети,games,1
474,614,6,11.8,45,2,0,20,1590,0.57,1,0.63,21.0,premium,tablet,север,школа,data,0
475,118,11,,13,1,0,10,1590,0.25,1,0.4,4.8,basic,phone,запад,реклама,python,1
476,207,5,44.1,3,0,0,10,1190,0.34,3,0.66,2.0,plus,phone,центр,соцсети,math,0
477,310,7,19.1,2,0,0,5,1190,0.74,0,0.42,6.7,plus,laptop,север,реклама,math,1
478,340,6,8.3,28,1,2,10,1590,0.68,3,0.78,17.8,premium,tablet,север,поиск,python,0
479,510,8,36.2,4,0,0,20,1590,0.37,2,0.55,8.6,basic,phone,север,поиск,python,0
480,272,8,26.9,3,1,0,30,790,0.45,1,0.8,0.0,premium,laptop,юг,реклама,python,0
481,485,7,38.3,1,1,0,20,1190,0.33,0,0.82,5.2,plus,laptop,восток,реклама,data,0
482,66,13,36.5,5,2,0,15,1590,0.26,0,0.18,10.0,basic,phone,юг,друг,games,0
483,39,7,28.1,4,1,0,20,1990,0.4,0,0.83,8.4,plus,tablet,центр,реклама,python,0
484,157,15,12.5,26,2,0,30,1590,0.51,2,0.46,11.0,premium,tablet,запад,школа,python,1
485,140,5,38.5,12,2,0,10,1590,0.83,1,0.62,11.3,basic,phone,север,поиск,games,0
486,31,16,3.9,8,1,1,15,790,0.86,2,0.43,14.6,plus,laptop,центр,реклама,games,0
487,267,11,10.5,4,2,0,0,1190,0.75,1,0.65,3.2,premium,laptop,запад,соцсети,games,0
488,216,10,53.8,8,3,0,5,790,0.67,2,0.29,8.5,basic,laptop,центр,школа,data,0
489,301,11,53.9,27,2,2,0,790,0.72,1,0.54,14.3,basic,laptop,восток,соцсети,games,1
490,144,11,13.8,30,1,0,10,790,0.32,1,0.77,15.1,plus,phone,запад,реклама,python,0
491,114,11,30.2,0,2,0,5,490,0.61,2,0.7,0.2,basic,phone,запад,соцсети,data,0
492,124,5,34.9,9,2,0,5,1990,0.29,2,0.32,16.3,basic,laptop,север,друг,python,0
493,424,8,21.5,1,1,0,0,790,0.47,0,0.16,2.7,premium,phone,запад,школа,python,0
494,312,9,50.8,4,0,0,0,790,0.4,2,0.87,10.8,basic,phone,север,поиск,data,0
495,222,5,40.2,11,0,1,20,1990,0.62,1,0.19,11.6,basic,tablet,запад,реклама,games,0
496,246,10,35.4,41,0,0,0,1590,0.62,3,,21.7,basic,phone,восток,школа,python,0
497,158,11,28.6,9,1,1,30,790,0.42,2,0.73,9.6,basic,laptop,центр,поиск,data,0
498,109,9,35.4,2,0,0,10,1190,0.88,2,0.66,8.5,basic,tablet,центр,реклама,math,0
499,184,8,24.8,2,1,0,0,490,0.38,2,0.37,6.3,plus,phone,восток,школа,data,0
500,181,8,35.6,2,1,0,5,790,0.54,1,0.54,0.0,basic,tablet,север,реклама,games,0
501,333,12,28.2,1,1,0,30,490,0.33,0,0.83,3.2,premium,laptop,юг,соцсети,games,0
502,298,10,,1,0,0,5,790,0.85,0,0.61,5.2,plus,tablet,центр,поиск,,0
503,80,7,6.1,13,1,0,10,1990,0.47,1,0.42,3.0,basic,laptop,центр,поиск,math,0
504,397,6,37.3,16,1,0,20,490,0.42,0,0.32,15.5,plus,laptop,центр,соцсети,games,0
505,191,18,54.1,8,0,0,0,1990,0.27,1,0.35,13.4,basic,phone,центр,школа,data,1
506,442,8,,4,1,0,0,490,0.46,2,0.93,0.0,basic,phone,восток,реклама,python,0
507,476,13,26.3,4,0,0,0,1990,0.87,4,0.57,2.8,basic,laptop,восток,друг,python,0
508,573,8,11.4,26,0,0,30,490,0.79,1,0.43,11.6,plus,laptop,восток,поиск,python,0
509,203,11,40.1,3,1,0,20,790,0.56,2,0.64,4.3,plus,tablet,восток,реклама,math,1
510,99,4,23.4,23,3,0,0,790,0.24,1,0.05,16.7,basic,laptop,запад,соцсети,web,1
511,220,15,15.5,7,2,0,20,1190,0.86,0,0.92,12.0,basic,phone,восток,реклама,web,0
512,100,6,45.1,10,1,0,15,1590,0.56,0,0.15,7.9,plus,phone,запад,поиск,math,0
513,366,18,30.8,1,0,0,0,1190,0.59,3,0.54,4.1,plus,laptop,восток,реклама,data,0
514,116,14,26.3,0,0,0,5,490,0.69,0,0.2,7.8,plus,tablet,запад,соцсети,math,0
515,146,11,42.5,10,1,1,5,1190,0.88,0,0.76,7.7,plus,phone,запад,реклама,games,0
516,142,11,29.1,7,0,0,15,1190,0.88,3,0.61,12.2,basic,phone,восток,поиск,data,0
517,219,11,53.5,12,1,0,10,790,0.52,2,0.3,9.1,basic,laptop,центр,реклама,math,0
518,195,10,26.4,6,0,1,5,790,0.22,0,0.46,2.2,plus,laptop,юг,реклама,python,1
519,296,6,27.6,6,1,0,10,1590,0.3,2,0.9,9.6,basic,laptop,центр,друг,data,0
520,478,15,45.5,11,0,0,20,790,0.78,1,0.36,13.6,premium,laptop,восток,друг,python,0
521,194,8,36.9,12,1,0,10,1590,0.7,6,,11.9,basic,phone,восток,друг,games,0
522,310,7,53.2,9,1,0,5,1190,0.69,0,0.14,2.5,basic,laptop,север,поиск,data,0
523,158,11,28.5,4,0,0,15,790,0.57,0,0.75,3.0,plus,laptop,юг,поиск,math,0
524,215,11,24.5,14,1,0,20,1190,0.64,2,0.39,7.4,basic,laptop,север,реклама,python,1
525,66,6,,0,0,0,5,790,0.32,1,0.51,5.0,basic,laptop,запад,реклама,data,1
526,137,7,49.0,10,0,0,10,490,0.32,0,0.09,5.7,basic,laptop,север,реклама,math,0
527,256,4,22.9,14,1,0,0,790,0.73,1,0.82,10.7,premium,laptop,юг,школа,python,1
528,468,10,23.7,5,0,0,10,790,0.33,0,0.31,8.5,plus,laptop,запад,друг,web,0
529,422,11,27.5,1,3,0,5,490,0.56,1,0.64,7.1,plus,phone,центр,реклама,games,0
530,153,10,55.9,7,0,0,5,1190,0.59,1,0.29,4.6,basic,phone,центр,реклама,games,1
531,421,8,34.1,21,0,1,20,1190,0.66,0,0.68,12.9,premium,phone,запад,реклама,,0
532,213,10,35.0,17,0,0,5,1590,0.34,1,0.32,10.5,basic,laptop,юг,поиск,data,0
533,318,6,34.6,1,1,1,0,790,0.18,1,0.49,5.1,plus,tablet,восток,друг,games,1
534,97,8,13.0,1,2,0,20,790,0.67,2,0.57,5.0,plus,phone,юг,реклама,data,0
535,446,6,16.3,11,0,1,15,1590,0.51,0,0.29,5.7,plus,phone,север,реклама,games,0
536,124,12,14.0,6,3,0,15,490,0.63,1,,8.9,plus,laptop,запад,реклама,,1
537,337,7,18.9,33,0,0,15,790,0.31,0,0.33,17.9,plus,laptop,юг,реклама,games,0
538,290,6,13.2,59,1,2,0,490,0.45,2,0.12,29.7,basic,phone,юг,поиск,web,1
539,540,6,11.5,1,0,0,0,790,0.68,0,0.49,5.2,premium,phone,юг,друг,python,0
540,171,6,22.2,3,2,1,30,490,0.43,2,0.13,1.5,basic,tablet,центр,реклама,data,0
541,324,12,28.9,1,1,0,0,790,0.63,1,0.12,12.7,plus,laptop,юг,школа,games,0
542,145,11,54.9,24,3,1,20,790,0.69,0,0.18,13.1,premium,phone,восток,поиск,data,0
543,188,11,32.1,1,2,1,20,790,0.86,1,0.84,10.9,plus,tablet,центр,школа,web,0
544,143,5,20.7,27,2,0,20,1190,0.42,0,0.72,12.3,plus,laptop,запад,друг,data,0
545,228,10,39.4,12,0,0,10,490,0.3,1,0.45,5.4,basic,laptop,запад,поиск,python,0
546,329,8,16.5,3,2,1,5,490,0.7,1,0.7,0.9,plus,laptop,юг,поиск,python,0
547,292,11,21.5,24,1,0,0,790,0.61,2,0.44,12.0,plus,laptop,запад,друг,math,0
548,187,9,48.8,23,0,0,0,790,0.7,1,0.66,8.8,plus,phone,центр,реклама,data,0
549,67,7,30.7,0,2,1,15,790,0.91,0,0.52,6.3,premium,laptop,север,поиск,games,0
550,186,12,,16,2,1,20,1990,0.37,0,0.5,15.0,premium,laptop,центр,школа,data,0
551,115,11,,18,1,0,0,790,0.28,0,0.4,18.4,basic,laptop,запад,реклама,web,1
552,160,5,,22,0,1,10,1590,0.46,1,0.55,15.4,basic,phone,центр,реклама,data,0
553,189,12,28.6,20,1,0,10,790,0.56,1,0.56,11.9,plus,laptop,север,друг,python,1
554,330,5,38.5,30,1,0,5,1190,0.6,2,0.46,14.8,plus,phone,восток,реклама,math,1
555,249,15,41.2,5,1,1,20,1590,0.69,0,0.4,3.3,basic,phone,юг,соцсети,math,0
556,130,8,40.4,5,1,0,20,1190,0.18,3,0.61,9.3,plus,phone,юг,друг,python,0
557,54,5,25.1,10,1,1,0,490,0.85,1,0.88,6.9,basic,laptop,восток,реклама,math,1
558,175,9,22.5,8,1,1,20,790,0.44,1,0.6,6.4,basic,phone,север,реклама,python,1
559,117,14,45.1,22,1,0,0,1590,0.35,1,0.42,11.0,plus,laptop,юг,школа,data,0
560,174,8,17.7,11,1,0,20,1190,0.87,2,0.59,11.1,basic,laptop,восток,поиск,python,0
561,180,14,14.4,11,1,2,10,490,0.43,1,0.57,4.9,plus,tablet,восток,школа,games,0
562,301,6,19.1,1,1,0,0,790,0.53,1,0.45,3.5,plus,laptop,юг,поиск,games,0
563,260,11,43.5,5,0,0,0,490,0.79,0,0.61,6.3,plus,phone,север,поиск,data,0
564,173,16,37.1,2,1,0,0,790,0.61,1,0.44,3.2,plus,phone,север,соцсети,data,0
565,221,11,46.7,18,2,0,0,790,0.42,1,0.73,13.5,basic,tablet,запад,друг,data,0
566,350,8,51.4,15,0,0,20,1190,0.79,1,0.8,11.8,plus,phone,центр,поиск,web,0
567,125,6,29.8,7,0,0,10,1990,0.38,0,0.4,2.5,basic,phone,запад,школа,python,1
568,197,8,21.3,2,0,1,20,1190,0.32,3,0.63,10.0,premium,phone,юг,реклама,python,0
569,244,9,38.9,14,1,0,20,790,0.59,1,0.63,10.0,basic,phone,центр,школа,web,0
570,110,11,28.0,22,0,1,15,1190,0.68,0,0.49,7.6,plus,phone,юг,реклама,math,1
571,165,12,40.5,6,1,0,20,1190,0.67,1,,5.1,premium,laptop,север,поиск,games,1
572,456,9,44.2,7,2,0,0,1190,0.67,1,0.87,1.2,plus,laptop,север,соцсети,games,0
573,143,10,6.1,4,1,0,30,1590,0.43,1,0.09,5.9,basic,phone,юг,поиск,games,0
574,471,4,33.3,11,1,0,5,490,0.35,1,0.73,6.3,plus,tablet,запад,поиск,,0
575,176,13,38.8,10,0,0,30,1590,0.61,1,0.22,12.9,basic,laptop,север,друг,web,0
576,365,10,34.6,8,0,2,15,1590,0.67,0,0.98,2.5,plus,phone,восток,соцсети,games,0
577,226,6,19.8,8,3,0,5,1190,0.5,0,0.24,11.9,plus,phone,восток,школа,python,0
578,509,10,29.5,4,0,0,10,1590,0.43,2,0.95,7.7,premium,phone,север,соцсети,data,0
579,127,10,34.7,9,1,0,0,1590,0.7,2,0.79,10.7,plus,phone,восток,соцсети,python,0
580,298,10,51.6,27,1,0,10,1590,0.64,2,0.79,18.4,premium,phone,центр,школа,web,1
581,224,8,32.7,23,1,1,15,1190,0.93,1,0.6,10.2,premium,laptop,юг,поиск,data,1
582,145,3,27.5,21,2,0,20,490,0.55,0,0.92,16.6,plus,phone,центр,школа,math,1
583,204,8,48.2,2,1,1,0,1590,0.88,3,0.49,9.9,plus,laptop,север,поиск,math,0
584,214,5,6.1,18,2,1,30,1990,0.17,0,0.5,13.6,premium,tablet,север,школа,python,1
585,521,7,38.2,12,0,0,5,790,0.7,0,0.22,7.2,plus,phone,восток,друг,data,0
586,181,7,39.7,9,1,0,30,790,0.74,1,0.51,10.9,plus,laptop,север,реклама,games,0
587,79,6,44.0,8,2,0,10,790,0.23,0,0.64,13.7,basic,phone,центр,соцсети,web,0
588,412,14,11.7,16,0,0,10,490,0.39,0,0.42,11.2,plus,laptop,север,реклама,games,0
589,130,10,31.8,3,0,1,10,790,0.39,2,0.86,1.8,plus,phone,юг,реклама,data,0
590,145,4,44.8,1,0,0,10,790,0.5,2,0.56,10.3,plus,phone,центр,реклама,web,0
591,399,7,6.8,2,0,0,30,1990,0.68,1,0.51,3.7,basic,laptop,юг,реклама,python,0
592,102,7,19.9,5,2,0,20,1190,0.83,2,0.54,11.5,plus,phone,восток,поиск,python,0
593,486,9,39.0,12,2,1,15,1190,0.91,1,0.65,14.4,basic,phone,центр,реклама,games,0
594,89,8,39.6,5,2,0,30,790,0.55,2,0.4,13.4,basic,laptop,север,друг,math,0
595,542,15,24.1,10,1,0,10,1190,0.8,0,0.32,6.0,basic,phone,север,реклама,data,0
596,256,9,43.9,11,1,0,10,790,0.68,0,0.9,16.8,plus,phone,юг,реклама,games,0
597,97,10,35.2,2,2,0,20,1190,0.54,1,,0.0,plus,phone,юг,поиск,games,0
598,264,11,49.3,5,0,0,10,790,0.24,1,0.34,2.8,premium,tablet,запад,друг,data,0
599,204,10,15.8,1,3,1,10,1590,0.74,2,0.06,10.6,plus,laptop,север,реклама,web,0
600,382,10,36.7,10,1,0,15,1590,0.67,0,0.62,14.4,basic,phone,север,друг,python,0
601,128,9,45.8,3,0,0,0,790,0.51,1,0.11,6.6,basic,tablet,север,друг,data,0
602,211,8,54.0,8,0,0,0,1190,0.37,0,0.54,7.8,basic,phone,запад,соцсети,data,0
603,141,10,34.7,1,0,0,0,1590,0.86,2,0.4,2.9,plus,tablet,север,реклама,python,1
604,100,8,15.6,21,4,0,0,1590,0.84,2,0.63,15.8,basic,laptop,запад,соцсети,data,1
605,301,7,23.2,14,0,0,0,1590,0.28,2,0.41,13.0,plus,laptop,восток,поиск,data,0
606,282,9,3.0,12,1,1,0,790,0.71,0,0.61,8.9,premium,laptop,центр,реклама,data,1
607,325,9,17.0,8,2,0,0,790,0.69,0,,11.4,plus,tablet,запад,школа,web,0
608,264,15,6.8,3,0,0,10,1590,0.67,0,0.78,3.8,plus,phone,центр,реклама,web,1
609,623,15,35.6,3,0,0,5,1190,0.22,3,0.24,3.9,premium,tablet,север,реклама,games,0
610,302,4,7.5,6,1,0,5,1590,0.41,0,0.54,6.6,plus,laptop,запад,поиск,data,0
611,312,5,14.2,1,1,1,20,790,0.51,1,0.42,4.4,plus,laptop,восток,друг,math,1
612,470,12,50.5,7,1,0,5,1190,0.72,0,0.76,5.5,plus,tablet,восток,соцсети,python,0
613,432,8,48.5,18,1,0,15,1190,0.28,2,0.32,13.5,plus,phone,центр,реклама,python,1
614,318,9,20.3,31,1,1,0,1190,0.35,0,0.27,15.9,basic,laptop,восток,школа,games,0
615,186,7,28.7,7,1,0,5,790,0.37,3,0.72,7.3,basic,phone,центр,поиск,math,0
616,269,9,31.8,12,0,0,10,1590,0.94,4,,2.0,basic,phone,восток,реклама,data,0
617,274,10,30.5,3,1,0,5,490,0.52,2,0.14,2.9,plus,tablet,восток,друг,games,0
618,103,5,26.9,9,0,0,10,1590,0.8,2,0.71,3.0,plus,phone,север,соцсети,games,0
619,127,7,8.9,6,2,1,10,790,0.39,1,0.33,5.4,plus,laptop,восток,школа,games,0
620,202,4,50.6,8,0,0,0,790,0.8,1,0.67,11.7,plus,phone,центр,школа,python,0
621,105,6,21.3,12,2,0,15,790,0.81,1,0.23,15.3,plus,phone,запад,соцсети,math,0
622,509,11,22.3,2,0,0,0,790,0.62,1,0.64,3.5,basic,laptop,юг,соцсети,math,0
623,131,9,36.4,4,0,0,30,790,0.22,1,0.32,7.7,plus,laptop,север,друг,games,0
624,57,3,41.8,35,1,0,0,1190,0.39,1,0.41,16.1,basic,phone,центр,поиск,web,1
625,201,15,25.9,18,1,0,10,1190,0.91,3,0.87,4.3,premium,phone,восток,реклама,math,0
626,236,10,19.8,5,1,1,20,490,0.42,0,0.32,0.0,basic,phone,запад,друг,python,0
627,287,11,41.9,0,0,1,0,1590,0.55,1,0.07,2.3,plus,phone,восток,соцсети,python,0
628,228,9,23.9,38,1,0,30,490,0.37,0,0.71,21.8,basic,tablet,восток,поиск,math,1
629,157,7,59.0,6,0,0,5,490,0.46,2,0.61,13.4,basic,laptop,север,поиск,python,0
630,214,11,11.0,1,0,0,10,790,0.69,0,0.53,2.5,plus,phone,юг,друг,python,0
631,98,8,40.7,12,0,0,5,490,0.26,0,0.52,7.0,basic,phone,центр,соцсети,math,1
632,137,5,38.2,11,1,0,15,490,0.71,0,0.23,7.6,plus,laptop,восток,школа,games,1
633,66,13,19.4,5,2,0,20,1990,0.85,0,0.54,4.8,premium,phone,восток,друг,,0
634,128,6,52.9,9,2,0,0,1590,0.44,0,0.26,13.3,plus,phone,юг,поиск,games,0
635,430,6,15.7,24,1,0,20,1190,0.47,0,0.41,12.8,basic,phone,запад,реклама,math,0
636,117,12,49.1,13,0,0,10,790,0.6,1,0.62,10.7,plus,phone,центр,поиск,python,0
637,428,8,16.9,13,0,0,0,1590,0.4,0,0.31,17.6,basic,laptop,восток,реклама,data,0
638,72,14,21.6,0,1,0,0,490,0.26,0,0.26,0.0,basic,laptop,центр,соцсети,python,0
639,447,8,28.6,2,3,1,30,1190,0.54,0,0.55,6.5,premium,laptop,центр,реклама,math,1
640,402,10,19.1,4,4,0,0,1990,0.53,1,0.45,9.6,basic,laptop,север,реклама,data,1
641,129,11,41.3,12,1,0,10,490,0.29,1,0.28,8.0,basic,phone,запад,школа,python,0
642,440,14,22.5,1,0,0,0,490,0.59,0,0.42,0.7,basic,laptop,запад,реклама,data,0
643,324,8,17.1,12,1,0,10,790,0.26,1,0.37,13.8,basic,phone,запад,друг,data,1
644,278,9,34.6,21,1,0,20,490,0.28,0,0.59,15.5,plus,laptop,запад,реклама,,0
645,157,6,40.0,3,0,1,15,1190,0.9,0,0.92,9.2,plus,laptop,запад,друг,data,0
646,154,8,33.4,18,0,0,0,1190,0.38,1,0.85,15.7,plus,laptop,восток,соцсети,web,1
647,420,6,28.6,11,3,0,15,1190,0.51,0,0.81,0.0,plus,tablet,центр,соцсети,web,1
648,107,8,33.0,12,0,1,30,790,0.77,2,0.26,2.9,basic,phone,центр,реклама,games,0
649,236,6,55.4,3,0,0,0,790,0.75,1,0.74,4.8,basic,phone,центр,поиск,math,0
650,381,5,42.8,2,1,0,20,490,0.65,0,0.47,6.7,plus,tablet,север,друг,python,0
651,193,6,38.7,5,0,0,15,1190,0.38,2,0.67,2.9,basic,phone,север,школа,python,1
652,138,5,47.9,4,0,0,15,790,0.37,1,0.63,5.0,basic,tablet,север,реклама,math,0
653,296,11,45.8,43,0,0,15,790,0.45,0,0.19,17.3,plus,phone,юг,школа,math,1
654,766,7,38.5,5,5,0,15,790,0.62,0,0.4,12.8,plus,phone,запад,друг,games,0
655,337,6,15.2,1,1,0,20,490,0.82,1,0.67,1.0,basic,phone,юг,соцсети,games,0
656,202,10,59.8,17,0,0,0,790,0.58,0,0.55,4.2,plus,phone,восток,реклама,data,0
657,200,12,13.9,12,1,0,30,790,0.36,0,0.59,10.5,plus,tablet,центр,реклама,data,0
658,62,7,38.9,5,0,0,15,1590,0.58,0,0.17,12.0,basic,phone,север,школа,web,0
659,299,7,31.6,28,1,0,20,790,0.17,1,0.7,19.0,basic,tablet,центр,школа,python,0
660,311,10,20.9,14,0,1,5,1590,0.77,0,0.66,6.2,plus,laptop,центр,школа,games,1
661,255,15,43.2,2,2,0,10,490,0.54,2,0.86,8.0,plus,phone,восток,друг,data,0
662,365,7,41.0,11,0,1,15,790,0.66,2,0.44,2.7,basic,phone,восток,реклама,games,0
663,407,9,25.6,7,1,0,30,1190,0.42,1,0.67,2.8,plus,phone,север,реклама,data,0
664,231,10,36.8,2,1,0,0,490,0.39,0,0.32,2.1,plus,phone,запад,школа,python,1
665,177,9,27.0,16,1,0,20,1590,0.63,0,0.13,12.3,basic,phone,восток,поиск,games,0
666,115,17,17.5,4,2,0,10,1590,0.63,2,0.78,0.0,plus,phone,восток,реклама,games,0
667,516,11,30.6,1,2,0,10,1190,0.61,1,0.62,9.7,basic,laptop,юг,друг,math,0
668,414,12,29.2,13,0,0,0,1190,0.52,3,0.44,12.9,plus,phone,север,поиск,data,0
669,354,3,51.3,4,0,0,10,1990,0.45,0,0.63,1.6,plus,laptop,запад,друг,games,0
670,71,11,20.6,1,0,1,0,1590,0.43,1,0.52,2.3,plus,tablet,запад,реклама,,0
671,145,10,38.5,23,3,0,5,1190,0.26,2,0.61,12.3,plus,phone,запад,реклама,math,0
672,73,4,26.0,1,2,1,30,790,0.59,1,0.2,3.0,basic,laptop,север,реклама,python,0
673,489,12,9.3,10,1,1,30,490,0.47,0,,4.5,basic,phone,запад,друг,python,0
674,385,8,45.9,10,0,0,20,1990,0.92,1,0.62,11.4,basic,tablet,восток,поиск,python,0
675,49,10,25.2,5,1,0,5,1190,0.63,1,0.12,0.0,plus,tablet,юг,соцсети,math,0
676,176,6,13.2,6,0,0,30,1590,0.68,1,0.84,2.0,basic,laptop,центр,школа,web,0
677,56,11,50.3,17,0,0,0,1590,0.27,1,0.53,9.5,basic,laptop,запад,друг,games,0
678,108,10,29.3,8,0,1,5,790,0.28,2,0.25,7.3,basic,tablet,центр,друг,python,0
679,92,6,44.9,4,0,1,0,1590,0.88,3,1.0,1.3,premium,phone,север,реклама,games,0
680,135,8,15.3,5,0,1,0,790,0.91,0,0.66,4.8,basic,tablet,север,друг,games,0
681,115,12,47.4,14,0,0,20,1190,0.57,0,0.6,5.9,plus,phone,центр,поиск,,0
682,428,5,33.6,1,2,0,20,1590,0.69,2,0.19,3.3,premium,laptop,запад,поиск,data,0
683,496,7,26.7,16,0,0,20,1990,0.57,0,0.05,14.2,basic,laptop,центр,реклама,web,0
684,229,12,38.1,3,0,0,5,1190,0.71,1,0.64,9.1,basic,tablet,центр,реклама,math,0
685,184,9,42.0,22,1,1,10,1190,0.52,2,,18.9,basic,phone,юг,соцсети,web,0
686,386,5,59.2,2,3,0,15,790,0.51,1,0.34,7.3,plus,laptop,запад,друг,data,0
687,158,15,47.1,33,1,0,15,1590,0.32,1,0.26,18.1,basic,phone,север,реклама,,1
688,212,11,40.5,10,0,0,15,1190,0.69,0,0.26,13.6,basic,laptop,юг,реклама,math,1
689,591,7,32.9,11,0,0,0,490,0.37,2,0.15,9.0,basic,laptop,север,друг,python,1
690,163,12,48.4,6,2,1,15,490,0.56,1,0.2,10.8,plus,phone,запад,поиск,games,1
691,394,10,26.6,2,1,1,15,490,0.51,1,0.3,6.3,basic,tablet,центр,поиск,games,0
692,192,10,40.5,8,1,0,20,790,0.55,3,,5.7,basic,phone,центр,друг,data,0
693,216,8,30.1,1,1,0,5,1190,0.6,2,0.54,4.3,basic,laptop,центр,школа,web,0
694,78,11,25.5,5,0,0,15,1190,0.64,2,0.64,3.2,plus,laptop,запад,друг,python,0
695,129,8,35.0,11,1,0,30,490,0.45,2,0.48,6.5,plus,laptop,центр,поиск,math,0
696,139,8,48.0,10,1,0,10,490,0.76,0,0.58,9.2,plus,phone,север,соцсети,python,1
697,427,10,28.4,0,1,0,15,1190,0.47,1,,3.1,basic,phone,центр,школа,data,0
698,130,9,35.2,2,0,0,10,790,0.93,0,0.34,6.9,basic,laptop,восток,поиск,data,0
699,320,12,41.9,11,0,0,5,790,0.71,2,0.32,1.9,plus,phone,север,школа,web,0
700,295,7,43.7,1,0,0,20,790,0.62,1,0.07,0.0,premium,laptop,восток,друг,data,0
701,209,9,59.4,4,0,0,10,1990,0.61,3,0.46,6.2,basic,phone,запад,реклама,python,0
702,42,8,32.5,3,4,0,15,1190,0.73,0,0.5,10.5,basic,phone,север,реклама,data,0
703,218,11,,10,3,0,10,790,0.46,1,0.54,2.0,premium,phone,центр,реклама,python,0
704,549,9,16.1,8,0,0,10,1990,0.59,2,0.49,9.9,plus,laptop,центр,друг,python,0
705,158,9,39.4,17,1,1,10,790,0.21,2,0.85,8.0,plus,phone,центр,реклама,math,0
706,197,7,14.9,2,0,0,15,790,0.47,1,0.19,4.7,plus,phone,запад,поиск,games,0
707,170,8,52.3,8,1,0,10,790,0.71,0,0.66,8.7,plus,tablet,запад,реклама,games,1
708,174,8,16.4,24,0,0,15,490,0.89,0,0.79,10.8,basic,phone,запад,соцсети,data,0
709,163,2,34.4,10,1,0,0,790,0.62,1,0.67,7.5,basic,phone,север,школа,python,1
710,195,8,24.6,25,1,0,30,490,0.82,0,0.51,12.0,basic,phone,запад,реклама,data,0
711,77,11,43.5,2,3,0,20,1590,0.64,1,0.68,7.4,plus,phone,север,поиск,data,0
712,163,11,7.4,10,0,0,0,490,0.7,0,0.03,7.7,plus,laptop,север,реклама,math,0
713,417,5,27.1,36,0,0,0,1590,0.72,1,0.36,13.7,plus,laptop,центр,соцсети,data,1
714,122,7,48.0,7,1,0,10,490,0.88,1,0.34,8.9,premium,laptop,запад,реклама,python,1
715,130,12,37.5,2,1,0,5,490,0.84,1,0.92,8.4,plus,phone,север,реклама,web,0
716,506,7,29.3,1,1,0,20,1990,0.62,2,0.3,6.8,basic,phone,север,соцсети,games,1
717,114,7,47.9,3,1,0,10,1190,0.27,0,0.16,3.5,basic,laptop,юг,поиск,python,0
718,708,4,18.3,3,3,0,5,1590,0.55,4,0.66,7.6,plus,phone,север,друг,web,0
719,408,7,51.5,3,0,0,10,790,0.63,1,0.8,0.2,premium,laptop,север,поиск,games,0
720,184,7,53.8,12,0,0,0,490,0.61,1,0.94,15.2,basic,phone,запад,реклама,web,0
721,459,10,40.5,6,1,0,10,1190,0.63,1,0.06,9.7,plus,laptop,восток,реклама,web,0
722,159,8,21.9,0,0,0,15,790,0.74,0,0.43,8.8,plus,phone,центр,соцсети,games,0
723,158,11,38.8,3,3,0,0,1190,0.7,1,0.51,3.2,plus,phone,юг,реклама,python,0
724,222,10,18.7,14,0,1,10,1190,0.91,2,0.55,9.4,basic,phone,центр,друг,python,0
725,52,10,14.5,13,2,0,5,490,0.54,0,0.52,3.5,basic,laptop,север,соцсети,games,0
726,303,7,22.3,11,0,0,0,490,0.71,0,0.39,14.6,premium,laptop,центр,поиск,python,1
727,183,12,21.1,4,2,0,20,1190,0.89,1,0.52,8.6,basic,laptop,запад,друг,data,0
728,302,8,39.0,9,0,0,10,790,0.39,1,0.47,11.0,premium,phone,север,друг,math,0
729,598,5,32.2,4,1,1,10,1190,0.56,1,0.5,9.9,premium,phone,запад,реклама,games,0
730,120,9,42.8,10,0,1,10,1990,0.42,3,0.32,9.7,premium,phone,центр,реклама,data,0
731,87,3,42.8,6,1,0,0,790,0.41,1,0.6,14.8,plus,laptop,центр,соцсети,python,1
732,683,7,56.5,0,1,0,15,490,0.72,0,0.47,5.2,plus,phone,юг,реклама,,0
733,150,6,35.8,7,0,1,10,790,0.2,0,0.23,7.9,basic,phone,восток,друг,web,1
734,193,13,27.7,11,0,0,15,790,0.5,0,0.48,16.1,basic,phone,центр,реклама,math,0
735,261,6,60.7,15,0,0,20,490,0.93,1,0.43,6.7,basic,laptop,запад,друг,data,0
736,262,8,20.8,6,1,0,5,790,0.41,2,0.75,4.4,basic,phone,запад,соцсети,python,1
737,379,6,32.8,2,3,0,30,790,0.34,0,0.67,5.9,plus,laptop,восток,реклама,python,0
738,158,11,31.9,26,1,0,0,790,0.41,2,0.14,4.3,plus,phone,север,друг,data,0
739,178,5,36.2,2,1,0,10,790,0.71,0,0.47,8.5,plus,laptop,центр,поиск,python,0
740,179,13,33.0,7,0,1,15,1190,0.65,0,0.83,7.0,basic,tablet,центр,соцсети,python,0
741,458,11,45.4,10,1,0,10,1590,0.54,1,0.17,4.5,basic,phone,север,школа,python,0
742,164,7,54.3,31,0,1,10,790,0.7,0,0.56,18.0,premium,phone,север,реклама,data,1
743,175,3,48.5,20,0,0,20,490,0.66,0,0.89,11.3,basic,phone,юг,поиск,games,1
744,302,9,14.8,4,0,0,5,1190,0.18,2,0.59,0.5,basic,phone,центр,друг,math,0
745,167,9,30.5,0,1,0,20,1590,0.71,0,0.68,5.8,plus,laptop,юг,поиск,games,0
746,173,8,,5,0,0,0,1190,0.75,1,0.53,10.0,basic,phone,центр,школа,data,1
747,94,10,12.1,4,0,0,20,790,0.44,2,0.83,19.8,plus,phone,центр,друг,python,0
748,258,11,14.4,9,0,1,0,1190,0.79,1,0.66,5.1,plus,phone,восток,соцсети,python,0
749,134,15,22.6,3,1,0,30,490,0.83,0,0.09,6.8,basic,tablet,юг,друг,games,0
750,48,13,39.2,7,2,0,0,1190,0.63,0,0.85,1.4,basic,phone,север,школа,python,0
751,52,17,30.7,11,0,0,30,490,0.38,3,0.83,2.2,plus,phone,центр,поиск,web,0
752,312,4,15.2,3,1,0,0,490,0.44,0,0.76,5.3,premium,laptop,север,реклама,data,0
753,64,9,16.5,30,1,0,30,490,0.74,1,0.39,16.6,basic,laptop,восток,школа,math,0
754,122,10,29.9,6,0,0,10,790,0.58,0,0.76,0.0,premium,phone,восток,поиск,data,0
755,367,5,52.4,32,1,1,5,490,0.35,2,0.23,16.4,basic,phone,восток,реклама,python,1
756,346,7,28.6,2,3,1,30,490,0.36,0,0.42,12.9,plus,phone,восток,поиск,data,0
757,495,10,34.9,6,2,0,15,1190,0.79,2,0.61,2.6,basic,laptop,центр,реклама,data,0
758,170,6,10.9,0,1,0,0,490,0.75,0,0.62,7.0,plus,phone,запад,друг,games,0
759,34,10,32.7,6,2,0,10,1190,0.37,1,0.59,3.1,premium,phone,восток,поиск,math,0
760,318,9,10.9,14,3,1,0,1190,0.52,0,0.58,12.6,plus,tablet,запад,поиск,data,0
761,323,5,34.9,5,0,1,10,790,0.29,0,0.76,11.5,plus,phone,запад,соцсети,games,1
762,163,4,19.9,16,2,0,30,790,0.9,2,0.71,10.9,premium,phone,центр,друг,web,0
763,172,5,37.7,3,1,1,20,1590,0.46,2,0.25,3.1,plus,phone,север,поиск,data,0
764,374,10,24.7,4,2,0,10,790,0.55,2,0.69,2.4,premium,laptop,юг,соцсети,python,1
765,512,6,20.6,27,0,0,5,1190,0.68,0,0.54,12.9,plus,laptop,центр,соцсети,data,0
766,68,11,35.7,2,2,1,10,1590,0.66,0,0.84,8.3,plus,laptop,юг,школа,games,0
767,278,9,29.0,15,0,0,15,1190,0.22,1,0.12,15.2,basic,phone,центр,поиск,games,0
768,259,8,33.8,19,0,0,10,490,0.4,1,0.45,11.2,basic,laptop,юг,школа,python,0
769,77,7,3.0,16,3,0,15,790,0.5,1,0.38,6.3,plus,laptop,восток,соцсети,,0
770,13,10,28.7,14,2,0,0,1590,0.88,1,0.19,7.3,premium,tablet,юг,поиск,data,1
771,356,7,49.9,4,0,0,5,1590,0.68,2,0.41,9.1,plus,phone,юг,поиск,data,0
772,91,8,32.8,2,0,1,10,1190,0.21,0,0.22,0.0,premium,phone,центр,друг,data,0
773,224,12,,14,2,0,20,1590,0.71,0,0.56,7.8,plus,phone,восток,поиск,web,0
774,218,12,35.6,4,0,0,5,790,0.37,0,0.44,6.8,plus,laptop,юг,поиск,data,0
775,80,13,65.6,18,1,0,10,1990,0.66,0,,18.6,plus,laptop,север,соцсети,math,1
776,250,10,36.8,5,1,0,0,1190,0.63,1,0.82,8.5,plus,phone,запад,друг,data,0
777,45,11,26.6,3,1,0,20,490,0.29,0,0.57,6.9,premium,phone,запад,реклама,math,0
778,110,8,35.5,17,4,1,30,1190,0.58,1,0.26,7.6,basic,phone,юг,школа,python,0
779,201,6,,10,0,0,0,790,0.37,2,0.79,5.8,plus,phone,центр,друг,data,0
780,249,14,30.0,2,0,0,0,1590,0.47,2,0.6,7.3,premium,laptop,центр,поиск,math,1
781,161,13,37.7,19,0,1,30,490,0.49,2,0.21,7.3,plus,laptop,центр,поиск,games,1
782,344,14,,10,1,0,0,790,0.44,0,0.85,12.4,plus,laptop,центр,поиск,data,0
783,270,5,33.0,1,1,0,15,790,0.75,2,0.79,3.1,basic,phone,юг,реклама,python,0
784,111,11,30.6,6,0,1,15,790,0.56,2,0.84,11.1,plus,laptop,восток,поиск,data,0
785,449,9,48.4,3,2,0,20,490,0.36,0,0.58,8.8,basic,laptop,центр,школа,python,0
786,155,3,32.0,18,1,0,5,1190,0.52,1,0.25,10.1,premium,laptop,восток,поиск,python,1
787,136,10,20.9,8,0,0,0,1190,0.82,0,0.03,8.5,plus,tablet,запад,друг,data,0
788,132,9,24.3,7,2,1,0,490,0.6,1,0.52,6.5,plus,phone,восток,друг,web,0
789,128,8,48.2,3,0,1,10,1190,0.64,0,0.53,2.7,premium,laptop,юг,реклама,data,0
790,180,5,33.2,5,0,2,15,790,0.45,3,0.15,0.0,premium,phone,центр,друг,web,0
791,243,9,21.8,16,0,0,20,1190,0.7,2,0.7,7.7,plus,phone,центр,друг,data,0
792,45,6,23.7,1,1,0,5,1590,0.88,5,0.48,0.6,plus,laptop,центр,реклама,math,0
793,194,6,23.1,5,0,1,20,790,0.55,2,0.46,1.8,basic,phone,центр,реклама,python,0
794,90,14,45.1,3,0,0,20,1190,0.43,1,0.39,0.2,basic,phone,восток,поиск,games,0
795,275,6,21.9,5,2,0,10,1190,0.75,1,,5.4,premium,phone,запад,реклама,python,1
796,198,7,68.0,1,1,0,20,1990,0.8,2,0.28,10.0,basic,tablet,восток,реклама,data,0
797,247,9,27.1,1,1,0,0,1990,0.3,0,0.38,10.1,plus,tablet,север,реклама,python,0
798,158,8,20.6,3,2,0,0,790,0.83,0,0.68,13.8,plus,laptop,юг,реклама,games,0
799,308,9,31.6,4,1,1,0,1990,0.4,0,0.14,7.4,premium,laptop,север,школа,python,0
800,391,6,24.8,18,1,0,30,1190,0.47,0,0.41,10.4,plus,phone,запад,друг,web,0
801,148,12,41.8,1,0,0,15,1990,0.5,0,0.48,0.0,premium,phone,восток,соцсети,data,0
802,158,5,43.5,3,1,0,10,790,0.63,0,0.5,4.7,premium,phone,центр,реклама,math,1
803,556,12,22.3,13,0,0,0,790,0.44,1,0.69,7.9,plus,phone,юг,поиск,math,0
804,446,9,43.7,5,0,0,10,1590,0.48,1,0.52,8.1,plus,phone,юг,друг,games,0
805,403,7,34.1,11,0,0,20,790,0.74,0,0.48,4.7,basic,phone,запад,реклама,games,0
806,533,15,26.4,1,0,1,15,1190,0.36,1,0.1,3.3,plus,laptop,запад,реклама,data,0
807,454,14,,8,0,0,20,490,0.58,0,0.38,6.2,plus,laptop,север,поиск,,0
808,172,10,42.0,11,0,1,0,490,0.32,1,0.41,7.0,premium,phone,восток,реклама,math,0
809,254,8,22.4,4,0,0,20,790,0.7,1,0.54,7.9,basic,laptop,север,поиск,python,0
810,212,10,37.8,7,2,0,10,790,0.82,0,0.71,13.1,basic,phone,запад,поиск,python,0
811,147,10,34.0,3,1,0,0,1190,0.84,0,0.19,7.4,basic,laptop,юг,поиск,math,0
812,218,11,40.2,28,2,0,0,790,0.63,1,0.22,14.6,basic,phone,юг,реклама,data,1
813,177,11,30.1,10,0,0,15,1590,0.31,1,0.68,11.6,plus,laptop,юг,школа,web,0
814,195,10,,9,0,0,10,1190,0.55,2,0.27,8.9,plus,laptop,центр,реклама,web,0
815,323,11,25.7,22,1,0,0,1590,0.85,3,0.48,16.9,premium,tablet,север,соцсети,web,0
816,140,8,9.9,9,0,0,20,490,0.43,1,0.38,4.4,basic,phone,центр,друг,web,0
817,590,13,30.7,15,1,0,0,1190,0.78,0,,14.2,premium,laptop,запад,поиск,python,0
818,148,5,6.4,2,1,0,0,490,0.85,0,0.76,10.7,plus,phone,юг,школа,python,1
819,208,10,59.8,8,0,1,10,490,0.71,1,0.57,10.9,plus,laptop,центр,поиск,data,0
820,139,18,56.5,9,0,0,5,490,0.65,0,0.55,5.8,premium,phone,север,школа,data,0
821,131,7,23.5,18,2,1,10,790,0.8,1,0.79,10.2,basic,phone,запад,поиск,web,0
822,326,5,32.3,24,3,1,0,1990,0.67,0,0.54,17.3,basic,laptop,север,поиск,python,0
823,188,10,19.5,14,0,1,30,1990,0.52,1,0.34,12.7,basic,phone,центр,поиск,games,0
824,304,12,,10,1,0,10,790,0.33,0,0.44,6.8,plus,laptop,восток,поиск,data,0
825,495,7,,8,1,0,20,490,0.59,1,0.47,5.3,basic,laptop,север,реклама,math,0
826,724,11,22.4,1,0,0,20,1590,0.39,0,0.47,0.8,premium,laptop,центр,школа,games,1
827,580,5,37.7,4,0,0,5,1590,0.25,2,0.21,12.9,plus,laptop,запад,поиск,math,0
828,241,7,37.0,44,0,0,15,790,0.64,1,0.41,14.7,plus,tablet,север,соцсети,python,0
829,68,12,21.8,24,2,0,20,490,0.27,1,0.09,18.6,basic,phone,север,реклама,data,0
830,128,7,33.4,9,0,0,15,490,0.51,0,0.1,8.2,premium,phone,центр,поиск,web,1
831,34,8,13.6,2,0,2,5,1190,0.67,1,,5.4,basic,phone,восток,школа,math,0
832,538,9,,6,3,0,0,1590,0.61,1,0.44,6.8,premium,phone,центр,школа,math,0
833,343,12,45.4,1,0,0,5,790,0.7,1,0.8,11.2,plus,phone,центр,друг,web,0
834,204,9,25.3,1,0,0,10,790,0.45,2,0.74,2.7,plus,tablet,запад,соцсети,web,0
835,599,12,19.7,1,1,1,20,790,0.51,2,0.49,10.4,basic,laptop,центр,друг,math,0
836,352,6,42.9,5,0,0,15,1190,0.44,0,0.36,12.8,premium,phone,центр,реклама,data,0
837,66,9,24.0,2,1,0,10,490,0.54,2,0.63,0.0,basic,phone,юг,соцсети,games,0
838,275,8,43.3,5,1,0,30,490,0.58,3,0.51,6.8,plus,phone,запад,реклама,python,0
839,178,11,9.0,1,0,0,30,490,0.71,0,0.61,2.3,basic,phone,юг,школа,python,0
840,228,4,37.7,9,1,0,10,790,0.18,2,0.57,16.1,basic,tablet,запад,соцсети,games,0
841,377,5,25.6,4,1,0,0,1190,0.84,0,0.43,6.4,premium,phone,восток,реклама,games,0
842,351,9,46.8,15,1,0,15,1990,0.52,1,0.25,3.0,basic,phone,юг,друг,data,0
843,114,6,41.6,7,3,0,10,790,0.36,0,0.74,8.7,plus,laptop,центр,друг,python,0
844,163,12,28.7,15,1,0,5,790,0.61,1,0.33,6.8,basic,laptop,восток,поиск,math,0
845,195,10,32.0,2,1,1,5,1590,0.35,3,0.6,13.5,plus,phone,запад,друг,games,0
846,282,9,45.4,0,0,0,10,1190,0.73,1,0.95,1.5,plus,phone,юг,школа,games,1
847,319,9,17.8,5,1,0,15,490,0.3,1,0.22,2.3,plus,laptop,север,школа,python,0
848,64,9,30.3,12,0,0,15,1190,0.77,0,0.42,5.8,plus,phone,восток,реклама,python,0
849,355,13,51.2,5,0,0,15,490,0.68,1,0.72,4.1,basic,phone,запад,реклама,games,1
850,234,13,51.9,6,0,0,30,790,0.5,1,0.87,9.0,plus,phone,центр,школа,web,0
851,434,6,41.4,19,0,1,0,790,0.72,0,0.6,12.3,plus,laptop,восток,соцсети,games,0
852,170,10,26.3,0,0,0,15,790,0.81,1,0.66,2.4,premium,laptop,восток,реклама,games,0
853,120,8,60.8,4,0,0,10,790,0.8,1,0.53,9.1,premium,laptop,центр,поиск,python,0
854,179,9,35.8,4,1,0,0,1190,0.38,1,0.43,1.9,plus,laptop,север,школа,data,0
855,204,6,29.1,2,0,0,20,490,0.69,1,0.33,0.4,basic,phone,центр,поиск,data,0
856,411,6,34.5,7,1,0,5,490,0.51,1,0.75,12.9,basic,phone,север,друг,data,0
857,128,11,23.4,22,0,0,15,790,0.83,0,0.23,17.3,basic,laptop,юг,реклама,games,1
858,207,10,40.9,20,1,0,0,490,0.8,0,0.65,21.9,basic,laptop,юг,друг,,0
859,388,3,33.9,4,0,1,0,1190,0.25,0,0.4,10.0,plus,laptop,центр,реклама,data,0
860,52,12,24.4,10,0,1,20,490,0.63,1,0.66,15.4,plus,laptop,центр,школа,math,0
861,72,9,33.3,2,2,0,5,790,0.42,1,0.5,10.5,plus,phone,центр,друг,python,0
862,203,4,42.5,8,1,0,5,490,0.51,3,,0.0,plus,tablet,восток,соцсети,games,0
863,292,4,33.8,3,0,0,5,1190,0.75,0,0.72,3.7,plus,phone,север,соцсети,data,0
864,165,6,44.8,20,2,0,0,790,0.5,0,0.63,15.5,basic,laptop,юг,реклама,games,1
865,159,9,21.4,4,0,0,30,1190,0.49,0,0.25,4.6,basic,laptop,север,поиск,math,0
866,117,10,54.6,0,0,0,20,1990,0.46,1,0.27,4.3,basic,tablet,юг,школа,data,0
867,348,5,30.3,7,0,0,20,790,0.87,0,0.26,8.4,plus,laptop,север,поиск,python,1
868,275,8,31.7,18,1,0,0,1590,0.48,1,,7.0,basic,laptop,запад,поиск,python,0
869,180,9,16.6,3,0,0,0,490,0.84,1,0.57,5.1,basic,tablet,юг,поиск,data,0
870,139,9,31.3,22,0,1,5,1590,0.63,2,0.46,10.0,premium,tablet,восток,соцсети,python,0
871,137,9,31.8,15,1,0,0,1590,0.76,1,0.01,16.5,basic,laptop,центр,поиск,games,1
872,296,6,17.4,9,0,1,15,1990,0.79,2,0.36,4.0,plus,laptop,центр,школа,math,0
873,347,5,14.3,11,0,0,0,1190,0.14,0,0.18,3.5,premium,laptop,север,друг,web,0
874,234,7,25.7,10,1,0,10,1190,0.26,1,0.68,4.1,premium,laptop,восток,друг,games,0
875,82,14,47.6,6,3,0,10,1190,0.67,0,0.23,5.1,premium,phone,восток,поиск,math,0
876,498,9,35.0,1,0,0,15,790,0.47,0,0.67,5.0,premium,phone,центр,друг,games,0
877,126,7,13.2,4,0,0,10,490,0.32,1,0.86,6.0,plus,tablet,центр,реклама,games,0
878,145,9,25.4,7,1,0,20,790,0.19,0,0.33,5.7,basic,laptop,запад,реклама,data,0
879,90,3,21.3,1,0,0,15,1190,0.69,0,0.38,8.1,premium,phone,восток,реклама,web,0
880,194,10,30.5,2,0,1,20,490,0.91,0,0.2,4.4,plus,laptop,восток,соцсети,python,0
881,511,11,10.3,19,0,0,5,490,0.87,1,0.8,6.7,basic,phone,восток,друг,python,0
882,93,4,28.7,24,2,1,10,490,0.55,0,0.48,11.5,plus,tablet,запад,соцсети,python,1
883,90,5,20.5,3,0,1,15,490,0.61,3,0.35,0.4,basic,phone,запад,друг,python,0
884,359,7,45.6,12,2,0,15,1190,0.42,0,0.37,10.0,plus,phone,центр,поиск,math,0
885,143,8,23.1,9,1,0,10,1190,0.38,2,0.23,6.9,basic,laptop,юг,школа,data,0
886,206,10,18.4,40,0,0,0,790,0.63,0,0.12,16.4,plus,laptop,запад,реклама,data,0
887,242,12,36.8,9,1,0,5,1590,0.63,0,0.87,10.7,plus,tablet,центр,реклама,math,0
888,313,6,48.4,15,1,0,10,490,0.6,0,0.45,6.9,plus,phone,север,друг,math,0
889,258,7,42.2,6,4,0,10,1190,0.26,0,0.82,0.0,plus,tablet,восток,друг,games,0
890,526,9,48.2,17,0,0,15,490,0.38,0,0.59,15.1,plus,laptop,юг,поиск,data,0
891,75,10,20.6,4,0,0,10,790,0.12,0,0.49,9.7,plus,laptop,запад,соцсети,math,1
892,290,6,32.4,10,0,0,0,1190,0.37,3,0.68,6.3,basic,tablet,центр,реклама,python,1
893,252,14,33.7,14,3,0,10,490,0.49,1,0.42,11.7,premium,phone,север,школа,games,1
894,119,6,26.4,1,0,0,5,790,0.7,3,0.56,7.9,plus,phone,юг,поиск,web,0
895,251,11,23.8,6,0,1,0,1190,0.15,0,0.43,1.8,plus,laptop,восток,друг,python,1
896,223,14,24.4,4,1,1,0,1190,0.76,1,0.36,1.3,plus,laptop,запад,поиск,math,0
897,413,6,24.6,11,0,0,0,1190,0.44,2,0.49,11.7,plus,phone,запад,реклама,data,0
898,154,8,23.2,15,1,0,30,790,0.75,0,0.55,6.1,basic,phone,центр,друг,games,0
899,163,14,24.8,4,0,2,5,790,0.25,2,0.5,0.6,basic,phone,восток,реклама,games,1
900,347,9,35.1,15,3,0,15,790,0.46,0,0.45,2.9,basic,laptop,восток,поиск,web,1
901,122,3,38.9,11,1,0,30,490,0.52,2,0.44,8.7,premium,laptop,восток,школа,data,1
902,269,14,7.0,5,1,0,20,490,0.54,0,0.45,11.4,basic,phone,центр,соцсети,python,0
903,87,8,29.1,6,1,1,15,490,0.59,1,0.63,3.8,plus,phone,запад,друг,math,0
904,351,13,39.9,5,1,1,0,1190,0.67,0,0.7,9.3,plus,laptop,центр,школа,math,0
905,63,13,15.8,1,0,0,10,490,0.4,1,0.6,10.9,plus,phone,восток,соцсети,games,0
906,179,14,17.1,3,4,0,0,1590,0.77,1,0.79,6.6,basic,tablet,север,реклама,python,1
907,565,6,3.0,3,1,0,15,490,0.46,1,0.6,5.1,plus,phone,запад,реклама,python,0
908,185,15,34.2,11,1,0,5,490,0.76,1,0.38,8.6,basic,laptop,восток,реклама,data,0
909,169,7,21.8,4,0,0,0,790,0.87,0,0.37,6.0,basic,phone,восток,поиск,math,0
910,265,3,15.8,1,0,0,10,490,0.69,3,0.34,12.2,basic,phone,север,поиск,games,1
911,531,9,47.2,2,0,0,0,1190,0.7,1,0.5,6.6,premium,phone,центр,соцсети,games,0
912,589,7,25.2,17,1,0,0,790,0.68,4,0.34,7.1,premium,laptop,восток,друг,data,1
913,375,7,39.2,9,1,1,15,490,0.73,1,0.46,7.3,basic,laptop,восток,поиск,data,0
914,234,17,10.2,5,1,1,10,1990,0.43,1,0.26,6.4,plus,laptop,запад,школа,games,0
915,91,6,15.6,22,1,0,10,790,0.52,0,0.23,8.8,plus,phone,восток,соцсети,math,1
916,713,9,24.8,8,0,0,10,1190,0.16,1,,5.1,basic,phone,север,соцсети,data,0
917,183,11,21.3,7,2,0,15,490,0.54,3,0.54,4.2,premium,laptop,запад,школа,python,0
918,222,15,38.6,1,0,0,20,1190,0.43,0,0.24,0.1,plus,phone,юг,друг,math,0
919,237,14,45.7,7,2,0,30,1190,0.35,0,0.27,4.5,plus,phone,восток,поиск,web,0
920,316,8,18.8,3,0,0,0,1190,0.48,0,0.03,9.6,plus,laptop,север,школа,python,0
921,368,10,23.5,2,3,1,10,790,0.75,2,0.43,6.3,plus,phone,север,друг,python,0
922,203,7,29.5,9,0,0,30,490,0.57,1,0.45,8.5,basic,phone,север,реклама,games,0
923,545,8,3.0,32,1,0,10,790,0.75,1,0.59,25.3,basic,phone,север,реклама,python,1
924,48,8,48.4,7,0,0,0,490,0.97,1,0.07,1.6,premium,phone,восток,поиск,python,0
925,87,11,32.9,5,0,0,20,490,0.63,1,0.35,8.3,plus,phone,юг,друг,python,0
926,289,10,26.4,1,2,0,0,1590,0.72,0,0.71,14.2,basic,laptop,запад,друг,games,1
927,155,9,40.9,5,2,0,10,490,0.25,1,0.46,8.5,plus,phone,центр,друг,python,1
928,260,8,22.9,0,0,0,15,490,0.79,0,0.44,0.0,plus,phone,запад,друг,data,0
929,138,9,51.5,7,1,0,0,790,0.75,1,0.28,4.4,plus,laptop,запад,соцсети,math,0
930,182,9,15.2,1,0,0,5,490,0.56,1,0.54,5.0,plus,laptop,юг,школа,python,0
931,272,6,48.4,1,0,1,10,790,0.6,0,0.28,8.2,premium,tablet,центр,соцсети,python,1
932,143,8,,28,3,1,5,490,0.59,3,0.51,14.4,basic,phone,восток,соцсети,games,0
933,189,7,8.4,18,1,0,20,490,0.75,2,0.93,14.6,basic,laptop,север,реклама,data,1
934,97,13,32.8,8,1,1,15,790,0.75,0,0.15,7.4,plus,laptop,запад,соцсети,web,0
935,72,6,,3,0,2,10,1590,0.91,0,0.85,3.5,premium,laptop,запад,школа,python,0
936,180,14,37.0,5,0,0,0,490,0.6,1,0.29,6.1,basic,phone,юг,реклама,data,0
937,199,9,34.3,3,2,1,10,1190,0.85,0,0.42,13.8,plus,tablet,центр,реклама,python,1
938,260,7,55.7,1,1,1,30,790,0.62,0,0.68,2.4,premium,laptop,запад,реклама,web,0
939,296,9,35.6,13,0,1,15,790,0.19,0,0.56,13.0,basic,laptop,запад,поиск,games,1
940,21,12,12.2,2,0,0,5,1190,0.64,0,0.07,7.4,plus,laptop,юг,поиск,data,0
941,93,12,40.1,9,0,1,10,790,0.16,2,0.74,8.5,basic,laptop,север,школа,python,0
942,215,5,49.6,4,0,0,15,1990,0.39,2,0.24,6.2,basic,tablet,восток,соцсети,games,0
943,507,14,27.7,7,0,1,30,490,0.86,0,0.34,11.5,plus,phone,центр,соцсети,,0
944,495,8,13.3,8,0,0,0,1990,0.48,1,0.9,3.5,plus,phone,север,реклама,python,0
945,249,11,58.3,9,1,0,30,790,0.29,1,0.11,5.7,plus,phone,центр,поиск,math,1
946,215,9,25.2,19,1,0,30,1590,0.32,1,0.78,14.1,basic,laptop,юг,друг,web,0
947,274,11,41.3,24,0,0,5,1590,0.68,1,0.94,7.9,plus,laptop,центр,соцсети,games,0
948,225,8,19.8,3,1,0,0,490,0.46,0,0.53,8.2,basic,laptop,восток,реклама,math,0
949,221,9,12.9,3,1,0,30,1190,0.62,0,0.23,13.5,basic,laptop,центр,реклама,python,0
950,254,17,31.9,5,1,0,5,790,0.71,1,0.78,5.6,basic,laptop,юг,реклама,games,0
951,327,6,,11,0,1,0,490,0.29,1,0.55,7.6,plus,laptop,восток,реклама,python,1
952,188,5,27.3,9,2,1,5,490,0.54,3,0.54,2.1,basic,laptop,север,поиск,games,0
953,224,8,20.1,3,1,0,0,790,0.6,2,0.74,1.2,premium,phone,запад,соцсети,python,0
954,144,11,3.0,6,1,1,5,1990,0.8,0,0.23,8.3,premium,laptop,север,поиск,python,0
955,321,7,37.0,6,0,0,20,1590,0.54,1,0.48,5.1,basic,phone,восток,поиск,games,0
956,672,11,20.7,4,1,0,5,1190,0.59,0,,4.0,basic,laptop,восток,соцсети,games,0
957,64,7,15.4,4,1,0,10,1190,0.85,1,0.14,9.6,basic,laptop,север,реклама,python,0
958,369,15,20.4,0,0,0,15,790,0.43,2,0.61,6.7,plus,laptop,центр,соцсети,data,0
959,130,8,36.7,5,0,0,5,490,0.38,0,0.51,10.4,basic,phone,север,реклама,python,0
960,303,15,39.4,0,0,1,20,790,0.66,0,0.69,7.9,basic,phone,восток,поиск,web,0
961,255,3,22.8,33,0,1,0,490,0.51,2,,16.2,basic,tablet,запад,поиск,python,0
962,131,8,43.9,6,0,0,10,1590,0.27,3,0.66,4.6,premium,laptop,север,соцсети,math,1
963,150,11,35.7,1,0,0,15,490,0.9,2,0.35,6.0,plus,laptop,север,поиск,web,0
964,95,9,51.8,23,2,0,10,1190,0.41,3,0.72,16.6,basic,laptop,север,реклама,data,1
965,53,12,42.4,10,1,1,10,490,0.8,1,0.57,9.9,basic,phone,восток,друг,math,0
966,31,9,43.3,14,3,0,15,490,0.35,3,0.65,10.2,basic,phone,центр,реклама,data,0
967,88,14,40.2,23,0,1,30,1590,0.29,0,0.46,13.9,basic,tablet,восток,поиск,web,1
968,135,16,42.5,19,0,0,0,790,0.64,1,0.1,14.4,plus,laptop,запад,друг,math,0
969,555,11,42.8,4,0,0,15,490,0.56,2,0.86,0.0,basic,laptop,восток,друг,data,0
970,450,9,33.6,7,1,0,5,490,0.71,0,0.15,8.8,plus,laptop,север,реклама,python,0
971,102,12,12.0,1,0,0,15,490,0.82,0,0.71,7.7,plus,phone,восток,школа,web,0
972,184,14,35.7,7,1,1,0,790,0.76,0,0.59,4.4,basic,laptop,запад,реклама,games,0
973,90,16,45.8,10,0,0,15,490,0.67,0,0.27,6.9,plus,phone,восток,друг,web,0
974,111,4,38.7,22,2,0,20,790,0.24,0,0.81,8.2,basic,phone,восток,школа,web,1
975,507,5,32.7,17,0,0,15,790,0.73,0,0.14,8.7,basic,laptop,север,реклама,,0
976,350,7,33.6,3,2,0,0,1190,0.52,1,0.55,4.0,premium,phone,восток,поиск,web,0
977,402,10,15.6,30,0,0,15,1190,0.78,2,0.78,13.4,premium,laptop,запад,реклама,data,0
978,200,7,23.3,16,2,0,15,1190,0.58,2,0.9,21.6,plus,laptop,юг,школа,games,1
979,180,13,42.0,10,2,0,15,490,0.6,0,0.51,0.1,premium,phone,юг,соцсети,games,0
980,523,5,19.9,21,1,0,15,790,0.7,1,0.77,13.0,plus,laptop,север,поиск,games,0
981,251,15,42.9,7,0,0,15,1190,0.39,2,0.66,12.8,basic,phone,восток,реклама,math,1
982,301,8,37.1,4,0,0,10,490,0.23,1,0.19,0.9,basic,tablet,север,поиск,data,0
983,278,9,16.3,3,2,0,20,1590,0.66,1,0.43,0.0,plus,laptop,север,школа,games,0
984,184,14,,15,1,0,10,490,0.51,2,0.24,15.4,plus,phone,восток,поиск,web,0
985,433,15,40.4,3,1,0,15,1190,0.73,0,0.41,7.4,plus,phone,запад,школа,games,0
986,81,11,3.0,13,1,0,5,790,0.6,1,0.7,6.2,plus,phone,север,школа,data,0
987,176,11,14.1,1,0,1,20,1990,0.25,2,0.17,0.0,basic,phone,центр,друг,web,0
988,555,9,58.4,16,0,0,5,490,0.65,4,0.89,10.8,basic,laptop,восток,поиск,data,0
989,227,12,65.9,1,0,1,5,1190,0.5,2,0.46,8.2,basic,tablet,центр,реклама,python,0
990,362,6,31.5,23,3,0,5,490,0.35,1,,17.4,basic,laptop,центр,школа,data,1
991,320,11,38.3,11,1,0,15,490,0.51,2,0.67,3.0,basic,tablet,центр,школа,web,0
992,471,9,19.6,5,3,0,5,790,0.47,1,0.39,4.7,basic,tablet,запад,поиск,python,1
993,122,9,32.1,11,2,0,15,1190,0.64,1,0.39,8.4,plus,laptop,север,соцсети,data,0
994,252,11,62.6,33,1,0,0,1590,0.71,1,0.67,14.5,basic,phone,юг,соцсети,web,1
995,159,11,28.2,2,1,1,0,1590,0.64,0,0.8,8.0,basic,laptop,запад,реклама,python,1
996,285,14,42.1,2,2,0,20,790,0.83,1,,0.0,plus,phone,юг,школа,data,1
997,178,10,16.3,22,2,0,0,790,0.74,0,0.29,9.1,plus,phone,юг,соцсети,python,1
998,432,9,54.2,6,1,0,10,1190,0.73,0,0.87,9.2,basic,phone,восток,поиск,data,0
999,50,4,30.8,34,1,0,10,790,0.74,1,0.45,21.5,basic,phone,север,друг,web,1
1000,304,9,15.5,5,4,0,15,490,0.57,2,0.69,4.1,plus,phone,восток,друг,python,0
