id,area_m2,rooms,kitchen_m2,floor,floors_total,district,condition,distance_to_center_km,metro_min,house_age,has_balcony,ceiling_height,views_30d,listing_month,price_mln
1,85.5,3,16.0,1,25,новостройки,требует ремонта,14.2,,18,1,2.88,76,январь,12.04
2,42.6,2,12.1,5,5,спальный,среднее,13.5,9.0,24,0,2.83,69,июнь,5.48
3,101.9,4,18.8,10,12,новостройки,требует ремонта,12.6,9.3,0,0,2.71,70,февраль,14.97
4,60.3,2,14.4,2,10,спальный,евроремонт,6.2,5.9,0,1,2.83,111,июнь,13.18
5,63.4,2,12.4,8,8,центр,хорошее,0.3,6.3,13,1,2.92,66,февраль,13.57
6,40.5,1,11.1,4,6,спальный,среднее,2.9,10.0,9,1,2.69,90,май,9.16
7,71.3,2,15.4,19,23,спальный,хорошее,6.4,19.5,28,0,2.86,208,февраль,11.87
8,72.0,3,17.1,8,15,новостройки,среднее,15.4,14.6,41,0,2.5,75,апрель,10.8
9,55.1,2,10.5,23,25,спальный,среднее,7.6,,39,0,2.86,662,март,8.24
10,58.7,2,15.6,4,5,центр,среднее,5.4,,31,1,2.85,12,апрель,11.04
11,46.6,1,9.4,2,17,пригород,среднее,22.7,,13,1,2.58,17,май,5.24
12,71.3,2,17.4,2,5,спальный,среднее,4.0,11.2,7,1,2.45,31,апрель,12.24
13,106.8,4,20.5,4,19,спальный,евроремонт,8.1,10.5,29,1,2.84,24,февраль,15.16
14,108.9,5,17.0,8,19,пригород,евроремонт,21.1,,26,1,2.65,275,февраль,15.69
15,60.6,2,12.9,2,23,спальный,хорошее,9.3,,37,0,2.51,19,февраль,9.45
16,70.5,3,12.4,8,9,спальный,среднее,8.6,5.6,25,1,2.71,43,июнь,11.47
17,50.2,1,11.7,9,13,спальный,хорошее,8.0,9.8,24,1,2.46,277,май,10.06
18,68.8,2,11.3,9,9,спальный,хорошее,11.2,17.9,42,1,2.65,79,май,11.05
19,55.2,2,13.3,7,17,спальный,среднее,15.9,,3,1,2.58,126,февраль,8.95
20,61.2,2,13.6,6,16,центр,среднее,3.8,11.0,11,1,2.71,46,январь,11.78
21,50.0,2,13.2,8,10,спальный,хорошее,12.5,,30,1,2.64,24,апрель,10.05
22,75.5,3,14.4,3,12,центр,среднее,4.3,6.3,50,0,2.64,176,февраль,14.81
23,118.4,5,23.6,6,6,спальный,хорошее,8.7,11.2,22,0,2.54,45,февраль,16.95
24,79.6,3,14.9,9,11,спальный,евроремонт,8.8,,19,0,2.85,18,май,13.53
25,66.9,2,14.6,4,6,пригород,хорошее,21.7,,5,1,2.65,151,январь,8.95
26,80.9,3,16.2,6,8,центр,евроремонт,0.3,6.3,42,1,2.79,62,март,16.33
27,38.0,2,11.4,11,12,новостройки,хорошее,17.1,18.0,26,1,2.63,37,январь,5.59
28,95.4,4,18.0,6,9,спальный,требует ремонта,7.1,7.4,19,1,2.83,26,апрель,13.71
29,89.3,4,16.2,12,21,новостройки,среднее,9.2,7.2,11,1,2.59,41,февраль,13.89
30,72.9,3,11.6,9,22,спальный,хорошее,10.4,11.2,50,1,2.47,64,май,12.71
31,52.1,1,12.5,8,8,новостройки,евроремонт,8.2,11.5,57,0,2.89,32,май,9.46
32,56.4,3,15.2,3,14,центр,евроремонт,0.3,,33,0,2.78,40,июнь,13.93
33,101.1,5,16.4,14,14,центр,среднее,3.5,7.4,36,1,2.61,14,март,17.82
34,62.3,2,10.4,17,18,спальный,хорошее,9.5,6.2,46,0,2.71,297,май,9.21
35,39.7,1,10.6,2,23,пригород,евроремонт,24.2,,22,1,2.78,80,май,5.28
36,85.7,3,18.3,1,8,спальный,хорошее,3.3,,14,0,3.14,28,май,13.2
37,79.1,3,15.3,7,17,спальный,среднее,11.2,4.1,38,1,2.97,49,июнь,14.35
38,41.6,1,10.9,6,14,новостройки,среднее,16.1,17.1,22,0,2.66,44,май,6.73
39,110.1,4,18.9,10,10,спальный,хорошее,8.8,6.5,28,1,2.59,62,март,17.66
40,77.7,3,14.1,16,21,спальный,среднее,15.0,10.4,41,1,2.5,33,июнь,13.23
41,60.4,2,10.5,3,7,спальный,хорошее,9.6,10.5,26,1,2.49,112,январь,10.27
42,26.2,1,7.3,1,10,центр,хорошее,2.7,,14,1,2.69,59,март,8.3
43,73.1,3,15.7,13,18,новостройки,евроремонт,8.7,15.0,11,1,2.71,73,апрель,13.92
44,28.9,1,10.5,2,7,центр,евроремонт,0.3,,24,1,2.45,67,май,9.41
45,80.5,3,12.7,5,19,центр,хорошее,5.6,10.2,49,1,2.98,25,март,16.37
46,45.9,1,9.6,18,23,спальный,среднее,5.0,7.0,8,1,2.61,21,январь,8.32
47,78.8,3,17.8,8,8,спальный,евроремонт,7.5,,23,1,2.6,37,февраль,13.34
48,24.0,1,7.2,5,8,спальный,хорошее,11.0,11.6,2,0,2.84,25,март,5.02
49,61.9,2,14.6,3,8,спальный,хорошее,16.2,,22,1,2.87,135,май,11.83
50,86.9,3,17.8,5,7,спальный,хорошее,12.8,4.2,52,0,2.57,111,июнь,12.79
51,79.6,3,15.1,12,12,спальный,среднее,14.6,,54,0,2.62,73,январь,8.95
52,68.1,3,12.8,9,12,спальный,евроремонт,10.0,,23,1,3.26,84,январь,12.02
53,80.0,3,16.1,3,19,спальный,среднее,8.6,,9,1,2.77,27,апрель,12.86
54,47.0,1,9.6,1,23,новостройки,хорошее,12.2,6.9,0,0,2.77,69,апрель,8.84
55,90.8,4,16.0,7,23,новостройки,среднее,8.1,8.0,65,0,2.45,97,январь,12.99
56,58.8,2,10.5,1,9,спальный,хорошее,5.2,5.2,30,1,2.54,110,январь,9.55
57,72.5,3,16.8,2,18,спальный,среднее,9.5,6.6,12,1,2.89,21,май,12.71
58,50.4,2,11.6,6,14,спальный,хорошее,5.0,6.0,50,1,2.57,39,февраль,8.8
59,40.7,1,13.2,7,19,спальный,хорошее,13.8,11.5,20,1,2.58,47,апрель,8.03
60,82.4,3,16.8,8,10,спальный,требует ремонта,3.6,5.7,48,1,2.63,68,февраль,12.92
61,52.3,2,12.9,8,9,новостройки,хорошее,15.4,,30,0,2.45,77,июнь,9.25
62,44.1,1,14.2,5,9,спальный,требует ремонта,12.1,5.8,7,0,2.69,97,январь,6.14
63,56.0,2,11.8,5,10,центр,среднее,3.4,8.7,5,0,2.45,95,апрель,13.26
64,83.1,3,16.6,3,9,пригород,хорошее,19.1,,41,0,2.95,65,март,11.12
65,47.7,1,11.2,3,7,спальный,евроремонт,9.8,20.6,32,1,2.7,17,апрель,8.97
66,96.3,4,16.8,7,13,центр,хорошее,4.0,11.6,17,1,2.68,119,март,19.89
67,86.8,3,17.7,7,11,центр,среднее,4.7,3.8,40,0,2.45,67,июнь,16.66
68,50.2,2,12.0,5,14,спальный,среднее,5.7,15.7,18,1,2.65,20,февраль,9.22
69,85.9,3,19.3,16,16,новостройки,среднее,12.8,8.8,22,1,2.52,96,март,13.68
70,75.8,3,16.3,7,8,спальный,евроремонт,9.4,8.7,0,0,2.62,204,июнь,13.37
71,96.3,4,21.0,14,18,пригород,среднее,21.3,18.8,15,0,2.45,127,январь,12.86
72,84.5,4,16.0,1,10,новостройки,требует ремонта,15.8,,33,0,2.49,48,март,11.6
73,41.7,1,9.8,1,12,центр,хорошее,2.9,15.7,19,1,2.78,31,май,11.61
74,74.0,3,17.1,14,17,центр,среднее,5.2,13.9,28,1,2.74,172,март,14.26
75,75.5,3,17.2,1,6,спальный,среднее,14.9,5.5,44,1,2.59,124,апрель,10.23
76,61.6,3,15.4,5,11,спальный,хорошее,7.0,7.4,8,1,2.97,55,февраль,11.48
77,54.4,1,15.7,11,13,центр,хорошее,3.3,8.3,34,1,2.53,117,май,12.52
78,59.6,2,13.1,17,17,спальный,среднее,10.4,14.2,50,0,2.51,31,июнь,7.86
79,54.9,1,12.1,14,19,спальный,среднее,7.7,10.3,15,1,2.54,114,май,10.92
80,63.4,3,12.3,2,16,спальный,среднее,13.2,,5,1,2.56,75,март,10.43
81,66.1,3,12.9,2,19,спальный,среднее,17.8,,34,0,2.66,89,май,8.93
82,86.2,3,18.3,1,11,спальный,требует ремонта,7.9,10.8,41,1,2.46,17,февраль,11.27
83,81.7,4,18.5,3,5,спальный,требует ремонта,9.4,9.1,15,1,2.56,85,апрель,12.87
84,66.2,2,15.8,2,15,пригород,среднее,21.4,,19,0,2.96,60,май,7.4
85,43.6,1,10.0,3,25,центр,требует ремонта,2.4,,9,0,2.56,162,апрель,8.84
86,48.4,2,11.0,10,23,новостройки,требует ремонта,9.9,5.9,31,0,2.71,45,май,6.94
87,108.7,4,18.2,3,7,спальный,хорошее,9.8,,34,0,2.6,17,март,17.39
88,82.0,3,19.9,12,25,центр,хорошее,1.9,12.0,4,0,3.08,41,февраль,17.39
89,67.4,3,14.3,15,17,новостройки,хорошее,15.0,,24,1,2.54,119,май,10.32
90,64.2,3,11.9,5,6,спальный,среднее,12.4,,27,1,2.55,33,май,9.37
91,41.7,1,11.2,4,11,спальный,среднее,4.6,10.4,28,1,2.7,25,март,6.91
92,89.0,3,14.6,5,22,спальный,среднее,6.7,5.9,28,0,2.45,49,апрель,13.25
93,58.5,2,19.5,9,11,спальный,среднее,13.6,9.7,9,1,3.19,33,май,9.83
94,93.1,4,15.3,3,6,спальный,хорошее,11.2,,42,0,2.45,89,январь,14.1
95,53.0,1,11.5,3,9,центр,среднее,4.4,10.5,45,1,2.45,162,март,11.49
96,58.5,2,13.1,3,19,спальный,среднее,7.1,3.4,21,1,2.6,83,апрель,10.39
97,72.9,3,16.6,3,8,спальный,среднее,5.1,7.0,33,0,2.75,18,март,12.43
98,50.4,2,13.8,12,12,новостройки,хорошее,14.9,14.0,23,0,2.45,62,март,9.61
99,77.8,3,17.8,14,24,спальный,среднее,7.5,5.1,54,1,2.98,295,февраль,12.8
100,51.4,2,14.6,1,11,спальный,хорошее,6.0,,35,0,2.7,34,февраль,7.78
101,101.2,4,17.9,9,20,спальный,требует ремонта,12.0,12.2,53,0,2.87,166,май,13.8
102,68.6,3,16.6,5,11,спальный,хорошее,11.8,14.0,3,1,2.67,217,март,11.63
103,68.9,2,13.2,1,6,спальный,евроремонт,12.8,14.0,51,1,2.48,86,март,11.31
104,61.7,2,15.2,4,5,новостройки,требует ремонта,19.4,8.2,11,1,2.59,109,январь,9.28
105,52.2,1,13.3,17,22,центр,среднее,0.5,3.5,12,0,2.67,9,июнь,11.18
106,54.5,2,13.5,1,5,спальный,среднее,13.5,,0,1,2.85,28,май,8.86
107,46.7,2,15.1,5,21,спальный,среднее,7.1,10.2,66,0,2.58,26,май,5.72
108,38.9,1,6.9,4,7,новостройки,среднее,18.3,16.5,41,0,2.6,37,июнь,4.99
109,76.6,3,16.0,2,6,спальный,среднее,7.1,9.1,19,0,3.1,28,январь,12.07
110,59.6,2,11.3,6,6,спальный,хорошее,10.8,,11,1,2.48,40,февраль,9.43
111,43.9,1,7.8,5,6,центр,среднее,0.3,8.7,23,0,2.45,27,май,9.01
112,40.6,1,12.1,7,19,новостройки,хорошее,17.3,17.1,50,0,2.59,98,июнь,6.55
113,101.4,4,16.3,8,17,пригород,среднее,20.7,,56,0,2.92,41,май,11.41
114,61.1,2,14.9,19,22,спальный,требует ремонта,13.2,16.8,45,1,2.7,72,май,7.4
115,70.5,2,13.2,7,9,центр,среднее,1.9,7.1,27,0,2.73,55,май,12.9
116,82.2,3,17.6,5,10,новостройки,хорошее,10.9,10.4,42,0,3.13,95,февраль,13.18
117,29.1,1,8.7,1,6,центр,хорошее,0.3,13.7,5,1,2.65,74,май,8.67
118,60.2,2,13.2,9,9,центр,хорошее,5.4,,10,0,2.74,56,февраль,12.42
119,58.0,2,13.5,2,5,новостройки,евроремонт,12.7,14.3,32,1,2.45,40,апрель,11.3
120,61.7,2,13.0,6,9,пригород,евроремонт,25.8,,41,0,2.66,272,май,7.09
121,49.5,2,11.6,7,10,центр,среднее,4.8,8.3,26,0,2.62,66,июнь,11.64
122,103.7,4,21.1,12,20,новостройки,требует ремонта,12.9,14.8,23,1,2.86,26,июнь,15.1
123,51.8,1,16.0,12,22,пригород,хорошее,24.6,,57,1,2.79,30,март,5.15
124,55.7,2,10.8,10,10,центр,требует ремонта,4.6,7.6,0,1,2.78,31,май,11.93
125,63.5,2,11.8,17,19,новостройки,евроремонт,14.1,15.0,43,0,2.81,36,март,10.52
126,113.0,4,15.3,21,21,новостройки,требует ремонта,16.3,3.6,4,1,3.07,54,июнь,16.3
127,39.0,1,10.9,8,23,пригород,среднее,21.3,,23,1,2.56,55,январь,4.26
128,69.2,3,17.5,2,23,пригород,хорошее,23.2,,38,0,2.55,65,апрель,9.22
129,82.1,3,19.3,6,12,новостройки,среднее,13.1,15.4,45,1,2.5,48,май,13.49
130,66.6,2,11.2,18,19,новостройки,хорошее,11.6,17.2,49,1,2.51,46,июнь,12.89
131,96.1,4,15.2,1,15,спальный,среднее,7.2,10.4,6,1,2.55,168,май,15.33
132,101.3,4,22.0,4,5,новостройки,хорошее,15.9,16.7,0,1,2.45,25,июнь,16.44
133,79.1,4,16.4,22,22,спальный,среднее,12.1,12.6,35,0,2.51,81,май,12.52
134,78.7,4,15.6,1,5,спальный,среднее,11.0,15.3,10,1,2.45,49,февраль,11.68
135,33.5,2,6.6,5,24,спальный,хорошее,13.0,3.8,19,1,2.76,26,февраль,7.52
136,40.8,1,15.1,6,6,центр,хорошее,0.3,7.2,54,1,2.8,126,июнь,11.08
137,66.2,3,14.8,5,23,спальный,среднее,10.6,8.2,24,1,2.45,84,февраль,11.68
138,51.0,1,13.6,16,21,новостройки,среднее,12.2,8.6,39,0,2.7,36,январь,8.51
139,63.6,2,12.9,7,19,новостройки,среднее,15.1,12.2,26,0,2.58,122,июнь,9.41
140,69.6,2,12.1,9,9,спальный,требует ремонта,11.7,8.8,35,1,2.88,31,март,10.0
141,67.7,2,14.5,7,11,спальный,среднее,15.3,6.6,0,0,3.01,46,июнь,10.01
142,42.4,1,10.5,2,12,спальный,хорошее,6.7,12.3,39,1,2.89,22,февраль,9.11
143,77.4,3,15.8,9,15,спальный,требует ремонта,5.7,,33,0,2.45,25,февраль,11.12
144,89.8,4,16.8,12,14,центр,среднее,1.7,,50,1,2.47,62,июнь,15.72
145,65.4,3,11.5,16,20,спальный,среднее,8.8,8.6,53,1,2.76,17,январь,10.61
146,103.1,5,17.8,6,12,спальный,требует ремонта,16.1,10.4,25,0,2.7,115,май,14.88
147,127.9,5,17.3,8,25,спальный,среднее,7.9,,10,0,3.07,82,май,20.11
148,55.5,1,11.7,3,15,новостройки,среднее,14.5,4.6,11,0,2.59,27,май,8.42
149,53.2,2,13.9,9,10,спальный,требует ремонта,9.9,12.2,23,1,2.68,126,январь,7.42
150,75.6,3,17.0,3,17,спальный,среднее,8.4,,14,1,2.46,216,июнь,12.34
151,40.4,1,7.4,16,17,новостройки,среднее,17.6,11.4,38,0,2.97,32,апрель,5.66
152,118.9,5,20.7,8,11,новостройки,требует ремонта,13.4,7.9,7,0,2.67,22,июнь,16.03
153,56.7,2,10.6,5,5,спальный,среднее,7.1,7.5,0,1,2.93,189,февраль,8.75
154,91.1,3,19.3,8,15,спальный,хорошее,4.9,11.3,33,1,2.45,37,февраль,13.43
155,47.1,1,11.2,21,23,спальный,евроремонт,8.8,7.5,29,1,2.77,22,июнь,10.9
156,52.7,2,14.9,2,5,новостройки,требует ремонта,14.4,6.0,9,0,2.81,148,март,9.44
157,80.6,4,15.7,5,8,новостройки,требует ремонта,18.1,13.1,3,1,2.77,17,июнь,11.54
158,34.2,1,9.9,4,15,спальный,хорошее,11.0,12.6,17,0,3.02,109,март,6.1
159,30.6,1,8.5,8,21,новостройки,хорошее,10.8,7.8,14,0,2.48,16,февраль,7.37
160,80.1,3,14.7,5,14,новостройки,среднее,10.8,13.6,31,0,2.83,49,январь,11.25
161,56.9,1,12.7,2,18,центр,евроремонт,1.4,,19,1,2.81,141,июнь,12.53
162,84.8,3,17.2,11,15,пригород,среднее,20.8,8.2,22,1,2.67,148,апрель,10.57
163,68.7,2,10.6,5,8,спальный,евроремонт,9.2,5.8,24,0,2.45,58,март,11.6
164,113.7,5,16.6,1,5,центр,евроремонт,7.8,,43,0,2.51,7,июнь,20.01
165,57.9,2,14.4,5,11,спальный,требует ремонта,7.7,6.0,5,1,2.7,60,март,8.31
166,66.1,3,10.7,4,7,спальный,хорошее,11.6,8.7,18,0,2.59,32,февраль,9.96
167,36.5,1,10.3,3,12,центр,среднее,0.3,2.0,9,0,2.45,39,январь,10.57
168,95.6,5,14.8,5,20,спальный,среднее,10.7,10.1,31,0,2.45,70,февраль,12.69
169,61.6,2,12.1,12,22,центр,хорошее,2.3,,15,1,2.64,76,январь,14.31
170,94.3,4,19.9,11,18,пригород,евроремонт,15.0,11.1,22,1,2.83,27,май,14.04
171,88.3,4,19.1,14,14,центр,среднее,5.9,14.8,11,1,2.67,15,март,15.9
172,48.7,1,14.8,6,20,пригород,хорошее,23.7,12.1,29,0,2.61,21,февраль,4.93
173,41.7,1,10.4,2,5,спальный,среднее,10.5,13.8,29,1,2.66,30,январь,5.82
174,30.9,1,8.1,14,18,центр,хорошее,0.3,2.0,29,1,2.76,20,март,9.44
175,24.5,1,5.3,3,7,новостройки,хорошее,17.6,11.5,10,1,2.53,126,февраль,4.91
176,62.5,3,16.4,6,13,пригород,среднее,24.0,,17,0,2.69,34,март,7.19
177,61.1,3,14.8,16,23,спальный,среднее,9.7,,26,1,2.45,158,апрель,9.87
178,69.0,2,12.2,5,7,спальный,среднее,12.2,,0,1,2.56,136,январь,11.79
179,64.2,3,12.2,1,10,спальный,среднее,11.0,8.0,14,1,2.74,89,апрель,10.13
180,84.1,3,18.9,3,17,центр,среднее,0.3,10.8,6,1,2.85,37,май,16.37
181,39.4,1,7.7,2,9,новостройки,хорошее,10.4,,0,1,2.53,25,январь,8.97
182,52.8,2,11.0,2,23,центр,хорошее,1.6,8.9,47,0,2.58,31,апрель,12.74
183,82.3,3,14.7,8,24,пригород,среднее,24.4,,13,0,2.59,27,февраль,8.8
184,64.0,3,13.8,7,20,центр,среднее,4.1,7.7,10,0,2.88,76,февраль,12.4
185,46.7,1,11.3,15,25,спальный,среднее,5.2,14.5,41,0,2.69,62,июнь,7.78
186,46.1,1,9.7,24,25,пригород,хорошее,25.5,8.8,10,0,2.56,48,апрель,5.7
187,33.5,1,8.1,3,9,спальный,хорошее,9.2,,10,0,2.78,245,январь,7.06
188,60.4,2,15.7,16,18,новостройки,требует ремонта,15.4,16.4,32,0,2.78,35,май,8.86
189,63.8,2,14.5,5,21,новостройки,хорошее,14.0,9.2,14,0,2.63,61,май,11.91
190,50.1,1,11.3,4,6,спальный,среднее,8.8,9.5,30,0,2.52,100,апрель,8.86
191,39.0,1,10.5,7,11,спальный,хорошее,10.6,,25,0,2.55,81,февраль,7.33
192,58.9,2,15.8,5,5,спальный,хорошее,9.7,8.5,43,0,2.45,234,май,11.21
193,81.0,3,13.7,12,15,центр,среднее,0.3,12.7,48,0,2.74,70,май,15.48
194,39.8,1,8.6,11,19,спальный,хорошее,9.0,9.2,26,1,2.54,86,май,6.59
195,71.7,3,14.5,12,18,пригород,требует ремонта,17.6,,46,0,2.79,29,апрель,7.37
196,51.5,2,11.6,12,12,центр,хорошее,0.3,10.5,18,1,2.47,27,февраль,12.92
197,73.5,3,17.6,1,17,спальный,хорошее,8.8,11.7,18,1,2.58,23,май,12.85
198,78.8,3,16.7,3,5,центр,среднее,7.0,,0,0,2.45,72,май,16.51
199,30.6,1,4.4,5,6,новостройки,евроремонт,10.3,13.1,21,0,2.45,37,январь,5.32
200,39.7,1,10.6,9,19,спальный,евроремонт,7.2,10.5,47,0,2.71,33,апрель,8.38
201,41.7,1,10.6,3,15,новостройки,евроремонт,19.4,7.7,12,1,2.85,21,февраль,9.27
202,53.1,2,10.8,14,20,спальный,требует ремонта,6.8,12.0,0,1,2.98,108,январь,8.17
203,49.8,2,12.3,8,11,центр,хорошее,3.4,2.3,0,1,3.02,34,апрель,13.81
204,48.8,1,12.0,5,9,пригород,среднее,23.4,,42,1,2.7,67,май,5.57
205,77.0,3,16.2,17,20,спальный,хорошее,12.9,,18,0,2.51,19,май,11.2
206,58.8,2,12.4,8,20,пригород,евроремонт,21.9,,23,1,2.56,73,январь,7.62
207,71.7,3,16.7,1,8,пригород,среднее,22.3,12.3,41,0,2.45,93,апрель,7.08
208,47.8,1,9.6,3,10,центр,среднее,0.3,16.6,38,1,2.45,118,январь,12.04
209,27.5,1,10.2,7,7,центр,среднее,2.6,6.3,35,0,2.7,37,май,8.24
210,52.0,2,11.2,15,23,новостройки,среднее,13.6,14.4,49,1,2.67,35,март,8.71
211,62.4,2,11.8,16,18,спальный,среднее,5.7,6.3,0,1,2.74,71,июнь,12.01
212,48.9,1,10.8,1,8,спальный,хорошее,9.4,,34,1,2.69,27,январь,9.12
213,74.3,2,10.3,5,6,новостройки,хорошее,12.8,12.9,72,1,2.85,60,январь,12.4
214,109.8,4,21.1,5,5,спальный,хорошее,8.0,7.3,33,1,2.5,124,июнь,17.31
215,108.1,4,17.3,1,19,центр,евроремонт,0.6,,14,1,2.5,39,февраль,20.6
216,55.6,2,14.3,15,20,спальный,среднее,14.0,10.9,62,0,2.71,17,апрель,9.12
217,104.0,4,17.3,13,16,спальный,требует ремонта,8.4,11.1,6,1,2.49,41,июнь,15.63
218,37.5,1,11.5,2,5,спальный,хорошее,7.5,,9,0,2.6,58,май,8.36
219,38.4,1,9.7,3,10,спальный,хорошее,6.0,7.9,37,0,2.61,90,март,7.86
220,64.5,2,12.1,2,8,спальный,среднее,14.5,15.1,21,1,2.45,66,январь,10.11
221,45.9,2,14.7,3,9,пригород,хорошее,25.7,12.1,33,1,2.6,55,март,6.61
222,60.4,2,14.0,4,19,новостройки,хорошее,10.1,,56,1,2.48,237,июнь,10.84
223,60.8,2,12.2,1,7,спальный,среднее,5.7,8.3,39,1,2.78,332,март,10.08
224,93.5,3,15.6,17,18,центр,среднее,2.4,9.9,36,1,2.97,24,апрель,18.16
225,114.4,5,19.4,15,15,спальный,требует ремонта,7.1,9.9,4,0,2.91,57,июнь,16.47
226,69.4,3,17.5,11,15,спальный,среднее,10.6,11.4,14,0,2.45,73,май,10.41
227,51.4,1,11.6,1,21,пригород,евроремонт,19.9,,43,1,2.45,78,июнь,6.5
228,46.0,1,13.7,10,11,новостройки,хорошее,11.7,11.7,24,0,2.66,136,май,7.53
229,56.2,2,10.2,3,8,спальный,среднее,7.2,15.6,14,0,2.92,57,май,9.49
230,52.7,2,13.6,7,18,спальный,хорошее,11.9,,59,1,2.78,108,январь,8.04
231,70.0,3,13.5,3,19,пригород,среднее,24.4,,42,0,2.53,132,апрель,7.6
232,77.2,2,16.2,6,16,новостройки,хорошее,13.3,10.6,33,1,2.89,18,январь,11.71
233,75.2,1,16.5,10,12,пригород,среднее,20.4,9.4,25,1,2.46,75,январь,9.03
234,60.8,2,12.3,2,13,новостройки,среднее,15.5,,27,1,2.66,207,июнь,10.68
235,83.6,3,18.2,17,23,спальный,среднее,10.0,13.4,16,0,2.66,82,январь,13.34
236,53.1,2,10.4,1,5,центр,требует ремонта,1.3,,38,1,2.63,60,март,11.21
237,96.8,4,18.0,2,11,пригород,требует ремонта,24.4,,19,1,2.71,29,февраль,12.31
238,113.0,4,22.0,3,25,новостройки,среднее,14.3,14.6,19,0,2.45,247,июнь,16.38
239,115.5,5,22.2,18,18,спальный,среднее,5.3,15.3,32,1,2.5,32,июнь,17.76
240,36.8,1,10.5,2,9,центр,среднее,5.2,,57,0,2.62,136,июнь,8.12
241,64.7,2,15.0,9,12,спальный,среднее,9.7,14.6,29,0,2.6,12,май,9.39
242,77.1,3,12.9,15,23,центр,хорошее,0.3,11.7,42,0,2.9,57,январь,15.81
243,84.2,3,12.2,6,14,новостройки,евроремонт,9.5,10.4,10,0,2.56,47,январь,15.76
244,119.3,5,17.7,9,13,спальный,хорошее,10.6,11.1,41,0,2.57,46,январь,18.87
245,95.1,5,14.7,7,9,спальный,среднее,11.0,11.9,41,0,2.45,95,июнь,13.59
246,68.2,2,13.8,3,5,центр,среднее,0.3,,3,1,2.86,24,июнь,14.2
247,53.6,2,13.6,1,5,пригород,среднее,22.5,,8,1,2.59,100,июнь,6.99
248,65.9,2,17.5,3,5,пригород,хорошее,14.8,,0,0,2.56,166,июнь,9.52
249,53.6,2,11.4,7,15,новостройки,среднее,14.2,16.4,14,1,2.45,42,февраль,8.66
250,65.2,2,13.1,2,5,спальный,среднее,10.3,7.1,0,0,2.75,75,май,10.81
251,73.6,3,15.1,11,16,новостройки,хорошее,13.2,10.6,10,1,2.64,262,май,14.09
252,96.1,4,15.8,12,19,новостройки,требует ремонта,14.2,,27,1,2.5,149,февраль,13.83
253,38.1,1,9.6,1,5,спальный,хорошее,10.9,8.2,19,0,2.64,46,июнь,8.38
254,67.7,3,17.4,4,20,пригород,евроремонт,20.4,13.3,34,1,2.94,19,июнь,10.25
255,91.2,3,16.1,3,14,центр,среднее,2.2,11.6,61,1,2.58,47,июнь,16.67
256,66.9,2,15.5,4,8,спальный,среднее,13.7,,23,0,2.45,33,июнь,10.02
257,63.5,2,15.1,8,12,новостройки,хорошее,12.0,12.9,12,1,2.56,57,март,10.11
258,57.7,1,12.3,6,19,новостройки,среднее,15.4,,7,1,2.45,179,февраль,9.68
259,56.8,2,10.6,10,12,новостройки,хорошее,16.8,,10,1,2.54,163,май,10.48
260,63.3,1,8.6,16,19,новостройки,хорошее,7.8,11.2,14,1,2.45,35,январь,11.61
261,81.4,3,13.5,11,18,центр,среднее,12.3,,53,1,2.8,13,февраль,13.33
262,93.9,4,19.1,6,12,пригород,среднее,23.7,,44,1,2.65,49,март,11.59
263,35.8,1,7.0,2,6,новостройки,хорошее,15.1,14.4,0,1,2.55,71,январь,6.64
264,51.0,1,14.5,12,24,пригород,среднее,21.6,13.7,39,1,2.63,71,февраль,5.99
265,52.2,2,13.8,14,17,спальный,среднее,9.6,9.2,0,1,2.45,43,июнь,9.26
266,37.9,1,10.5,3,12,новостройки,среднее,12.1,8.9,52,0,2.64,74,март,6.52
267,58.7,2,11.0,12,23,спальный,требует ремонта,8.2,10.3,23,1,3.03,40,март,8.96
268,66.8,2,11.7,9,10,центр,евроремонт,6.6,2.6,39,0,2.82,55,январь,13.42
269,68.7,2,16.0,9,10,спальный,хорошее,7.2,,13,0,2.9,22,январь,11.24
270,65.4,2,7.8,5,19,центр,среднее,1.7,11.7,9,0,2.6,448,январь,12.65
271,85.8,3,18.6,14,20,спальный,хорошее,4.5,15.5,14,1,2.74,85,март,14.82
272,24.2,1,9.8,6,15,пригород,среднее,26.2,15.2,33,1,2.5,95,май,2.0
273,59.0,2,13.3,4,7,спальный,среднее,7.9,6.7,23,1,2.67,132,июнь,9.38
274,78.3,3,17.3,4,19,спальный,хорошее,7.9,13.3,12,1,2.51,46,июнь,13.27
275,69.0,2,15.2,6,9,спальный,хорошее,7.4,7.0,43,1,2.71,52,март,11.66
276,72.9,3,12.7,4,16,спальный,среднее,7.8,18.7,20,0,3.13,154,март,10.71
277,73.4,3,12.8,4,12,центр,среднее,1.7,6.2,38,0,2.51,45,февраль,15.11
278,60.3,3,12.3,5,22,пригород,евроремонт,23.5,8.1,42,0,2.5,61,апрель,8.76
279,54.2,2,11.4,11,11,спальный,среднее,9.9,,27,1,2.5,110,апрель,9.2
280,63.0,2,8.4,10,14,пригород,хорошее,25.3,13.9,34,1,2.75,86,май,8.73
281,67.7,2,10.9,4,5,новостройки,хорошее,13.0,,0,0,2.49,17,февраль,11.33
282,49.8,2,9.5,5,5,спальный,среднее,3.3,,44,1,2.78,32,май,7.03
283,25.0,1,7.9,1,13,новостройки,хорошее,12.1,10.0,38,1,2.69,38,май,4.65
284,79.8,3,17.6,4,6,спальный,среднее,3.7,10.5,33,0,2.62,102,март,12.55
285,58.1,2,12.3,2,8,новостройки,евроремонт,17.1,12.9,34,1,2.7,41,июнь,9.41
286,75.9,3,14.9,3,24,новостройки,требует ремонта,15.7,11.8,34,0,2.64,63,февраль,10.7
287,42.3,2,8.6,1,9,новостройки,среднее,14.3,11.7,8,0,2.92,113,март,6.66
288,56.9,1,14.3,6,7,центр,требует ремонта,3.6,6.6,5,1,2.68,67,январь,11.75
289,50.5,2,10.8,9,11,спальный,среднее,12.7,14.6,40,1,2.45,47,февраль,8.14
290,66.4,3,15.4,2,6,спальный,среднее,7.7,,29,1,2.73,15,февраль,9.5
291,68.5,2,11.7,6,20,спальный,евроремонт,13.4,18.4,29,0,3.08,52,март,11.76
292,39.4,1,12.0,6,17,центр,среднее,5.3,,20,1,2.55,90,январь,8.62
293,47.4,1,11.9,17,18,спальный,евроремонт,12.9,16.4,0,1,2.54,24,март,8.65
294,65.0,2,17.7,4,8,центр,хорошее,5.0,6.8,5,0,2.59,38,май,14.26
295,69.8,2,15.4,2,8,центр,среднее,0.3,4.0,0,0,2.85,34,январь,15.21
296,50.1,2,12.5,1,19,спальный,хорошее,9.3,11.7,21,1,2.77,133,июнь,9.28
297,35.0,1,9.0,11,23,пригород,хорошее,22.8,13.5,15,1,2.61,92,март,4.54
298,29.0,1,11.1,18,25,спальный,среднее,5.8,,13,0,2.9,39,январь,5.89
299,43.5,1,16.1,22,25,новостройки,евроремонт,11.5,20.3,30,0,2.65,48,март,8.51
300,113.2,5,20.7,1,14,пригород,требует ремонта,18.9,,24,0,3.06,37,январь,12.51
301,104.3,4,20.0,9,23,центр,евроремонт,2.8,,39,1,2.6,55,апрель,21.0
302,82.0,3,18.0,2,8,пригород,среднее,24.4,,27,1,2.78,22,июнь,10.21
303,81.0,4,15.9,18,21,спальный,хорошее,6.3,5.9,0,1,2.61,71,март,14.78
304,88.6,4,15.1,6,9,новостройки,требует ремонта,15.1,,10,0,2.83,46,февраль,12.15
305,99.4,5,15.1,3,7,спальный,среднее,5.6,,21,1,3.01,50,февраль,15.24
306,48.4,1,12.4,8,10,новостройки,среднее,20.2,21.9,28,1,2.96,129,февраль,7.8
307,103.0,4,16.2,7,13,центр,среднее,3.3,4.0,16,1,2.64,131,май,18.6
308,43.4,2,11.4,4,9,центр,требует ремонта,5.4,8.2,23,0,2.93,14,февраль,9.77
309,31.0,1,6.0,10,22,спальный,хорошее,11.7,,32,1,2.45,67,апрель,5.7
310,73.1,3,14.8,12,21,пригород,среднее,21.4,,0,0,2.7,35,январь,8.71
311,62.9,3,11.0,3,6,спальный,хорошее,9.1,10.3,7,1,2.53,47,май,12.98
312,69.5,3,15.6,4,7,спальный,хорошее,9.6,5.6,37,0,2.67,90,июнь,11.45
313,56.0,2,13.0,4,7,спальный,требует ремонта,7.9,13.5,23,0,3.04,45,апрель,7.93
314,47.0,2,14.3,15,15,пригород,хорошее,16.0,,37,1,2.66,102,апрель,5.93
315,40.3,2,8.8,14,16,спальный,хорошее,9.5,9.8,6,1,2.73,42,май,8.6
316,69.0,2,14.9,9,19,центр,среднее,0.3,,29,0,2.67,90,май,13.12
317,64.7,2,15.4,5,13,новостройки,хорошее,14.8,,14,1,3.1,62,февраль,11.06
318,116.4,5,23.8,2,22,спальный,хорошее,9.8,9.0,38,1,2.84,65,апрель,17.84
319,50.8,3,13.6,6,7,спальный,хорошее,12.0,12.1,12,0,2.78,55,апрель,9.72
320,54.8,2,12.5,2,7,спальный,хорошее,11.4,12.3,23,1,2.63,119,май,9.45
321,24.8,1,9.7,7,15,центр,хорошее,2.1,6.2,24,0,2.79,40,апрель,8.61
322,80.9,3,13.9,6,9,пригород,хорошее,23.0,16.1,38,1,2.77,9,февраль,10.65
323,65.6,2,9.7,7,13,новостройки,среднее,14.3,9.8,18,1,2.82,34,июнь,9.97
324,111.3,4,20.1,10,19,центр,среднее,0.3,9.9,34,1,2.7,318,март,19.19
325,67.7,3,12.8,3,6,центр,требует ремонта,7.3,7.0,2,1,2.54,43,январь,11.76
326,61.5,2,16.4,7,14,новостройки,хорошее,16.4,10.7,10,0,2.82,22,январь,10.03
327,120.7,5,22.8,1,21,новостройки,среднее,14.9,12.3,5,1,2.45,103,январь,18.52
328,55.8,2,12.3,2,8,спальный,хорошее,9.8,8.0,31,1,2.45,229,июнь,10.67
329,30.5,1,6.0,3,17,центр,евроремонт,0.7,6.1,17,1,2.66,17,февраль,10.62
330,72.3,3,14.7,5,7,новостройки,среднее,14.7,13.6,33,1,2.5,36,январь,10.18
331,37.7,1,11.5,7,17,пригород,среднее,20.4,,18,1,2.74,80,апрель,5.19
332,84.8,3,12.7,19,21,спальный,хорошее,10.3,12.5,27,0,2.74,61,февраль,13.94
333,65.9,3,14.8,2,21,центр,хорошее,1.8,,27,0,3.07,191,май,12.73
334,44.9,2,6.6,7,21,спальный,хорошее,10.0,13.1,24,1,2.63,101,май,8.1
335,77.7,3,16.1,2,20,новостройки,евроремонт,17.6,,16,0,2.83,20,май,13.36
336,71.2,2,17.1,9,9,новостройки,среднее,11.6,16.4,15,1,2.78,89,январь,11.49
337,75.8,3,14.9,14,25,центр,среднее,3.8,14.9,49,1,2.84,71,март,14.48
338,27.2,1,8.7,7,13,центр,хорошее,0.3,15.6,57,1,2.81,90,март,10.05
339,42.6,1,8.0,5,18,центр,требует ремонта,8.2,15.9,27,0,2.8,46,май,9.53
340,53.8,1,11.8,18,18,пригород,евроремонт,24.5,9.5,18,1,2.58,44,март,8.28
341,91.6,4,17.0,9,19,спальный,евроремонт,6.1,9.2,32,1,2.93,125,май,16.67
342,65.2,3,12.0,13,21,новостройки,среднее,15.1,,15,1,2.45,54,апрель,11.09
343,57.3,2,11.0,2,6,пригород,среднее,24.0,,38,0,2.72,61,апрель,5.08
344,88.7,4,18.6,18,21,спальный,требует ремонта,4.0,8.1,19,0,2.62,156,май,12.42
345,107.3,5,19.8,16,16,новостройки,евроремонт,8.8,7.9,41,1,2.94,85,май,17.4
346,60.1,2,15.6,2,11,спальный,хорошее,11.0,4.6,10,1,2.81,125,июнь,11.99
347,49.7,2,9.2,8,21,спальный,требует ремонта,11.7,11.0,41,1,2.63,120,май,6.77
348,83.1,3,13.5,1,5,центр,среднее,4.1,16.6,46,0,2.6,59,март,13.93
349,48.4,1,9.7,10,17,спальный,среднее,8.3,12.1,16,1,2.7,38,май,8.31
350,78.6,3,17.6,19,25,новостройки,хорошее,11.8,9.7,53,1,2.89,69,апрель,12.83
351,64.5,2,12.9,8,21,спальный,среднее,10.6,7.4,16,1,2.61,23,июнь,10.42
352,42.8,1,8.6,5,25,центр,хорошее,2.9,4.9,57,1,2.83,14,июнь,12.32
353,80.4,2,14.6,11,15,новостройки,среднее,9.2,11.6,11,0,2.86,7,апрель,14.04
354,44.0,1,11.4,16,16,спальный,среднее,8.2,,0,1,2.62,43,июнь,7.46
355,50.8,2,12.1,8,22,спальный,среднее,15.1,6.5,18,1,2.84,131,январь,8.87
356,98.2,4,19.1,19,19,спальный,хорошее,6.3,12.8,35,1,2.45,105,июнь,15.03
357,67.5,2,19.0,8,21,центр,евроремонт,3.4,14.2,33,0,2.58,10,март,14.57
358,72.4,3,11.5,3,10,центр,требует ремонта,2.6,12.4,2,1,2.59,60,январь,12.76
359,106.4,4,14.3,12,21,спальный,евроремонт,7.9,,19,0,2.45,138,февраль,19.32
360,58.3,2,12.2,5,25,пригород,среднее,19.5,,23,1,2.69,45,май,7.32
361,112.3,5,20.4,20,20,центр,евроремонт,0.3,5.9,41,0,2.5,58,май,21.24
362,28.1,1,7.8,5,6,спальный,среднее,11.1,11.7,0,1,2.94,186,февраль,5.08
363,73.3,3,16.6,5,25,пригород,хорошее,21.1,10.3,39,0,2.45,40,июнь,10.16
364,95.0,3,18.4,14,24,новостройки,евроремонт,12.3,10.7,5,1,2.8,37,февраль,16.6
365,66.5,2,13.6,2,24,спальный,хорошее,10.8,,24,0,2.69,22,июнь,10.4
366,86.3,4,16.4,13,18,спальный,среднее,11.0,13.3,25,0,2.67,40,март,13.24
367,101.2,4,16.8,10,17,спальный,хорошее,8.2,3.1,29,0,2.82,113,май,17.65
368,75.5,3,15.0,11,15,спальный,среднее,4.3,,55,1,2.54,120,март,10.08
369,79.8,3,16.9,3,6,новостройки,хорошее,13.7,13.7,17,1,2.84,40,апрель,13.85
370,43.0,1,10.4,7,13,спальный,среднее,14.5,2.2,38,1,2.45,108,март,7.05
371,39.9,1,9.6,5,15,спальный,требует ремонта,9.6,15.4,30,1,2.97,67,май,6.42
372,57.3,2,11.8,11,12,спальный,хорошее,4.2,8.8,51,1,2.5,105,май,10.15
373,77.6,2,17.1,4,13,новостройки,среднее,12.2,,0,1,2.66,70,февраль,12.5
374,37.0,1,11.3,7,18,спальный,хорошее,12.8,15.2,16,1,2.56,39,февраль,7.37
375,53.9,2,12.7,4,14,спальный,среднее,8.8,9.5,19,1,2.62,38,март,9.31
376,37.8,1,10.0,1,8,новостройки,среднее,12.6,12.6,0,0,2.57,136,июнь,5.55
377,111.3,5,21.9,3,21,спальный,хорошее,6.1,,17,0,2.45,30,март,19.16
378,71.2,3,15.1,3,11,центр,требует ремонта,0.3,11.8,64,1,2.45,127,май,12.83
379,57.2,2,8.2,8,21,спальный,среднее,11.7,8.8,14,0,2.72,80,февраль,9.22
380,88.9,4,16.3,4,8,спальный,среднее,10.9,12.3,11,1,2.67,34,июнь,13.29
381,53.7,2,14.6,6,25,центр,хорошее,0.3,11.7,16,1,2.84,68,май,13.27
382,73.4,2,16.6,1,7,спальный,среднее,9.0,,0,1,2.54,358,апрель,12.21
383,77.6,3,14.8,1,22,спальный,среднее,6.2,3.3,29,1,2.95,46,январь,11.7
384,40.9,1,12.3,8,16,спальный,хорошее,10.1,2.0,18,0,3.0,32,январь,8.58
385,68.0,3,15.9,4,15,спальный,среднее,10.7,,27,0,2.89,41,март,10.01
386,56.2,2,12.8,9,23,пригород,среднее,26.8,6.8,26,1,2.81,56,май,7.68
387,46.1,2,8.5,3,15,спальный,хорошее,13.2,10.9,40,0,2.58,127,май,8.96
388,81.6,3,16.0,13,20,спальный,среднее,10.4,9.9,23,1,2.74,38,март,11.6
389,61.8,2,12.2,4,9,центр,среднее,0.3,5.8,0,0,2.51,20,март,12.09
390,32.2,1,8.7,8,19,пригород,евроремонт,26.5,,39,0,2.48,30,февраль,4.56
391,71.7,3,14.2,4,10,спальный,среднее,13.3,,23,1,2.57,22,январь,9.68
392,37.9,1,13.4,1,15,спальный,требует ремонта,12.2,14.6,7,1,2.56,85,апрель,6.41
393,53.3,2,13.0,6,7,новостройки,хорошее,11.4,10.6,0,1,2.48,8,февраль,9.62
394,50.2,2,14.0,9,17,новостройки,хорошее,9.1,12.4,17,1,3.08,87,январь,10.17
395,73.3,3,15.1,1,6,спальный,хорошее,4.6,4.4,14,1,2.45,47,февраль,14.51
396,62.7,2,13.2,6,11,спальный,евроремонт,7.0,6.7,28,1,2.82,71,апрель,12.26
397,37.9,1,11.7,20,20,спальный,требует ремонта,8.2,11.9,47,1,2.83,20,январь,4.87
398,76.4,3,13.6,9,14,новостройки,хорошее,11.1,,36,1,2.66,87,март,13.46
399,62.1,2,10.9,2,17,спальный,евроремонт,10.7,,15,0,2.75,77,март,9.25
400,84.6,3,16.5,6,24,спальный,хорошее,8.0,11.3,24,0,2.6,47,апрель,13.33
401,51.3,1,13.9,1,22,спальный,среднее,9.8,8.6,30,1,2.73,49,июнь,7.9
402,86.0,4,21.6,12,13,спальный,среднее,14.8,13.4,32,1,2.72,95,февраль,12.37
403,61.5,2,13.2,7,7,центр,среднее,3.1,7.3,0,0,2.45,107,январь,13.76
404,49.2,2,15.6,7,13,новостройки,среднее,14.8,11.6,28,0,2.79,36,февраль,6.9
405,111.5,5,18.7,5,9,центр,хорошее,5.2,4.8,19,1,2.81,118,февраль,22.08
406,54.7,2,12.9,3,10,пригород,среднее,22.5,,19,0,2.71,47,май,6.01
407,80.7,3,16.0,4,9,спальный,среднее,8.8,10.0,29,0,2.65,37,июнь,11.78
408,47.9,2,12.0,5,14,спальный,среднее,15.2,20.5,9,0,2.85,45,январь,6.5
409,45.0,1,11.2,7,25,новостройки,требует ремонта,16.3,8.2,0,1,2.66,16,март,6.7
410,58.5,2,12.4,6,8,спальный,среднее,12.5,11.3,24,0,2.8,55,февраль,8.2
411,98.1,3,15.8,3,18,новостройки,требует ремонта,11.9,,10,1,2.86,23,март,13.81
412,55.7,2,13.1,22,24,новостройки,среднее,17.7,,19,0,2.73,177,май,8.63
413,51.8,2,11.9,6,14,спальный,среднее,10.7,9.0,39,0,2.97,55,июнь,7.98
414,69.6,3,13.8,5,5,центр,хорошее,0.3,,27,1,2.55,126,март,14.33
415,55.3,2,10.5,13,15,центр,среднее,0.8,8.2,37,1,2.95,116,январь,12.9
416,65.8,2,14.6,8,14,спальный,среднее,10.5,12.2,15,1,2.45,64,январь,10.42
417,95.1,4,17.2,13,18,спальный,среднее,10.8,9.7,20,1,2.78,50,февраль,14.12
418,61.4,2,16.8,18,19,центр,хорошее,2.1,13.1,15,0,2.52,34,июнь,13.67
419,34.8,2,13.7,8,22,новостройки,хорошее,11.2,,42,1,2.64,37,май,6.58
420,55.5,2,12.1,5,6,спальный,среднее,10.7,14.2,33,1,2.75,94,апрель,8.9
421,48.4,2,12.4,12,19,спальный,среднее,9.1,14.1,36,1,2.76,45,январь,9.36
422,38.6,1,6.8,4,15,новостройки,евроремонт,13.5,12.1,53,0,2.59,10,январь,7.38
423,108.7,5,19.3,1,9,новостройки,среднее,14.8,,11,1,2.45,146,июнь,16.27
424,64.9,2,15.7,10,20,спальный,хорошее,1.7,,43,1,2.58,63,март,12.83
425,88.5,3,16.0,20,24,новостройки,среднее,15.6,8.0,10,1,2.45,44,февраль,13.72
426,63.0,2,14.0,10,19,спальный,хорошее,14.1,12.2,25,1,2.47,70,июнь,9.86
427,29.7,1,11.3,1,10,новостройки,евроремонт,8.6,10.5,46,0,2.8,60,апрель,6.35
428,108.9,4,19.5,5,5,спальный,евроремонт,9.6,8.0,30,0,2.88,36,май,17.79
429,87.0,4,16.8,8,17,спальный,среднее,12.6,,33,1,2.92,66,март,13.76
430,89.9,3,15.4,12,14,новостройки,евроремонт,10.7,11.6,6,1,2.62,60,апрель,16.64
431,39.6,1,14.2,7,9,центр,требует ремонта,3.2,8.9,31,0,2.8,16,май,9.45
432,68.1,3,11.5,9,11,пригород,требует ремонта,22.8,,27,1,2.59,23,июнь,7.47
433,48.4,2,11.0,4,13,пригород,требует ремонта,18.3,9.3,12,0,2.88,31,июнь,4.63
434,61.2,2,16.0,8,22,центр,среднее,4.9,15.9,11,1,2.63,44,май,13.75
435,84.1,4,14.5,8,23,пригород,среднее,23.3,11.4,22,0,2.51,19,июнь,9.98
436,98.8,5,16.7,12,19,пригород,хорошее,19.8,,23,1,2.51,39,май,12.77
437,53.1,2,12.6,4,24,центр,хорошее,1.8,,3,1,2.57,32,февраль,12.99
438,111.2,5,22.7,14,19,пригород,среднее,23.8,,37,0,2.66,54,январь,12.06
439,74.5,3,11.3,13,15,пригород,среднее,21.2,,30,1,2.65,37,апрель,6.79
440,29.5,1,7.7,6,16,спальный,среднее,5.7,4.9,39,1,2.64,116,январь,6.84
441,64.7,3,10.2,2,6,спальный,требует ремонта,13.2,4.4,13,1,2.49,83,апрель,9.66
442,47.4,2,14.1,9,9,новостройки,среднее,12.4,10.9,0,0,2.68,27,март,9.01
443,84.1,4,18.4,14,25,спальный,хорошее,6.2,,25,0,2.64,18,январь,14.57
444,57.8,2,12.5,2,20,центр,среднее,7.1,7.8,29,0,2.5,76,январь,11.17
445,30.7,1,11.3,5,8,пригород,среднее,22.9,,0,1,2.52,14,апрель,3.83
446,84.6,3,18.3,18,25,спальный,евроремонт,8.4,3.7,37,1,2.82,148,январь,14.66
447,78.7,3,16.0,5,9,новостройки,хорошее,15.7,7.4,25,1,2.82,27,март,13.65
448,59.9,2,13.3,3,18,новостройки,евроремонт,15.0,10.2,17,1,2.74,20,февраль,10.35
449,71.7,3,14.8,1,14,спальный,хорошее,7.1,7.7,26,1,2.97,47,май,12.8
450,82.2,3,18.2,15,15,пригород,среднее,19.7,,36,0,2.45,76,март,9.32
451,51.8,2,13.4,5,14,спальный,хорошее,8.5,,28,1,2.62,11,февраль,8.63
452,70.2,3,16.3,4,21,центр,среднее,3.4,,34,1,2.97,60,май,13.27
453,46.0,2,10.1,17,18,новостройки,среднее,15.8,11.0,42,0,2.6,95,май,7.22
454,56.6,3,14.6,2,10,новостройки,евроремонт,16.9,9.1,7,0,2.75,57,январь,11.15
455,36.4,2,11.7,8,11,новостройки,среднее,10.7,8.1,25,0,2.6,91,февраль,6.57
456,109.1,4,15.2,9,24,пригород,хорошее,27.8,,41,1,2.6,28,март,13.52
457,66.2,2,12.4,5,9,новостройки,хорошее,13.7,9.8,60,1,2.5,61,май,10.56
458,43.9,1,10.3,4,24,новостройки,хорошее,13.9,,49,1,2.59,44,апрель,6.84
459,78.8,3,16.0,4,9,новостройки,хорошее,12.3,14.3,0,1,2.86,92,январь,13.95
460,71.2,2,11.4,6,6,новостройки,среднее,11.6,11.8,29,0,2.69,134,январь,9.76
461,102.5,4,19.8,1,11,спальный,среднее,14.7,11.0,42,0,2.88,211,май,13.45
462,48.0,2,11.6,9,21,спальный,требует ремонта,7.4,8.9,0,0,2.54,115,май,6.7
463,52.8,1,14.5,3,5,спальный,среднее,6.0,10.9,58,0,2.45,3,январь,8.22
464,68.1,3,19.2,5,17,новостройки,требует ремонта,4.3,15.8,9,1,2.45,16,июнь,11.6
465,66.4,2,14.9,3,17,спальный,среднее,6.7,,9,0,2.62,109,апрель,10.91
466,98.5,4,16.9,10,18,спальный,требует ремонта,13.7,11.6,6,0,2.53,173,март,12.4
467,69.8,2,12.2,3,15,центр,хорошее,6.9,7.6,29,1,2.45,110,февраль,14.28
468,75.1,3,17.6,1,5,центр,среднее,3.8,11.5,0,0,2.93,41,май,14.69
469,52.1,2,10.8,18,18,спальный,требует ремонта,6.5,10.6,11,0,2.62,32,апрель,6.81
470,45.9,2,12.7,5,14,спальный,евроремонт,12.3,15.7,0,0,2.45,108,июнь,7.54
471,91.1,4,16.0,19,25,спальный,евроремонт,14.5,,27,0,2.46,14,январь,13.26
472,50.9,2,10.3,10,12,центр,хорошее,2.3,2.0,0,1,2.58,239,январь,12.45
473,67.9,2,14.1,6,18,новостройки,хорошее,21.4,4.1,46,0,2.97,61,январь,10.87
474,85.5,3,17.8,2,18,спальный,среднее,4.9,,48,0,2.64,26,май,12.43
475,55.9,2,13.2,5,13,спальный,евроремонт,9.0,14.6,41,0,2.53,91,июнь,11.07
476,37.5,1,9.9,18,21,центр,евроремонт,2.7,14.7,33,0,2.91,11,январь,9.49
477,56.6,2,11.8,12,25,пригород,хорошее,23.7,,2,1,2.59,49,март,8.12
478,93.5,3,18.3,3,5,новостройки,хорошее,13.0,9.5,38,0,2.79,39,январь,13.07
479,37.8,1,9.3,17,17,новостройки,среднее,10.5,13.2,40,0,2.45,50,февраль,5.77
480,94.2,4,16.2,1,25,спальный,среднее,5.1,9.4,18,1,2.74,25,март,14.72
481,30.1,1,7.9,3,5,центр,хорошее,1.2,12.1,26,1,2.92,22,январь,9.68
482,104.4,5,17.7,7,9,новостройки,хорошее,12.4,,42,0,2.8,207,февраль,16.26
483,76.1,3,11.5,3,17,центр,среднее,2.8,8.4,40,0,2.72,68,март,14.89
484,114.1,4,16.1,17,21,спальный,среднее,10.6,5.4,4,1,2.59,61,март,17.12
485,78.6,3,17.8,9,10,пригород,хорошее,19.3,,49,0,2.68,34,январь,8.79
486,103.0,4,20.4,5,16,новостройки,хорошее,13.7,,33,1,2.77,64,апрель,17.79
487,58.3,2,11.7,2,11,спальный,хорошее,15.0,10.2,16,0,2.81,31,июнь,8.76
488,52.7,2,10.7,12,21,центр,среднее,0.3,10.9,13,0,2.91,12,апрель,11.3
489,29.0,1,12.7,11,11,центр,среднее,10.5,15.4,2,0,2.88,16,май,6.81
490,75.4,3,16.7,16,18,спальный,среднее,9.1,6.4,15,1,2.82,36,март,12.25
491,71.7,3,16.2,3,17,пригород,среднее,24.5,8.6,29,0,2.7,43,апрель,8.89
492,82.4,3,15.0,10,15,спальный,среднее,6.5,9.0,22,0,2.76,131,май,12.77
493,88.9,4,19.5,10,11,новостройки,среднее,15.3,4.1,39,1,2.86,16,апрель,13.62
494,99.8,4,16.5,9,18,новостройки,хорошее,16.5,10.0,14,0,2.56,56,март,14.91
495,80.7,3,17.5,7,25,спальный,евроремонт,12.9,,34,0,2.54,28,январь,13.65
496,67.2,2,14.5,11,19,центр,евроремонт,9.6,16.1,29,0,2.51,64,апрель,13.61
497,83.1,3,13.0,2,6,центр,среднее,8.9,10.7,36,1,2.62,46,май,13.8
498,75.5,3,15.2,11,14,новостройки,среднее,15.2,15.2,0,1,2.58,32,январь,13.09
499,70.8,3,16.0,4,7,спальный,среднее,11.6,15.6,44,0,2.7,118,июнь,9.14
500,65.0,2,12.8,16,18,новостройки,среднее,12.2,19.5,12,0,2.71,84,апрель,11.4
501,60.0,2,13.4,15,23,центр,требует ремонта,0.3,2.2,18,1,2.57,73,июнь,11.95
502,50.3,2,12.6,18,24,новостройки,среднее,14.0,6.3,26,0,2.75,64,январь,7.76
503,60.6,3,12.7,10,20,спальный,среднее,6.8,6.5,18,1,2.85,30,май,9.79
504,87.9,4,11.7,11,19,спальный,хорошее,6.3,4.5,24,0,2.87,44,май,14.22
505,57.4,2,16.5,6,7,центр,среднее,1.0,,0,0,2.63,57,май,12.32
506,72.4,3,14.1,4,10,новостройки,требует ремонта,11.6,13.1,33,0,2.69,37,апрель,9.54
507,108.0,5,21.8,3,5,центр,требует ремонта,2.0,14.6,8,0,2.45,47,январь,18.25
508,31.7,1,12.4,11,15,пригород,среднее,24.0,,38,0,2.55,45,апрель,2.91
509,34.3,1,7.8,15,19,центр,среднее,3.2,9.8,28,1,2.58,136,март,8.75
510,58.6,2,11.2,5,14,спальный,требует ремонта,13.2,10.5,17,1,2.69,12,май,9.31
511,62.6,2,10.9,7,22,новостройки,хорошее,15.3,10.2,40,1,2.66,20,июнь,9.63
512,87.3,3,18.4,9,24,пригород,среднее,21.8,,32,1,2.81,30,июнь,10.73
513,66.8,2,16.7,9,13,спальный,евроремонт,3.3,12.0,27,1,2.65,99,февраль,12.81
514,73.3,3,20.5,7,10,центр,хорошее,6.6,7.5,20,0,2.65,45,июнь,15.06
515,44.9,1,8.9,5,9,пригород,евроремонт,23.3,11.4,20,1,2.82,13,июнь,4.96
516,102.5,5,16.3,12,12,новостройки,среднее,14.1,18.2,58,0,2.57,279,май,14.5
517,62.9,3,13.2,4,5,новостройки,евроремонт,13.7,,41,0,2.54,10,июнь,10.93
518,61.5,2,14.3,5,10,пригород,хорошее,20.2,,3,0,2.45,108,апрель,7.84
519,40.6,1,9.2,9,9,центр,хорошее,0.3,,28,0,2.45,52,февраль,9.03
520,37.8,1,10.9,9,11,пригород,среднее,22.1,,31,0,3.04,35,февраль,2.81
521,39.3,1,9.6,7,7,новостройки,хорошее,11.6,17.8,27,1,2.45,65,январь,7.0
522,54.3,2,13.4,8,11,новостройки,евроремонт,9.0,13.3,7,1,2.61,95,январь,10.56
523,114.1,5,18.7,12,13,спальный,хорошее,7.9,14.2,0,0,2.59,208,апрель,16.86
524,56.2,1,12.2,13,19,новостройки,требует ремонта,12.3,,24,1,2.89,43,январь,8.14
525,65.8,2,14.0,6,7,пригород,евроремонт,23.7,,26,0,2.59,63,январь,8.05
526,93.6,4,19.3,3,7,центр,среднее,2.8,13.1,27,1,2.89,96,март,17.89
527,58.0,2,10.9,12,24,спальный,требует ремонта,11.5,12.5,10,1,2.83,155,апрель,9.88
528,90.5,3,14.1,2,14,новостройки,требует ремонта,12.2,,47,0,2.64,27,январь,11.12
529,105.0,5,22.6,25,25,центр,среднее,1.4,6.3,30,1,2.95,27,март,19.42
530,63.3,3,14.2,3,7,спальный,евроремонт,10.1,7.8,40,1,2.95,32,апрель,10.55
531,83.1,4,16.6,1,8,спальный,среднее,10.3,12.5,29,1,2.64,67,январь,13.16
532,41.8,1,10.5,5,19,новостройки,среднее,12.8,14.0,28,0,2.81,19,июнь,7.81
533,43.6,1,11.8,2,17,спальный,среднее,7.2,,4,1,2.65,33,март,8.29
534,57.9,2,13.0,2,17,пригород,хорошее,26.5,,22,0,2.55,15,февраль,7.17
535,112.3,5,18.9,1,9,новостройки,среднее,13.2,3.0,30,1,2.53,112,май,17.02
536,63.7,2,11.2,13,16,новостройки,хорошее,12.5,16.7,31,0,2.68,40,июнь,9.46
537,44.1,1,13.6,11,13,спальный,среднее,10.1,,64,0,2.54,87,май,7.03
538,119.6,5,17.2,18,20,спальный,евроремонт,12.6,16.0,2,0,2.54,19,апрель,18.55
539,111.1,5,17.6,7,19,спальный,хорошее,8.3,8.7,14,1,2.89,45,апрель,17.88
540,67.0,2,13.4,3,9,новостройки,хорошее,14.1,4.2,10,0,2.81,127,июнь,11.75
541,33.2,1,9.4,15,19,спальный,требует ремонта,12.7,10.3,37,1,2.81,31,март,3.78
542,67.2,2,16.5,1,10,новостройки,среднее,13.2,6.8,29,1,2.7,47,май,12.58
543,86.7,3,19.4,4,16,центр,требует ремонта,2.2,7.3,33,1,2.53,46,февраль,15.99
544,91.3,4,18.7,6,15,новостройки,среднее,10.0,13.7,34,1,2.95,74,апрель,13.99
545,84.6,3,14.0,10,10,пригород,хорошее,21.4,,46,1,2.63,29,май,11.96
546,53.1,2,19.4,3,25,спальный,хорошее,11.3,6.8,38,0,2.68,65,май,9.31
547,110.5,5,18.0,3,9,спальный,требует ремонта,10.5,,12,1,3.0,50,апрель,15.75
548,44.2,1,10.5,2,5,новостройки,хорошее,15.7,15.0,28,1,2.66,207,январь,6.68
549,58.2,1,12.2,11,15,спальный,хорошее,5.4,12.2,24,1,2.45,140,январь,11.1
550,54.3,2,13.1,8,10,спальный,требует ремонта,13.5,9.2,23,1,2.45,42,июнь,8.01
551,83.4,3,14.5,8,17,спальный,хорошее,12.1,4.7,0,1,2.89,241,январь,13.67
552,57.1,2,12.8,8,8,новостройки,среднее,13.9,,32,1,2.74,55,март,9.11
553,37.9,1,7.7,9,11,пригород,хорошее,24.4,,19,1,2.63,40,июнь,5.0
554,70.9,2,13.0,1,20,новостройки,среднее,16.5,12.8,4,1,2.67,48,январь,11.07
555,64.3,3,14.3,3,6,спальный,среднее,6.3,12.1,21,0,2.65,70,февраль,10.66
556,77.3,3,12.0,6,11,центр,среднее,2.4,10.8,27,1,2.62,35,февраль,14.52
557,57.0,2,12.5,6,22,спальный,требует ремонта,6.9,7.1,33,1,2.98,23,апрель,8.53
558,55.4,2,12.9,1,5,пригород,среднее,23.8,13.1,17,0,2.56,70,апрель,5.04
559,64.1,3,9.9,18,19,спальный,среднее,13.6,12.0,18,1,2.6,44,июнь,8.62
560,40.5,1,11.6,8,15,пригород,требует ремонта,22.0,,24,0,2.52,49,июнь,2.44
561,88.6,4,18.6,7,13,центр,среднее,6.1,9.1,38,0,2.45,35,март,16.26
562,81.3,3,18.6,9,11,новостройки,среднее,9.6,,49,1,2.45,67,март,11.93
563,69.2,3,17.7,8,14,центр,требует ремонта,0.3,,52,0,2.71,26,июнь,12.18
564,107.2,5,19.2,11,14,спальный,хорошее,9.6,20.3,0,1,2.81,133,апрель,16.98
565,37.6,1,8.2,2,11,пригород,хорошее,20.7,,35,1,2.45,92,март,4.16
566,78.9,4,18.9,3,11,новостройки,хорошее,10.0,4.6,35,0,2.77,40,март,11.57
567,76.4,3,15.4,4,22,спальный,среднее,7.1,2.0,38,0,2.61,26,январь,10.64
568,59.2,2,12.4,7,7,новостройки,хорошее,13.0,,41,1,2.63,48,апрель,10.85
569,59.6,3,12.7,3,7,спальный,хорошее,11.1,7.5,32,0,2.67,111,март,9.2
570,38.2,1,8.9,3,5,новостройки,хорошее,11.3,,24,1,2.47,122,март,7.25
571,80.6,3,18.5,5,18,спальный,среднее,4.5,14.2,17,1,2.92,45,май,13.09
572,28.0,1,7.6,9,12,центр,среднее,1.8,9.3,22,0,2.92,32,апрель,9.22
573,40.5,1,10.9,4,12,центр,среднее,7.4,,57,0,2.83,51,март,8.65
574,101.0,4,16.1,19,20,центр,хорошее,0.3,7.3,34,1,2.88,39,июнь,21.36
575,53.9,2,9.4,22,22,спальный,среднее,10.0,9.2,0,0,2.53,47,апрель,8.48
576,34.6,1,5.6,4,11,пригород,среднее,23.5,12.0,27,1,2.5,20,март,2.0
577,56.5,2,11.2,6,17,спальный,хорошее,4.8,11.7,45,1,2.7,23,февраль,9.69
578,49.7,2,11.5,8,25,новостройки,среднее,8.5,10.7,0,0,2.76,82,июнь,9.63
579,61.2,3,14.7,6,7,спальный,евроремонт,18.9,,37,1,2.69,39,апрель,9.88
580,67.2,2,10.6,11,15,центр,среднее,4.5,9.5,39,1,2.54,49,июнь,13.24
581,68.4,2,11.1,8,19,новостройки,требует ремонта,12.8,,1,0,2.66,95,январь,8.69
582,82.3,3,15.7,4,19,центр,среднее,3.7,,50,1,2.5,86,апрель,14.01
583,56.1,2,13.7,8,10,спальный,среднее,10.8,,28,1,2.72,55,май,8.14
584,51.8,2,10.3,9,10,центр,требует ремонта,5.6,,35,0,2.53,19,май,10.03
585,53.3,2,11.7,7,10,пригород,среднее,23.0,,37,0,2.94,38,май,6.38
586,92.3,4,14.8,5,13,спальный,хорошее,2.0,2.0,37,1,2.55,73,июнь,15.42
587,45.9,1,10.7,5,22,новостройки,среднее,5.3,8.8,20,1,2.89,118,май,8.28
588,34.4,1,11.5,9,9,новостройки,требует ремонта,11.4,10.6,45,1,2.77,139,июнь,4.69
589,50.7,2,13.8,6,16,спальный,хорошее,5.9,8.2,26,0,2.45,24,июнь,8.65
590,49.2,2,12.1,11,13,пригород,евроремонт,20.4,10.9,22,0,2.45,48,март,6.97
591,62.6,3,12.6,4,22,спальный,требует ремонта,13.9,4.3,1,1,2.88,19,январь,11.07
592,72.8,3,14.6,9,22,спальный,евроремонт,9.2,10.7,22,1,2.52,31,февраль,13.83
593,46.9,1,10.5,11,15,спальный,хорошее,5.0,9.8,27,1,3.06,76,март,9.42
594,92.9,3,12.3,7,19,новостройки,евроремонт,16.1,,18,1,2.56,40,апрель,15.03
595,98.2,4,18.7,7,7,спальный,среднее,5.6,4.0,41,1,2.64,78,февраль,15.82
596,46.8,1,13.0,7,8,спальный,среднее,4.7,8.9,24,1,2.59,103,июнь,8.03
597,73.9,3,13.6,12,25,спальный,среднее,10.5,5.2,32,1,2.45,72,февраль,11.57
598,69.0,3,15.4,4,24,пригород,требует ремонта,20.9,,11,1,2.86,46,март,7.79
599,84.0,3,14.2,7,9,центр,требует ремонта,2.4,9.9,20,0,2.83,102,март,14.41
600,74.5,2,14.0,9,25,спальный,хорошее,8.9,18.8,29,1,2.45,112,май,12.95
601,68.5,3,13.7,11,18,спальный,хорошее,9.9,9.4,14,1,2.54,20,февраль,12.42
602,119.1,5,21.4,1,15,спальный,среднее,8.2,,23,0,2.66,78,февраль,17.52
603,65.7,2,15.5,4,5,новостройки,хорошее,18.6,14.2,41,1,2.85,60,февраль,9.85
604,61.3,2,14.4,13,16,новостройки,среднее,12.8,10.1,36,1,2.57,34,январь,10.07
605,42.0,1,10.5,3,18,спальный,требует ремонта,3.9,6.7,9,1,2.97,44,май,6.54
606,91.8,4,18.1,1,5,пригород,хорошее,21.6,,41,1,2.86,47,январь,11.82
607,81.0,3,15.1,2,13,спальный,среднее,8.7,,0,0,2.58,73,май,12.35
608,49.5,2,9.9,18,20,центр,требует ремонта,5.0,11.1,15,1,2.72,54,март,9.31
609,69.3,2,15.0,8,11,центр,среднее,5.1,13.8,42,0,2.45,19,май,12.23
610,67.9,2,13.1,5,7,пригород,хорошее,24.7,21.7,12,1,2.97,30,июнь,9.15
611,62.7,2,15.2,13,14,спальный,хорошее,16.6,,14,1,2.45,6,февраль,9.24
612,51.9,2,13.6,1,18,центр,евроремонт,5.2,10.6,25,0,2.78,58,май,11.29
613,49.4,2,15.1,10,18,спальный,среднее,14.3,10.4,12,0,2.9,26,февраль,7.94
614,92.6,4,15.9,12,17,новостройки,хорошее,7.6,9.1,40,1,2.67,52,январь,15.0
615,83.1,3,17.0,7,14,спальный,среднее,9.8,11.8,31,0,2.8,24,март,12.75
616,33.8,1,9.1,16,17,новостройки,хорошее,16.7,17.6,23,0,2.45,247,январь,4.68
617,68.4,2,15.7,9,12,спальный,хорошее,12.8,,24,0,2.78,303,апрель,12.06
618,94.3,4,15.6,10,16,новостройки,среднее,12.1,,40,1,2.83,61,июнь,14.22
619,115.5,5,21.0,7,12,спальный,требует ремонта,8.2,16.9,26,1,2.84,54,май,15.9
620,71.4,3,13.5,1,19,центр,среднее,0.3,15.1,11,1,2.67,25,март,14.36
621,66.8,3,14.1,15,18,спальный,среднее,14.4,15.3,6,1,2.74,47,июнь,9.76
622,77.0,3,15.9,4,16,спальный,среднее,16.9,12.0,38,1,2.67,104,июнь,12.82
623,50.5,1,12.9,4,14,центр,среднее,6.7,13.8,16,1,2.65,16,май,12.76
624,83.1,3,15.2,7,13,центр,хорошее,0.3,8.3,18,0,2.66,14,март,15.52
625,100.1,4,16.8,6,16,новостройки,среднее,8.7,3.6,3,1,3.01,170,февраль,16.25
626,56.9,2,12.4,14,20,новостройки,хорошее,15.7,12.7,13,1,2.9,91,январь,9.65
627,78.8,3,15.2,4,6,спальный,среднее,12.8,7.9,26,1,2.66,45,апрель,11.92
628,71.9,3,13.0,20,20,центр,среднее,4.1,11.4,21,1,2.61,109,апрель,14.27
629,42.2,2,9.7,14,17,спальный,требует ремонта,5.7,14.3,8,0,2.97,134,июнь,7.03
630,55.8,2,13.0,2,14,центр,среднее,0.5,4.4,0,1,2.84,53,май,14.22
631,57.0,1,12.6,15,20,пригород,среднее,18.8,,13,0,2.58,217,апрель,6.32
632,49.9,1,10.2,4,16,центр,хорошее,0.3,5.1,0,1,2.83,49,май,12.42
633,80.8,3,12.8,8,10,центр,хорошее,0.3,5.6,19,0,2.47,118,май,16.56
634,42.6,1,13.1,4,5,спальный,среднее,6.5,12.7,16,0,2.51,59,июнь,6.45
635,53.0,2,12.1,3,12,новостройки,среднее,14.4,,42,0,2.59,14,июнь,8.02
636,59.5,3,13.4,12,13,спальный,среднее,10.9,,37,0,2.78,41,апрель,8.9
637,70.1,3,13.9,8,8,новостройки,среднее,18.4,14.8,43,1,2.74,61,март,11.15
638,67.0,2,16.3,5,13,спальный,хорошее,8.7,4.5,3,1,2.83,37,февраль,12.25
639,60.5,2,16.5,11,13,спальный,требует ремонта,14.7,,15,1,2.7,36,январь,7.55
640,57.5,2,14.7,4,16,спальный,требует ремонта,12.1,16.1,57,0,2.49,46,март,6.52
641,38.9,1,12.7,13,13,спальный,среднее,2.6,2.0,32,1,2.78,41,январь,6.24
642,109.5,5,20.6,1,7,спальный,среднее,10.2,18.6,12,0,2.53,43,январь,15.64
643,81.4,4,15.2,18,19,спальный,евроремонт,3.7,7.7,11,1,2.77,33,март,14.72
644,39.5,1,10.2,12,13,пригород,хорошее,18.1,,27,0,2.92,57,июнь,5.2
645,52.0,2,12.2,2,22,спальный,хорошее,9.1,13.4,29,0,2.75,51,май,10.1
646,71.1,3,14.6,7,15,спальный,среднее,10.7,12.6,38,1,2.56,13,апрель,11.3
647,92.2,4,19.0,4,6,спальный,хорошее,14.6,11.1,0,0,2.57,58,январь,14.08
648,46.3,1,8.6,15,20,спальный,требует ремонта,7.0,,51,0,2.89,25,апрель,3.98
649,56.9,2,12.7,4,10,спальный,требует ремонта,9.2,,57,0,2.58,57,февраль,6.79
650,36.8,1,14.6,15,20,пригород,среднее,19.7,17.1,25,0,2.68,32,февраль,4.89
651,97.1,4,20.0,6,16,центр,евроремонт,4.6,13.2,28,1,2.75,27,апрель,18.08
652,64.9,2,13.2,9,20,спальный,среднее,7.2,5.1,6,1,2.95,24,февраль,11.97
653,61.4,2,14.5,2,8,спальный,среднее,12.4,14.4,30,0,2.61,97,март,7.47
654,68.9,3,15.4,7,10,пригород,хорошее,23.2,,7,1,2.76,47,май,9.39
655,76.1,3,15.2,16,21,спальный,требует ремонта,11.5,8.1,12,0,2.69,45,май,10.31
656,44.7,1,12.8,8,22,спальный,хорошее,7.4,10.7,10,0,3.05,16,май,9.46
657,70.8,2,12.2,2,5,спальный,хорошее,10.5,10.5,15,0,2.52,50,январь,11.48
658,58.2,2,17.2,7,10,спальный,среднее,6.3,3.4,16,0,2.81,116,май,9.19
659,53.9,2,9.4,22,22,спальный,требует ремонта,11.0,8.3,26,1,2.67,188,март,6.58
660,76.2,3,14.1,9,10,новостройки,хорошее,15.1,,32,1,2.6,57,апрель,13.35
661,62.0,3,14.2,2,11,центр,среднее,4.3,16.3,15,0,2.84,61,март,13.59
662,67.1,3,13.3,12,15,спальный,среднее,8.6,16.2,3,0,2.84,30,апрель,10.25
663,48.7,1,11.4,10,16,спальный,среднее,6.5,12.9,9,1,3.05,23,апрель,9.77
664,89.7,4,18.4,10,20,пригород,среднее,28.0,12.6,32,1,2.8,36,апрель,10.6
665,98.8,4,17.2,19,21,новостройки,хорошее,7.7,11.8,19,1,2.45,18,январь,16.32
666,73.9,3,14.4,21,21,центр,среднее,0.3,3.7,0,0,2.45,52,январь,13.43
667,75.0,4,17.2,6,24,спальный,требует ремонта,9.4,9.8,19,1,2.7,104,февраль,10.32
668,87.0,3,19.2,14,21,пригород,требует ремонта,25.6,,10,1,2.58,52,январь,8.81
669,84.0,3,15.7,15,25,новостройки,среднее,15.6,10.0,53,0,2.68,36,июнь,12.35
670,71.1,2,11.9,14,20,спальный,требует ремонта,7.9,9.3,33,1,2.65,99,январь,10.47
671,59.2,2,14.9,16,20,спальный,хорошее,8.6,13.3,40,1,2.78,82,февраль,12.06
672,80.1,4,14.0,11,20,новостройки,требует ремонта,7.5,,37,1,2.78,109,март,12.1
673,114.7,5,21.7,6,17,центр,среднее,6.2,15.3,41,1,2.58,142,май,20.75
674,48.1,1,10.0,11,11,новостройки,среднее,10.8,7.1,14,0,2.72,35,май,7.74
675,56.4,2,10.7,19,22,спальный,хорошее,10.1,16.9,30,1,3.16,103,апрель,9.34
676,83.7,4,15.7,12,14,спальный,требует ремонта,8.2,11.2,40,0,2.66,158,февраль,11.37
677,62.8,2,16.4,6,6,спальный,требует ремонта,6.4,,35,1,2.45,37,февраль,8.12
678,46.3,2,10.3,14,18,новостройки,хорошее,12.6,,24,0,3.08,103,март,8.05
679,65.7,2,14.9,12,22,новостройки,среднее,11.1,9.5,51,1,2.45,167,март,10.97
680,70.6,2,17.6,23,24,центр,среднее,0.3,3.1,28,0,2.47,66,апрель,13.75
681,75.0,3,16.4,4,21,спальный,хорошее,7.4,15.5,40,1,2.74,219,февраль,13.18
682,37.4,1,12.3,1,15,спальный,требует ремонта,14.1,12.2,28,0,2.45,32,январь,4.29
683,42.9,1,10.3,6,7,спальный,среднее,9.6,9.7,37,1,2.75,34,январь,5.68
684,56.1,3,12.7,14,18,центр,среднее,1.3,2.0,31,0,2.93,173,март,13.78
685,35.2,1,9.1,9,21,центр,среднее,0.3,9.3,4,1,2.74,16,май,9.51
686,75.9,3,17.7,11,11,центр,среднее,2.8,,0,0,2.59,23,март,15.91
687,39.5,1,11.8,17,22,центр,среднее,1.1,9.2,23,1,2.63,132,январь,10.16
688,58.1,2,14.7,9,11,спальный,евроремонт,11.0,4.4,31,0,2.45,34,февраль,10.83
689,64.0,2,13.4,3,11,центр,хорошее,6.4,16.4,38,0,2.83,30,январь,12.5
690,90.5,3,14.3,5,21,спальный,хорошее,11.9,,51,1,2.55,106,февраль,13.19
691,72.9,3,15.6,3,15,новостройки,среднее,12.0,9.8,53,0,2.45,69,май,10.66
692,63.0,2,16.1,2,14,спальный,требует ремонта,12.6,7.7,10,0,2.49,54,февраль,8.75
693,82.3,2,20.0,2,7,новостройки,среднее,16.9,9.8,22,0,3.01,41,февраль,12.05
694,48.0,1,11.4,5,11,новостройки,требует ремонта,12.5,15.2,2,1,3.01,28,февраль,7.1
695,84.2,3,16.1,2,12,спальный,евроремонт,3.5,2.0,0,0,2.45,27,апрель,15.97
696,116.2,4,15.7,16,20,спальный,хорошее,11.0,13.2,42,1,2.69,39,май,18.17
697,48.7,2,13.7,13,19,спальный,среднее,14.0,11.1,10,0,2.77,57,март,8.7
698,71.5,3,14.2,2,9,спальный,хорошее,9.4,,32,1,2.59,37,январь,11.82
699,82.9,4,15.6,1,21,центр,хорошее,0.3,,28,0,2.45,15,июнь,16.0
700,81.1,4,14.4,8,23,пригород,среднее,20.4,,34,1,2.7,57,январь,9.27
