user_id;platform;creative;region;age_group;watch_time;clicked
1001;desktop;B;Регионы;18-24;24.9;0
1002;desktop;B;Регионы;35-44;3.2;0
1003;mobile;B;Регионы;25-34;28.1;1
1004;mobile;B;Регионы;25-34;43.8;0
1005;desktop;B;Регионы;35-44;14.8;0
1006;mobile;B;Регионы;35-44;31.1;1
1007;desktop;A;Регионы;45+;8.6;1
1008;mobile;A;Санкт-Петербург;45+;6.4;0
1009;mobile;B;Регионы;18-24;12.4;1
1010;tv;B;Москва;18-24;6.8;0
1011;desktop;A;Москва;25-34;10.9;0
1012;desktop;B;Регионы;18-24;25.4;0
1013;desktop;A;Москва;45+;8.4;0
1014;tv;A;Москва;35-44;24.2;0
1015;mobile;B;Регионы;25-34;13.1;0
1016;tv;A;Санкт-Петербург;18-24;52.9;0
1017;mobile;B;Москва;25-34;21.2;1
1018;mobile;B;Москва;45+;15.9;0
1019;mobile;A;Регионы;35-44;14.6;1
1020;tv;B;Москва;45+;41.7;0
1021;mobile;B;Регионы;35-44;7.6;0
1022;tv;B;Санкт-Петербург;35-44;29.3;0
1023;mobile;A;Москва;25-34;14.7;0
1024;tv;B;Регионы;25-34;38.5;0
1025;desktop;A;Регионы;35-44;9.4;0
1026;desktop;A;Регионы;35-44;4.3;0
1027;mobile;A;Регионы;25-34;11.2;0
1028;desktop;A;Москва;25-34;9.6;0
1029;mobile;B;Санкт-Петербург;25-34;13.4;0
1030;desktop;B;Санкт-Петербург;45+;18.7;0
1031;mobile;B;Москва;25-34;5.2;0
1032;desktop;A;Регионы;18-24;13.2;0
1033;mobile;B;Регионы;25-34;11.4;0
1034;mobile;B;Регионы;18-24;11.4;0
1035;mobile;A;Регионы;25-34;8.3;0
1036;mobile;A;Москва;35-44;7.9;0
1037;mobile;B;Санкт-Петербург;18-24;17.9;0
1038;mobile;A;Санкт-Петербург;18-24;6.9;0
1039;mobile;B;Москва;35-44;7.1;0
1040;mobile;B;Регионы;35-44;19.1;0
1041;mobile;A;Санкт-Петербург;45+;4.1;0
1042;mobile;B;Регионы;35-44;10.0;0
1043;tv;A;Регионы;25-34;17.7;0
1044;mobile;B;Регионы;25-34;19.7;0
1045;desktop;B;Регионы;18-24;20.6;1
1046;mobile;A;Регионы;18-24;16.0;1
1047;mobile;A;Регионы;18-24;4.3;0
1048;desktop;A;Санкт-Петербург;45+;10.9;0
1049;mobile;B;Москва;35-44;19.7;0
1050;tv;A;Санкт-Петербург;25-34;17.6;0
1051;desktop;A;Регионы;45+;15.9;0
1052;tv;A;Москва;25-34;41.2;0
1053;desktop;A;Регионы;45+;21.1;0
1054;mobile;A;Регионы;45+;9.6;0
1055;tv;A;Регионы;18-24;62.0;0
1056;mobile;B;Санкт-Петербург;25-34;14.1;0
1057;tv;A;Регионы;25-34;13.4;0
1058;tv;B;Регионы;18-24;38.8;0
1059;mobile;A;Санкт-Петербург;18-24;15.9;0
1060;desktop;A;Санкт-Петербург;18-24;32.9;0
1061;desktop;A;Регионы;18-24;13.5;0
1062;tv;A;Москва;25-34;25.8;0
1063;mobile;B;Москва;18-24;24.6;0
1064;mobile;B;Регионы;35-44;9.6;0
1065;mobile;B;Регионы;45+;15.0;0
1066;mobile;A;Регионы;45+;11.3;1
1067;mobile;A;Москва;35-44;13.7;0
1068;desktop;B;Санкт-Петербург;25-34;7.2;1
1069;mobile;A;Регионы;35-44;14.4;0
1070;mobile;B;Санкт-Петербург;45+;11.3;0
1071;tv;A;Регионы;18-24;21.9;0
1072;mobile;A;Регионы;25-34;5.2;0
1073;mobile;A;Регионы;35-44;7.4;0
1074;mobile;B;Санкт-Петербург;35-44;10.5;0
1075;mobile;B;Регионы;25-34;16.6;1
1076;mobile;B;Санкт-Петербург;35-44;9.9;1
1077;mobile;A;Москва;25-34;6.5;0
1078;mobile;B;Москва;25-34;13.5;0
1079;mobile;A;Москва;18-24;28.8;0
1080;mobile;A;Москва;18-24;5.6;0
1081;desktop;B;Регионы;45+;19.9;0
1082;tv;A;Регионы;35-44;13.6;0
1083;mobile;B;Москва;45+;11.5;0
1084;mobile;A;Регионы;18-24;25.5;0
1085;desktop;A;Регионы;18-24;16.2;0
1086;mobile;A;Регионы;18-24;9.7;0
1087;desktop;A;Москва;18-24;7.9;0
1088;mobile;B;Москва;45+;14.7;0
1089;tv;A;Регионы;25-34;24.4;0
1090;tv;A;Регионы;35-44;44.5;0
1091;desktop;B;Санкт-Петербург;35-44;8.2;0
1092;desktop;B;Москва;25-34;23.5;1
1093;desktop;A;Москва;45+;14.9;0
1094;desktop;B;Регионы;25-34;40.0;0
1095;tv;A;Москва;45+;14.2;0
1096;mobile;B;Москва;18-24;19.1;0
1097;mobile;A;Регионы;35-44;356.8;0
1098;desktop;B;Москва;45+;10.7;0
1099;mobile;B;Москва;25-34;16.8;0
1100;mobile;B;Москва;35-44;5.4;1
1101;desktop;A;Регионы;25-34;16.2;0
1102;desktop;B;Москва;25-34;45.1;1
1103;mobile;A;Регионы;45+;24.7;0
1104;mobile;A;Регионы;35-44;13.0;0
1105;desktop;B;Санкт-Петербург;25-34;5.6;1
1106;mobile;B;Москва;45+;8.6;0
1107;desktop;A;Регионы;25-34;4.9;0
1108;desktop;B;Регионы;18-24;8.0;0
1109;mobile;A;Москва;35-44;9.2;0
1110;mobile;A;Регионы;35-44;14.7;0
1111;tv;A;Регионы;35-44;16.4;0
1112;desktop;A;Санкт-Петербург;35-44;6.9;0
1113;desktop;B;Москва;18-24;8.4;0
1114;desktop;B;Регионы;18-24;15.5;0
1115;desktop;A;Регионы;25-34;33.5;0
1116;mobile;B;Регионы;35-44;18.1;0
1117;mobile;B;Регионы;25-34;20.0;0
1118;desktop;B;Регионы;25-34;515.9;0
1119;desktop;B;Санкт-Петербург;35-44;4.6;0
1120;tv;B;Москва;45+;501.1;0
1121;desktop;A;Санкт-Петербург;45+;12.9;0
1122;desktop;B;Регионы;25-34;13.8;0
1123;mobile;A;Регионы;18-24;15.5;0
1124;desktop;B;Санкт-Петербург;35-44;522.7;0
1125;tv;A;Москва;35-44;15.6;0
1126;desktop;A;Санкт-Петербург;18-24;5.6;0
1127;mobile;A;Санкт-Петербург;18-24;9.8;0
1128;mobile;B;Регионы;18-24;11.5;0
1129;tv;A;Регионы;35-44;20.9;0
1130;mobile;B;Санкт-Петербург;25-34;19.4;0
1131;desktop;A;Регионы;25-34;13.9;0
1132;mobile;A;Регионы;25-34;9.0;0
1133;desktop;A;Москва;25-34;378.3;0
1134;mobile;A;Санкт-Петербург;25-34;2.5;0
1135;desktop;A;Санкт-Петербург;25-34;7.0;0
1136;mobile;B;Москва;45+;8.9;0
1137;tv;B;Регионы;18-24;24.0;0
1138;tv;A;Регионы;18-24;38.4;0
1139;tv;A;Санкт-Петербург;45+;48.6;0
1140;desktop;A;Регионы;35-44;23.8;0
1141;mobile;B;Москва;35-44;7.5;0
1142;mobile;B;Регионы;18-24;23.3;0
1143;mobile;B;Регионы;45+;18.0;0
1144;mobile;B;Санкт-Петербург;25-34;15.3;0
1145;tv;A;Регионы;25-34;27.1;0
1146;mobile;A;Санкт-Петербург;25-34;4.9;0
1147;desktop;B;Москва;25-34;16.4;0
1148;mobile;B;Санкт-Петербург;35-44;13.4;0
1149;desktop;B;Санкт-Петербург;25-34;9.7;0
1150;mobile;B;Москва;18-24;15.6;0
1151;mobile;B;Регионы;45+;8.5;0
1152;desktop;A;Регионы;45+;12.7;0
1153;mobile;A;Регионы;18-24;25.7;0
1154;desktop;A;Москва;25-34;8.6;0
1155;mobile;A;Регионы;25-34;17.2;0
1156;mobile;B;Регионы;18-24;8.7;0
1157;mobile;B;Москва;35-44;9.8;0
1158;mobile;A;Регионы;35-44;4.6;0
1159;mobile;A;Регионы;45+;6.4;0
1160;mobile;B;Санкт-Петербург;45+;17.6;0
1161;desktop;A;Регионы;35-44;7.7;0
1162;mobile;A;Санкт-Петербург;25-34;8.1;0
1163;desktop;B;Регионы;35-44;14.3;0
1164;mobile;A;Регионы;45+;3.8;0
1165;mobile;A;Санкт-Петербург;45+;8.5;0
1166;mobile;B;Регионы;35-44;15.7;0
1167;tv;B;Регионы;25-34;9.1;0
1168;mobile;A;Регионы;25-34;11.2;0
1169;tv;B;Регионы;18-24;53.0;0
1170;mobile;B;Москва;25-34;18.0;0
1171;mobile;A;Санкт-Петербург;35-44;9.6;0
1172;desktop;B;Москва;45+;21.8;0
1173;desktop;B;Москва;35-44;18.0;0
1174;tv;B;Москва;35-44;19.3;0
1175;mobile;B;Регионы;25-34;35.6;0
1176;mobile;B;Регионы;35-44;7.0;0
1177;mobile;B;Регионы;35-44;17.0;0
1178;mobile;A;Москва;45+;10.9;0
1179;desktop;A;Регионы;25-34;25.1;0
1180;mobile;A;Регионы;45+;12.9;1
1181;tv;B;Регионы;25-34;55.2;0
1182;mobile;B;Москва;35-44;48.9;0
1183;mobile;B;Регионы;18-24;19.0;0
1184;mobile;A;Регионы;18-24;11.2;0
1185;tv;A;Регионы;18-24;19.3;0
1186;mobile;B;Регионы;35-44;4.0;0
1187;mobile;B;Москва;35-44;11.2;0
1188;mobile;B;Регионы;18-24;14.4;0
1189;mobile;A;Москва;18-24;9.4;0
1190;mobile;A;Регионы;25-34;16.0;0
1191;mobile;A;Регионы;35-44;28.0;0
1192;desktop;A;Регионы;35-44;8.4;0
1193;desktop;A;Москва;45+;12.9;0
1194;tv;B;Регионы;25-34;8.4;0
1195;mobile;A;Регионы;18-24;243.1;0
1196;desktop;A;Регионы;18-24;10.7;0
1197;desktop;B;Москва;45+;12.2;0
1198;mobile;A;Регионы;35-44;12.4;0
1199;mobile;A;Москва;35-44;8.1;0
1200;mobile;A;Регионы;45+;31.6;0
1201;tv;A;Регионы;18-24;7.3;0
1202;desktop;B;Москва;25-34;21.3;0
1203;desktop;A;Регионы;25-34;19.2;0
1204;mobile;A;Санкт-Петербург;35-44;6.6;0
1205;desktop;B;Москва;18-24;48.4;0
1206;tv;B;Москва;25-34;28.2;0
1207;mobile;A;Регионы;25-34;13.4;1
1208;desktop;A;Регионы;45+;6.9;0
1209;desktop;A;Москва;35-44;32.1;0
1210;mobile;B;Регионы;35-44;8.8;0
1211;tv;A;Регионы;18-24;15.3;0
1212;mobile;B;Регионы;35-44;2.5;0
1213;tv;A;Регионы;25-34;28.6;0
1214;desktop;B;Москва;35-44;10.3;0
1215;desktop;B;Москва;25-34;13.3;0
1216;mobile;A;Москва;35-44;6.1;0
1217;mobile;A;Регионы;45+;32.6;0
1218;mobile;B;Регионы;45+;5.4;0
1219;tv;A;Регионы;25-34;8.3;0
1220;tv;B;Москва;35-44;307.0;0
1221;mobile;A;Регионы;45+;10.2;1
1222;tv;A;Санкт-Петербург;25-34;34.2;0
1223;desktop;A;Регионы;35-44;12.7;0
1224;tv;B;Регионы;18-24;41.8;1
1225;mobile;A;Санкт-Петербург;25-34;21.5;0
1226;mobile;A;Санкт-Петербург;18-24;21.3;0
1227;mobile;B;Регионы;25-34;18.2;0
1228;tv;A;Регионы;18-24;30.4;1
1229;mobile;A;Санкт-Петербург;25-34;18.0;0
1230;mobile;A;Регионы;25-34;49.2;0
1231;mobile;B;Регионы;25-34;4.0;0
1232;mobile;A;Регионы;25-34;6.5;0
1233;desktop;A;Регионы;18-24;19.1;0
1234;mobile;A;Регионы;35-44;3.6;0
1235;desktop;B;Регионы;18-24;21.7;0
1236;desktop;A;Регионы;35-44;11.0;0
1237;desktop;B;Санкт-Петербург;35-44;14.9;0
1238;mobile;A;Регионы;18-24;4.9;0
1239;mobile;B;Регионы;25-34;9.6;1
1240;mobile;A;Регионы;25-34;16.9;0
1241;desktop;B;Москва;25-34;34.7;0
1242;desktop;A;Москва;35-44;9.0;1
1243;mobile;A;Санкт-Петербург;25-34;10.9;1
1244;tv;B;Регионы;25-34;26.8;0
1245;tv;A;Санкт-Петербург;18-24;23.9;1
1246;mobile;A;Санкт-Петербург;25-34;10.2;0
1247;desktop;A;Регионы;25-34;17.0;0
1248;desktop;B;Регионы;35-44;7.4;0
1249;desktop;B;Москва;35-44;6.6;0
1250;mobile;A;Регионы;25-34;13.6;0
1251;tv;A;Регионы;18-24;42.1;0
1252;mobile;B;Регионы;35-44;22.8;0
1253;mobile;A;Регионы;18-24;22.6;1
1254;tv;B;Москва;35-44;60.7;0
1255;mobile;B;Регионы;25-34;5.4;0
1256;desktop;A;Регионы;35-44;8.5;0
1257;mobile;A;Регионы;45+;7.0;0
1258;mobile;A;Москва;25-34;7.3;0
1259;desktop;B;Регионы;18-24;24.2;0
1260;mobile;B;Москва;25-34;16.3;0
1261;mobile;A;Регионы;18-24;561.6;0
1262;desktop;A;Москва;35-44;11.3;0
1263;mobile;A;Санкт-Петербург;35-44;5.0;0
1264;mobile;B;Москва;45+;17.7;1
1265;desktop;B;Москва;18-24;24.0;0
1266;mobile;B;Москва;45+;4.3;0
1267;desktop;B;Регионы;25-34;10.4;0
1268;desktop;A;Санкт-Петербург;35-44;3.6;0
1269;desktop;B;Регионы;18-24;10.1;1
1270;desktop;B;Москва;45+;27.4;0
1271;desktop;A;Москва;25-34;18.7;0
1272;mobile;B;Санкт-Петербург;35-44;6.6;0
1273;mobile;A;Москва;35-44;428.0;0
1274;mobile;A;Регионы;18-24;19.1;0
1275;mobile;B;Регионы;18-24;15.6;0
1276;tv;B;Регионы;25-34;14.9;0
1277;mobile;B;Регионы;25-34;22.2;0
1278;desktop;A;Москва;45+;16.4;0
1279;mobile;A;Регионы;25-34;6.2;1
1280;tv;B;Регионы;35-44;20.9;0
1281;mobile;B;Регионы;45+;12.4;0
1282;mobile;B;Санкт-Петербург;25-34;8.0;0
1283;mobile;A;Москва;25-34;20.4;0
1284;desktop;B;Регионы;18-24;7.9;1
1285;tv;B;Москва;25-34;30.7;0
1286;mobile;B;Регионы;45+;13.3;1
1287;mobile;A;Регионы;35-44;7.4;0
1288;desktop;B;Регионы;18-24;16.9;0
1289;tv;A;Регионы;18-24;29.4;0
1290;desktop;A;Москва;35-44;17.5;1
1291;desktop;B;Москва;35-44;373.3;0
1292;mobile;A;Регионы;35-44;11.0;1
1293;mobile;B;Санкт-Петербург;25-34;13.5;0
1294;desktop;B;Москва;18-24;9.5;0
1295;mobile;B;Санкт-Петербург;35-44;11.9;1
1296;mobile;B;Санкт-Петербург;25-34;18.6;0
1297;tv;B;Москва;18-24;81.7;0
1298;mobile;B;Регионы;18-24;7.5;0
1299;tv;B;Санкт-Петербург;25-34;18.9;0
1300;desktop;B;Регионы;25-34;6.1;0
1301;mobile;A;Регионы;25-34;4.2;0
1302;desktop;B;Москва;25-34;16.4;0
1303;tv;B;Москва;45+;49.7;0
1304;mobile;B;Санкт-Петербург;18-24;19.7;0
1305;desktop;A;Регионы;25-34;13.3;0
1306;desktop;B;Санкт-Петербург;35-44;8.0;0
1307;desktop;B;Регионы;45+;41.8;1
1308;mobile;A;Москва;25-34;9.9;0
1309;desktop;A;Регионы;25-34;11.4;0
1310;desktop;A;Москва;18-24;7.8;0
1311;mobile;B;Санкт-Петербург;45+;22.0;0
1312;desktop;A;Регионы;25-34;27.3;0
1313;mobile;B;Санкт-Петербург;35-44;11.8;0
1314;mobile;B;Регионы;25-34;10.3;0
1315;mobile;B;Регионы;18-24;15.6;0
1316;mobile;B;Регионы;45+;27.5;0
1317;mobile;B;Москва;25-34;18.5;0
1318;tv;A;Регионы;18-24;19.9;0
1319;mobile;B;Москва;25-34;10.4;0
1320;mobile;A;Регионы;45+;12.1;0
1321;mobile;B;Регионы;35-44;22.4;1
1322;mobile;A;Санкт-Петербург;35-44;26.5;0
1323;mobile;A;Регионы;35-44;20.0;0
1324;mobile;B;Регионы;45+;11.3;1
1325;desktop;A;Москва;35-44;13.3;1
1326;mobile;B;Регионы;18-24;9.4;0
1327;mobile;A;Москва;35-44;7.6;0
1328;mobile;B;Москва;25-34;7.3;0
1329;desktop;B;Санкт-Петербург;45+;30.5;0
1330;tv;B;Регионы;25-34;14.6;0
1331;desktop;B;Москва;35-44;14.4;0
1332;mobile;B;Регионы;45+;9.4;0
1333;desktop;A;Санкт-Петербург;45+;39.5;0
1334;tv;B;Регионы;25-34;6.4;0
1335;mobile;A;Санкт-Петербург;35-44;12.7;0
1336;mobile;A;Санкт-Петербург;25-34;9.1;0
1337;mobile;A;Москва;25-34;13.3;0
1338;mobile;B;Санкт-Петербург;45+;9.9;1
1339;desktop;B;Регионы;25-34;70.4;0
1340;desktop;B;Регионы;25-34;12.8;0
1341;mobile;B;Москва;25-34;14.1;0
1342;tv;A;Санкт-Петербург;35-44;49.0;0
1343;desktop;A;Москва;18-24;6.2;0
1344;mobile;B;Москва;25-34;6.4;0
1345;desktop;A;Регионы;25-34;39.0;0
1346;desktop;B;Регионы;25-34;11.4;0
1347;mobile;B;Москва;25-34;19.1;0
1348;mobile;A;Москва;45+;10.8;0
1349;tv;A;Регионы;45+;18.8;0
1350;desktop;B;Регионы;18-24;9.8;0
1351;mobile;B;Санкт-Петербург;18-24;29.5;0
1352;mobile;B;Регионы;35-44;32.4;1
1353;desktop;A;Регионы;35-44;16.1;0
1354;mobile;A;Москва;35-44;14.0;0
1355;desktop;A;Регионы;45+;9.5;0
1356;mobile;A;Регионы;35-44;21.1;0
1357;mobile;B;Москва;35-44;15.8;0
1358;mobile;B;Санкт-Петербург;18-24;25.9;0
1359;desktop;A;Санкт-Петербург;35-44;9.2;1
1360;mobile;A;Регионы;25-34;34.6;0
1361;desktop;B;Регионы;45+;30.5;0
1362;mobile;A;Москва;18-24;6.9;0
1363;mobile;A;Регионы;18-24;34.4;0
1364;mobile;A;Регионы;45+;6.4;0
1365;mobile;B;Санкт-Петербург;45+;12.7;1
1366;mobile;B;Регионы;45+;8.7;0
1367;mobile;A;Регионы;18-24;5.2;0
1368;desktop;B;Москва;35-44;15.8;0
1369;desktop;B;Регионы;45+;12.0;0
1370;mobile;A;Регионы;18-24;3.4;0
1371;desktop;B;Регионы;25-34;16.3;0
1372;tv;A;Москва;25-34;30.0;1
1373;desktop;B;Регионы;18-24;22.3;0
1374;desktop;A;Регионы;18-24;13.8;0
1375;desktop;A;Москва;25-34;24.6;0
1376;desktop;B;Регионы;35-44;14.2;1
1377;desktop;B;Санкт-Петербург;35-44;17.0;0
1378;desktop;B;Санкт-Петербург;35-44;11.1;0
1379;desktop;B;Регионы;35-44;9.5;0
1380;desktop;A;Москва;25-34;5.6;0
1381;tv;A;Регионы;25-34;28.2;0
1382;tv;A;Регионы;18-24;27.0;0
1383;mobile;A;Москва;45+;7.7;0
1384;mobile;B;Санкт-Петербург;25-34;6.6;0
1385;tv;A;Регионы;18-24;16.9;1
1386;mobile;A;Москва;45+;7.8;1
1387;desktop;B;Санкт-Петербург;18-24;21.9;0
1388;mobile;A;Санкт-Петербург;18-24;8.8;0
1389;desktop;B;Санкт-Петербург;25-34;13.7;0
1390;mobile;B;Регионы;45+;29.8;0
1391;mobile;A;Регионы;35-44;18.8;0
1392;mobile;A;Москва;18-24;12.0;0
1393;mobile;A;Регионы;18-24;23.1;0
1394;tv;A;Санкт-Петербург;35-44;17.2;0
1395;mobile;A;Москва;45+;7.3;0
1396;mobile;B;Москва;18-24;7.3;0
1397;tv;B;Москва;25-34;12.9;0
1398;mobile;A;Санкт-Петербург;45+;7.1;0
1399;mobile;B;Регионы;18-24;11.7;0
1400;desktop;A;Москва;45+;12.3;0
1401;mobile;B;Москва;25-34;14.5;0
1402;mobile;B;Регионы;35-44;13.2;0
1403;mobile;A;Регионы;25-34;26.0;0
1404;mobile;B;Регионы;35-44;3.8;1
1405;desktop;A;Санкт-Петербург;35-44;11.4;0
1406;desktop;A;Санкт-Петербург;18-24;17.3;0
1407;desktop;A;Москва;25-34;8.8;0
1408;desktop;B;Санкт-Петербург;45+;13.7;0
1409;mobile;B;Санкт-Петербург;35-44;13.3;1
1410;mobile;A;Москва;25-34;8.4;0
1411;desktop;A;Регионы;45+;25.4;0
1412;mobile;A;Регионы;35-44;12.9;0
1413;tv;B;Москва;25-34;8.7;1
1414;desktop;A;Санкт-Петербург;35-44;15.4;0
1415;mobile;B;Москва;18-24;5.3;0
1416;mobile;B;Санкт-Петербург;35-44;3.7;0
1417;mobile;B;Москва;25-34;13.1;0
1418;mobile;B;Санкт-Петербург;45+;8.8;1
1419;mobile;B;Регионы;25-34;13.7;0
1420;mobile;B;Санкт-Петербург;18-24;11.9;0
1421;mobile;B;Москва;35-44;7.3;0
1422;mobile;B;Санкт-Петербург;18-24;10.0;0
1423;mobile;B;Регионы;35-44;5.6;0
1424;mobile;A;Санкт-Петербург;45+;13.1;0
1425;desktop;A;Москва;25-34;14.2;0
1426;desktop;B;Санкт-Петербург;35-44;30.2;0
1427;desktop;A;Регионы;25-34;5.6;0
1428;desktop;A;Регионы;35-44;17.7;1
1429;mobile;A;Санкт-Петербург;25-34;13.3;0
1430;tv;A;Регионы;35-44;31.0;0
1431;desktop;B;Москва;18-24;28.3;0
1432;mobile;B;Регионы;35-44;6.7;0
1433;desktop;B;Регионы;45+;10.2;0
1434;desktop;A;Регионы;25-34;8.0;0
1435;desktop;B;Санкт-Петербург;18-24;9.1;0
1436;mobile;B;Регионы;18-24;7.6;0
1437;desktop;B;Москва;35-44;572.8;0
1438;mobile;A;Москва;18-24;9.3;0
1439;tv;A;Санкт-Петербург;25-34;31.9;0
1440;tv;A;Москва;35-44;30.5;0
1441;desktop;B;Регионы;25-34;12.0;0
1442;mobile;B;Регионы;18-24;9.4;0
1443;desktop;A;Санкт-Петербург;45+;9.9;0
1444;mobile;A;Москва;18-24;12.8;0
1445;mobile;B;Регионы;35-44;10.5;1
1446;mobile;B;Москва;18-24;12.3;0
1447;mobile;B;Москва;25-34;7.5;0
1448;desktop;B;Регионы;25-34;28.7;0
1449;desktop;B;Регионы;18-24;17.2;0
1450;mobile;A;Регионы;25-34;10.3;0
1451;tv;B;Регионы;45+;21.3;0
1452;tv;B;Регионы;25-34;33.2;0
1453;desktop;A;Регионы;25-34;11.0;0
1454;mobile;B;Москва;45+;6.1;0
1455;desktop;A;Регионы;18-24;6.9;1
1456;mobile;B;Москва;25-34;21.1;1
1457;mobile;A;Регионы;45+;508.1;0
1458;tv;A;Регионы;25-34;41.4;0
1459;desktop;B;Санкт-Петербург;18-24;11.9;1
1460;mobile;B;Москва;35-44;6.8;0
1461;mobile;B;Санкт-Петербург;25-34;14.0;0
1462;mobile;A;Москва;18-24;10.2;0
1463;mobile;A;Санкт-Петербург;25-34;516.1;0
1464;desktop;B;Санкт-Петербург;18-24;39.7;0
1465;mobile;B;Регионы;18-24;8.5;0
1466;desktop;A;Регионы;18-24;26.6;0
1467;tv;A;Санкт-Петербург;35-44;18.8;0
1468;mobile;A;Москва;18-24;12.3;0
1469;desktop;A;Регионы;35-44;25.0;0
1470;mobile;A;Регионы;25-34;10.7;0
1471;tv;A;Москва;35-44;35.6;0
1472;mobile;B;Регионы;18-24;17.5;0
1473;mobile;A;Регионы;45+;6.0;0
1474;desktop;A;Москва;18-24;5.7;0
1475;mobile;B;Санкт-Петербург;18-24;22.9;1
1476;desktop;A;Москва;25-34;11.9;0
1477;desktop;A;Регионы;35-44;7.7;0
1478;mobile;B;Регионы;18-24;27.5;0
1479;desktop;A;Регионы;45+;17.7;0
1480;mobile;B;Регионы;18-24;11.8;0
1481;tv;B;Москва;35-44;60.2;0
1482;desktop;B;Регионы;18-24;27.6;0
1483;desktop;A;Москва;35-44;13.3;0
1484;desktop;B;Москва;45+;11.4;0
1485;desktop;B;Москва;45+;10.7;0
1486;desktop;A;Регионы;25-34;11.0;0
1487;desktop;B;Москва;35-44;7.6;0
1488;desktop;B;Москва;18-24;29.5;0
1489;desktop;A;Москва;18-24;12.0;0
1490;desktop;A;Санкт-Петербург;35-44;12.2;0
1491;mobile;B;Регионы;35-44;17.5;0
1492;tv;A;Регионы;18-24;315.8;0
1493;tv;B;Москва;35-44;8.6;0
1494;desktop;A;Москва;25-34;6.4;0
1495;mobile;A;Регионы;35-44;18.0;0
1496;mobile;A;Москва;18-24;21.4;0
1497;mobile;A;Регионы;25-34;7.8;0
1498;desktop;B;Санкт-Петербург;35-44;11.3;1
1499;desktop;B;Регионы;45+;13.9;0
1500;tv;B;Москва;25-34;7.7;0
1501;mobile;B;Москва;35-44;18.7;0
1502;desktop;A;Регионы;18-24;12.8;0
1503;mobile;A;Санкт-Петербург;35-44;8.2;0
1504;desktop;A;Москва;18-24;12.8;0
1505;tv;A;Регионы;25-34;18.3;0
1506;tv;A;Санкт-Петербург;18-24;25.1;0
1507;tv;A;Регионы;35-44;31.1;0
1508;mobile;A;Санкт-Петербург;35-44;7.2;0
1509;mobile;B;Санкт-Петербург;18-24;8.3;0
1510;mobile;B;Москва;25-34;12.5;0
1511;mobile;B;Регионы;45+;20.9;0
1512;mobile;B;Регионы;25-34;14.7;0
1513;mobile;A;Москва;18-24;6.7;0
1514;desktop;A;Москва;35-44;16.6;0
1515;desktop;B;Регионы;35-44;15.9;1
1516;tv;A;Регионы;45+;30.4;0
1517;mobile;B;Регионы;35-44;8.1;0
1518;mobile;A;Москва;45+;14.7;1
1519;mobile;B;Москва;35-44;13.5;0
1520;tv;A;Регионы;18-24;32.0;0
1521;mobile;A;Москва;35-44;12.4;0
1522;tv;A;Санкт-Петербург;25-34;65.8;0
1523;mobile;B;Регионы;25-34;16.1;1
1524;mobile;B;Санкт-Петербург;18-24;13.0;0
1525;mobile;B;Регионы;35-44;8.8;1
1526;mobile;A;Регионы;25-34;10.1;0
1527;mobile;B;Регионы;25-34;23.6;0
1528;desktop;A;Регионы;35-44;20.6;0
1529;mobile;B;Регионы;18-24;29.5;0
1530;mobile;A;Санкт-Петербург;18-24;11.7;0
1531;desktop;A;Санкт-Петербург;45+;25.5;0
1532;desktop;A;Регионы;18-24;15.0;0
1533;mobile;A;Регионы;45+;8.4;0
1534;mobile;A;Москва;25-34;13.2;0
1535;mobile;A;Регионы;18-24;27.0;0
1536;mobile;B;Регионы;18-24;7.2;0
1537;mobile;A;Регионы;35-44;10.3;0
1538;mobile;B;Санкт-Петербург;25-34;16.8;0
1539;mobile;B;Москва;25-34;13.0;0
1540;mobile;B;Москва;35-44;16.7;0
1541;desktop;B;Москва;18-24;60.7;0
1542;mobile;B;Регионы;35-44;12.7;0
1543;mobile;B;Санкт-Петербург;45+;13.7;0
1544;mobile;B;Регионы;25-34;10.0;1
1545;desktop;B;Санкт-Петербург;25-34;16.4;0
1546;mobile;B;Регионы;35-44;10.8;0
1547;mobile;B;Регионы;25-34;24.4;1
1548;mobile;B;Санкт-Петербург;35-44;41.0;0
1549;mobile;B;Регионы;25-34;9.9;0
1550;mobile;A;Регионы;25-34;6.9;0
1551;desktop;A;Регионы;35-44;8.1;0
1552;tv;B;Москва;35-44;22.1;0
1553;desktop;A;Регионы;18-24;11.2;0
1554;mobile;B;Регионы;18-24;16.2;0
1555;mobile;B;Регионы;35-44;10.1;0
1556;mobile;B;Москва;25-34;4.4;0
1557;mobile;B;Регионы;25-34;10.6;0
1558;desktop;B;Регионы;18-24;12.7;1
1559;mobile;A;Москва;25-34;14.7;0
1560;desktop;B;Москва;25-34;13.9;0
1561;mobile;B;Санкт-Петербург;18-24;5.4;0
1562;mobile;B;Регионы;18-24;10.1;0
1563;mobile;B;Санкт-Петербург;45+;5.9;0
1564;desktop;A;Регионы;35-44;11.0;0
1565;mobile;A;Санкт-Петербург;25-34;12.5;0
1566;desktop;B;Москва;35-44;8.8;0
1567;mobile;B;Регионы;25-34;6.9;0
1568;desktop;B;Регионы;35-44;8.7;0
1569;mobile;B;Москва;18-24;7.5;0
1570;desktop;A;Москва;18-24;26.1;0
1571;tv;A;Москва;18-24;12.8;1
1572;mobile;A;Регионы;25-34;4.7;0
1573;mobile;B;Регионы;35-44;8.3;0
1574;desktop;A;Санкт-Петербург;25-34;15.5;0
1575;tv;A;Регионы;25-34;18.7;0
1576;mobile;B;Москва;18-24;6.0;0
1577;tv;A;Москва;18-24;10.6;0
1578;mobile;A;Регионы;25-34;9.7;0
1579;desktop;B;Регионы;25-34;11.1;0
1580;tv;A;Санкт-Петербург;45+;21.9;0
1581;mobile;B;Регионы;35-44;8.7;0
1582;mobile;A;Москва;25-34;19.5;1
1583;mobile;B;Москва;25-34;7.9;0
1584;mobile;B;Регионы;25-34;10.8;0
1585;mobile;A;Регионы;35-44;10.0;0
1586;mobile;A;Санкт-Петербург;18-24;8.7;1
1587;desktop;B;Санкт-Петербург;25-34;15.6;0
1588;desktop;B;Регионы;18-24;20.6;0
1589;tv;B;Регионы;18-24;28.6;0
1590;mobile;B;Регионы;35-44;12.7;1
1591;mobile;A;Москва;35-44;319.9;0
1592;desktop;B;Регионы;25-34;25.0;0
1593;mobile;B;Москва;35-44;8.8;0
1594;desktop;A;Санкт-Петербург;35-44;12.0;0
1595;desktop;B;Москва;45+;26.0;0
1596;mobile;B;Санкт-Петербург;45+;17.5;0
1597;desktop;A;Санкт-Петербург;35-44;37.4;0
1598;mobile;A;Регионы;45+;9.4;0
1599;mobile;A;Регионы;18-24;6.1;0
1600;desktop;B;Регионы;25-34;32.7;0
1601;mobile;A;Регионы;18-24;5.4;0
1602;mobile;B;Регионы;35-44;8.9;0
1603;tv;B;Регионы;25-34;44.7;0
1604;tv;B;Регионы;35-44;24.0;0
1605;desktop;B;Регионы;25-34;15.6;0
1606;mobile;A;Санкт-Петербург;25-34;11.8;0
1607;mobile;A;Москва;35-44;13.0;0
1608;mobile;A;Регионы;18-24;3.7;0
1609;tv;A;Регионы;35-44;13.8;0
1610;mobile;B;Регионы;25-34;20.5;1
1611;mobile;A;Санкт-Петербург;25-34;16.3;0
1612;mobile;A;Регионы;35-44;9.3;0
1613;mobile;B;Москва;18-24;7.0;0
1614;mobile;A;Москва;18-24;6.2;1
1615;mobile;B;Москва;25-34;10.6;0
1616;tv;B;Регионы;18-24;20.5;0
1617;mobile;B;Москва;25-34;5.4;0
1618;mobile;B;Регионы;18-24;9.8;0
1619;mobile;A;Санкт-Петербург;45+;10.0;0
1620;mobile;B;Регионы;35-44;13.0;0
1621;mobile;A;Регионы;25-34;8.0;0
1622;tv;A;Регионы;25-34;19.2;0
1623;tv;A;Регионы;18-24;40.6;0
1624;mobile;A;Москва;35-44;7.4;0
1625;desktop;B;Санкт-Петербург;45+;8.9;0
1626;mobile;A;Регионы;25-34;9.0;0
1627;mobile;B;Регионы;18-24;8.2;0
1628;desktop;A;Регионы;25-34;14.3;0
1629;desktop;B;Санкт-Петербург;45+;33.6;0
1630;desktop;A;Москва;25-34;15.4;1
1631;desktop;B;Регионы;18-24;8.2;0
1632;mobile;B;Москва;18-24;10.1;1
1633;mobile;A;Санкт-Петербург;18-24;6.4;0
1634;mobile;A;Регионы;35-44;6.1;0
1635;tv;B;Москва;18-24;48.0;1
1636;mobile;A;Москва;18-24;6.7;0
1637;desktop;B;Санкт-Петербург;18-24;8.1;0
1638;desktop;B;Регионы;35-44;16.7;0
1639;mobile;B;Москва;18-24;15.6;0
1640;desktop;A;Санкт-Петербург;18-24;25.3;0
1641;desktop;A;Регионы;25-34;30.2;1
1642;mobile;A;Регионы;25-34;3.9;0
1643;desktop;A;Москва;35-44;21.6;0
1644;mobile;B;Регионы;18-24;20.8;0
1645;mobile;A;Регионы;25-34;25.6;0
1646;mobile;B;Регионы;35-44;10.9;0
1647;mobile;A;Москва;35-44;3.9;0
1648;desktop;B;Санкт-Петербург;18-24;10.2;0
1649;desktop;B;Регионы;45+;12.1;0
1650;mobile;A;Санкт-Петербург;35-44;7.0;0
1651;mobile;A;Москва;35-44;9.3;0
1652;tv;B;Москва;35-44;55.1;0
1653;mobile;A;Регионы;35-44;6.7;0
1654;mobile;A;Регионы;18-24;8.1;0
1655;mobile;B;Санкт-Петербург;35-44;31.8;0
1656;tv;B;Регионы;25-34;25.3;0
1657;mobile;A;Регионы;18-24;5.1;0
1658;desktop;B;Санкт-Петербург;35-44;28.3;0
1659;mobile;A;Санкт-Петербург;18-24;8.5;1
1660;tv;A;Регионы;25-34;23.1;0
1661;mobile;A;Москва;45+;6.0;0
1662;mobile;B;Москва;25-34;12.1;1
1663;desktop;B;Регионы;18-24;14.5;0
1664;mobile;A;Регионы;25-34;17.4;0
1665;mobile;A;Регионы;25-34;11.9;0
1666;desktop;B;Регионы;35-44;359.4;0
1667;desktop;A;Регионы;35-44;11.1;0
1668;mobile;B;Регионы;18-24;33.6;0
1669;desktop;A;Регионы;25-34;17.3;0
1670;mobile;A;Москва;25-34;5.8;0
1671;mobile;A;Регионы;35-44;8.7;0
1672;desktop;B;Регионы;45+;18.7;0
1673;desktop;A;Москва;25-34;18.3;0
1674;mobile;A;Регионы;25-34;7.6;0
1675;desktop;B;Санкт-Петербург;35-44;16.4;0
1676;desktop;B;Санкт-Петербург;18-24;9.2;0
1677;mobile;B;Регионы;18-24;8.5;1
1678;tv;B;Регионы;45+;30.3;1
1679;mobile;A;Регионы;18-24;18.0;0
1680;desktop;B;Регионы;35-44;13.9;0
1681;desktop;A;Регионы;35-44;15.6;0
1682;desktop;A;Москва;18-24;9.2;0
1683;mobile;A;Регионы;35-44;13.5;1
1684;mobile;A;Регионы;35-44;4.5;0
1685;tv;B;Москва;25-34;16.3;0
1686;desktop;A;Москва;35-44;13.2;0
1687;desktop;A;Регионы;18-24;12.8;0
1688;mobile;A;Москва;25-34;5.6;0
1689;mobile;B;Москва;25-34;13.6;0
1690;desktop;B;Санкт-Петербург;45+;16.6;0
1691;mobile;B;Регионы;18-24;15.3;0
1692;mobile;B;Москва;35-44;9.7;0
1693;desktop;B;Регионы;25-34;29.8;0
1694;desktop;B;Регионы;35-44;13.8;0
1695;desktop;A;Москва;18-24;8.2;1
1696;desktop;A;Москва;18-24;12.2;0
1697;desktop;A;Москва;35-44;8.6;0
1698;mobile;A;Регионы;45+;8.0;0
1699;tv;A;Регионы;18-24;11.4;0
1700;desktop;B;Регионы;25-34;10.1;0
1701;mobile;A;Санкт-Петербург;18-24;10.9;1
1702;tv;B;Регионы;35-44;22.0;0
1703;tv;A;Санкт-Петербург;45+;20.8;0
1704;mobile;B;Регионы;45+;3.2;1
1705;mobile;B;Регионы;45+;15.6;0
1706;desktop;B;Москва;25-34;13.6;1
1707;mobile;B;Москва;25-34;26.3;0
1708;mobile;A;Москва;25-34;12.7;0
1709;desktop;A;Регионы;35-44;38.8;0
1710;tv;A;Регионы;18-24;30.8;0
1711;mobile;B;Москва;25-34;10.6;0
1712;mobile;B;Регионы;18-24;13.0;0
1713;tv;A;Регионы;35-44;24.2;0
1714;desktop;B;Санкт-Петербург;18-24;15.2;0
1715;mobile;A;Регионы;45+;14.2;0
1716;mobile;B;Москва;18-24;4.5;0
1717;desktop;A;Москва;35-44;14.2;0
1718;mobile;A;Москва;25-34;7.9;0
1719;mobile;A;Регионы;25-34;21.7;0
1720;mobile;B;Санкт-Петербург;45+;6.6;0
1721;desktop;A;Санкт-Петербург;35-44;5.7;0
1722;mobile;B;Санкт-Петербург;25-34;9.7;0
1723;mobile;B;Москва;18-24;17.8;0
1724;mobile;B;Санкт-Петербург;45+;10.1;0
1725;mobile;A;Регионы;35-44;12.9;0
1726;mobile;B;Санкт-Петербург;45+;15.0;1
1727;tv;A;Санкт-Петербург;18-24;10.8;0
1728;mobile;A;Регионы;25-34;7.6;0
1729;desktop;B;Москва;25-34;11.0;0
1730;mobile;B;Москва;45+;582.5;0
1731;mobile;A;Регионы;45+;2.7;0
1732;mobile;B;Санкт-Петербург;18-24;11.6;0
1733;mobile;B;Москва;18-24;17.6;0
1734;mobile;B;Регионы;25-34;33.8;0
1735;desktop;A;Регионы;18-24;5.2;0
1736;mobile;A;Регионы;35-44;2.1;0
1737;desktop;B;Регионы;18-24;12.6;1
1738;desktop;A;Регионы;35-44;14.3;0
1739;mobile;B;Регионы;25-34;2.7;0
1740;tv;B;Регионы;45+;23.6;0
1741;mobile;B;Москва;18-24;11.7;1
1742;desktop;A;Регионы;25-34;16.7;0
1743;mobile;B;Регионы;25-34;8.7;0
1744;mobile;A;Москва;25-34;15.8;0
1745;mobile;B;Москва;25-34;3.5;0
1746;mobile;A;Санкт-Петербург;18-24;11.2;1
1747;desktop;B;Регионы;45+;7.9;0
1748;mobile;B;Санкт-Петербург;18-24;13.0;0
1749;mobile;B;Регионы;25-34;9.6;0
1750;desktop;B;Москва;18-24;25.7;0
1751;desktop;B;Регионы;25-34;9.5;0
1752;desktop;B;Москва;18-24;6.6;0
1753;tv;A;Москва;18-24;10.6;0
1754;tv;B;Регионы;25-34;20.4;0
1755;mobile;A;Регионы;18-24;12.3;0
1756;mobile;A;Регионы;35-44;22.2;0
1757;mobile;A;Санкт-Петербург;35-44;12.2;0
1758;mobile;B;Регионы;35-44;18.3;0
1759;desktop;A;Регионы;35-44;18.0;0
1760;mobile;B;Регионы;25-34;8.2;0
1761;desktop;B;Регионы;35-44;10.8;0
1762;mobile;A;Регионы;35-44;14.4;0
1763;desktop;A;Регионы;35-44;5.8;0
1764;tv;B;Регионы;18-24;58.3;0
1765;mobile;A;Регионы;35-44;7.9;0
1766;mobile;B;Регионы;25-34;12.0;1
1767;tv;A;Москва;45+;9.3;0
1768;desktop;B;Регионы;25-34;45.8;0
1769;tv;B;Регионы;45+;16.4;0
1770;desktop;A;Москва;25-34;16.7;0
1771;tv;A;Москва;18-24;11.8;0
1772;mobile;A;Регионы;35-44;12.8;0
1773;desktop;A;Москва;35-44;13.0;0
1774;desktop;A;Регионы;25-34;20.2;0
1775;mobile;B;Москва;45+;3.4;0
1776;mobile;A;Санкт-Петербург;45+;13.5;0
1777;mobile;A;Москва;18-24;4.3;0
1778;mobile;B;Москва;45+;18.5;0
1779;desktop;B;Регионы;25-34;8.8;0
1780;desktop;B;Регионы;25-34;12.7;0
1781;mobile;B;Регионы;35-44;15.7;0
1782;desktop;B;Москва;18-24;12.2;0
1783;mobile;B;Регионы;25-34;15.1;0
1784;mobile;A;Регионы;18-24;6.9;0
1785;desktop;B;Регионы;18-24;12.7;0
1786;desktop;A;Санкт-Петербург;45+;7.9;0
1787;tv;B;Москва;18-24;61.5;0
1788;mobile;B;Санкт-Петербург;35-44;3.6;0
1789;mobile;A;Регионы;18-24;36.9;0
1790;mobile;B;Москва;35-44;32.5;0
1791;desktop;A;Москва;45+;10.8;0
1792;desktop;B;Москва;18-24;14.0;0
1793;mobile;B;Регионы;25-34;19.1;1
1794;tv;B;Регионы;25-34;40.1;0
1795;tv;A;Регионы;25-34;18.4;0
1796;desktop;B;Москва;18-24;70.1;0
1797;mobile;B;Москва;35-44;10.4;0
1798;mobile;B;Санкт-Петербург;25-34;6.5;1
1799;mobile;A;Санкт-Петербург;25-34;16.8;0
1800;desktop;B;Регионы;18-24;13.4;1
1801;mobile;B;Регионы;35-44;14.5;0
1802;tv;B;Регионы;35-44;26.0;0
1803;mobile;A;Москва;45+;6.3;0
1804;mobile;A;Регионы;18-24;15.1;0
1805;mobile;A;Москва;18-24;10.0;0
1806;mobile;A;Москва;35-44;6.8;0
1807;desktop;B;Москва;18-24;17.6;0
1808;mobile;B;Санкт-Петербург;25-34;15.4;0
1809;tv;A;Санкт-Петербург;35-44;34.7;0
1810;mobile;A;Регионы;25-34;5.6;0
1811;mobile;B;Регионы;35-44;9.6;0
1812;desktop;A;Москва;45+;7.2;1
1813;desktop;B;Регионы;25-34;8.2;0
1814;desktop;A;Регионы;35-44;9.3;0
1815;tv;B;Москва;45+;43.8;1
1816;mobile;A;Москва;25-34;10.6;0
1817;mobile;B;Регионы;25-34;12.7;0
1818;mobile;B;Регионы;25-34;12.9;0
1819;mobile;A;Санкт-Петербург;45+;17.2;0
1820;desktop;B;Регионы;45+;17.1;0
1821;desktop;B;Москва;25-34;31.1;0
1822;mobile;A;Регионы;25-34;16.1;0
1823;tv;B;Регионы;45+;39.6;0
1824;desktop;B;Регионы;35-44;37.5;0
1825;mobile;A;Москва;25-34;27.6;0
1826;mobile;A;Регионы;45+;10.2;0
1827;mobile;A;Москва;35-44;19.6;0
1828;desktop;A;Москва;18-24;6.9;0
1829;mobile;B;Регионы;25-34;5.5;0
1830;desktop;B;Регионы;35-44;11.2;0
1831;mobile;B;Москва;35-44;11.7;0
1832;desktop;B;Регионы;35-44;22.2;1
1833;mobile;B;Регионы;18-24;5.6;0
1834;desktop;B;Регионы;35-44;8.8;0
1835;desktop;A;Регионы;25-34;28.7;0
1836;desktop;A;Регионы;35-44;9.6;1
1837;desktop;B;Москва;35-44;27.2;0
1838;mobile;B;Москва;25-34;22.1;0
1839;mobile;B;Регионы;35-44;28.3;0
1840;mobile;B;Регионы;35-44;14.2;1
1841;mobile;B;Санкт-Петербург;35-44;9.2;0
1842;desktop;B;Регионы;25-34;18.7;0
1843;mobile;A;Москва;18-24;9.6;0
1844;desktop;A;Санкт-Петербург;25-34;5.2;0
1845;desktop;B;Регионы;18-24;11.7;0
1846;desktop;B;Москва;18-24;14.4;0
1847;mobile;A;Санкт-Петербург;18-24;13.3;0
1848;desktop;B;Регионы;25-34;19.7;1
1849;desktop;B;Москва;35-44;12.5;1
1850;mobile;B;Регионы;25-34;7.1;0
1851;mobile;A;Москва;45+;14.0;0
1852;mobile;B;Регионы;25-34;7.8;1
1853;mobile;B;Регионы;35-44;15.7;0
1854;mobile;A;Регионы;45+;7.9;0
1855;tv;A;Москва;25-34;83.3;0
1856;tv;A;Регионы;35-44;75.5;0
1857;mobile;B;Регионы;25-34;9.9;0
1858;mobile;A;Регионы;35-44;7.9;1
1859;mobile;A;Регионы;18-24;13.0;0
1860;mobile;B;Регионы;35-44;9.9;0
1861;mobile;A;Регионы;18-24;6.9;0
1862;tv;A;Москва;25-34;114.4;0
1863;desktop;A;Регионы;25-34;25.7;0
1864;desktop;B;Регионы;18-24;14.0;0
1865;tv;B;Москва;25-34;30.9;0
1866;mobile;A;Регионы;25-34;9.8;1
1867;mobile;A;Москва;45+;11.8;0
1868;mobile;A;Санкт-Петербург;45+;7.5;0
1869;desktop;A;Санкт-Петербург;25-34;14.0;0
1870;tv;A;Москва;45+;26.0;0
1871;mobile;B;Регионы;45+;17.3;0
1872;tv;B;Регионы;35-44;58.9;0
1873;desktop;A;Москва;35-44;10.8;1
1874;desktop;B;Москва;35-44;21.0;0
1875;mobile;B;Регионы;35-44;20.5;0
1876;mobile;A;Регионы;25-34;3.6;0
1877;mobile;B;Москва;35-44;12.6;0
1878;desktop;B;Санкт-Петербург;18-24;13.8;0
1879;mobile;A;Регионы;18-24;13.0;0
1880;mobile;A;Регионы;25-34;8.9;0
1881;desktop;A;Москва;35-44;9.9;0
1882;tv;B;Регионы;35-44;558.6;0
1883;mobile;A;Санкт-Петербург;45+;29.7;0
1884;mobile;A;Москва;25-34;25.0;1
1885;mobile;A;Регионы;35-44;6.2;0
1886;mobile;A;Регионы;35-44;8.8;0
1887;mobile;B;Санкт-Петербург;25-34;14.7;0
1888;desktop;A;Москва;25-34;5.9;0
1889;mobile;B;Санкт-Петербург;25-34;16.4;0
1890;desktop;A;Регионы;35-44;16.4;0
1891;mobile;B;Москва;45+;10.9;0
1892;mobile;A;Москва;18-24;6.2;0
1893;desktop;A;Регионы;18-24;12.8;0
1894;mobile;A;Москва;25-34;13.3;0
1895;mobile;A;Регионы;25-34;29.4;0
1896;desktop;B;Регионы;25-34;10.3;0
1897;desktop;A;Регионы;25-34;5.8;0
1898;mobile;B;Москва;35-44;8.3;0
1899;desktop;A;Регионы;25-34;15.5;0
1900;mobile;A;Регионы;35-44;10.5;0
1901;mobile;B;Регионы;45+;10.7;0
1902;mobile;A;Санкт-Петербург;45+;13.7;0
1903;mobile;A;Санкт-Петербург;25-34;13.5;0
1904;mobile;B;Москва;18-24;15.4;0
1905;mobile;B;Регионы;35-44;7.5;1
1906;desktop;A;Москва;18-24;10.4;0
1907;tv;A;Санкт-Петербург;35-44;16.4;1
1908;mobile;B;Регионы;45+;17.5;0
1909;mobile;A;Москва;18-24;11.1;0
1910;mobile;B;Москва;35-44;11.4;0
1911;desktop;B;Регионы;35-44;20.6;0
1912;mobile;B;Регионы;18-24;9.7;0
1913;mobile;B;Москва;25-34;6.9;0
1914;mobile;A;Санкт-Петербург;25-34;12.1;0
1915;desktop;B;Санкт-Петербург;25-34;22.6;0
1916;mobile;B;Москва;35-44;15.2;0
1917;tv;B;Регионы;35-44;49.0;0
1918;mobile;B;Санкт-Петербург;18-24;22.4;0
1919;desktop;B;Санкт-Петербург;18-24;15.1;0
1920;mobile;B;Москва;25-34;7.0;0
1921;mobile;A;Регионы;35-44;13.6;0
1922;tv;A;Санкт-Петербург;25-34;6.3;0
1923;mobile;A;Регионы;25-34;17.5;0
1924;mobile;B;Москва;25-34;6.0;0
1925;mobile;A;Регионы;25-34;9.2;0
1926;mobile;A;Санкт-Петербург;35-44;13.4;0
1927;desktop;B;Регионы;35-44;16.8;0
1928;mobile;A;Регионы;35-44;11.3;0
1929;mobile;B;Москва;18-24;7.1;0
1930;mobile;B;Регионы;18-24;6.4;0
1931;mobile;B;Регионы;45+;7.5;0
1932;mobile;A;Регионы;45+;12.0;0
1933;mobile;A;Регионы;25-34;12.6;0
1934;mobile;B;Регионы;35-44;11.9;0
1935;desktop;B;Регионы;25-34;18.4;0
1936;mobile;B;Регионы;25-34;6.5;0
1937;tv;B;Регионы;35-44;23.4;0
1938;desktop;A;Регионы;18-24;19.4;0
1939;tv;A;Москва;25-34;28.1;0
1940;mobile;B;Санкт-Петербург;25-34;8.4;0
1941;mobile;A;Москва;25-34;5.1;0
1942;desktop;B;Москва;35-44;16.2;0
1943;mobile;A;Регионы;35-44;11.8;0
1944;desktop;A;Регионы;35-44;29.1;0
1945;desktop;B;Москва;18-24;63.0;0
1946;mobile;A;Москва;45+;19.4;0
1947;mobile;A;Регионы;35-44;2.8;0
1948;desktop;B;Регионы;35-44;23.0;0
1949;mobile;B;Регионы;45+;10.9;0
1950;mobile;A;Санкт-Петербург;25-34;6.6;0
1951;desktop;A;Санкт-Петербург;25-34;5.5;0
1952;mobile;B;Регионы;35-44;12.2;0
1953;mobile;A;Регионы;45+;10.2;1
1954;mobile;A;Санкт-Петербург;45+;10.2;0
1955;mobile;B;Санкт-Петербург;18-24;13.6;0
1956;tv;A;Регионы;35-44;33.3;0
1957;desktop;A;Москва;25-34;8.0;0
1958;mobile;B;Москва;18-24;14.2;0
1959;mobile;A;Санкт-Петербург;45+;6.9;0
1960;mobile;B;Санкт-Петербург;18-24;14.5;0
1961;desktop;B;Регионы;25-34;14.1;0
1962;tv;A;Москва;25-34;41.8;0
1963;tv;B;Регионы;35-44;55.4;1
1964;desktop;A;Регионы;18-24;18.4;0
1965;desktop;A;Регионы;25-34;32.3;0
1966;desktop;B;Регионы;18-24;24.0;1
1967;tv;A;Регионы;18-24;7.2;0
1968;mobile;A;Регионы;18-24;18.8;0
1969;tv;B;Регионы;18-24;30.2;0
1970;tv;A;Москва;35-44;11.8;0
1971;desktop;B;Регионы;45+;29.4;0
1972;desktop;B;Санкт-Петербург;35-44;10.6;0
1973;tv;B;Регионы;45+;57.2;0
1974;mobile;A;Регионы;25-34;12.0;1
1975;mobile;B;Санкт-Петербург;25-34;13.4;0
1976;tv;B;Регионы;25-34;14.7;0
1977;tv;B;Регионы;45+;18.8;0
1978;mobile;B;Москва;18-24;310.2;0
1979;mobile;B;Санкт-Петербург;45+;10.7;0
1980;desktop;B;Регионы;25-34;10.8;1
1981;mobile;B;Регионы;25-34;7.6;0
1982;mobile;B;Регионы;25-34;18.1;0
1983;tv;B;Москва;25-34;14.2;0
1984;tv;A;Регионы;25-34;16.1;0
1985;mobile;A;Регионы;25-34;8.3;0
1986;desktop;A;Москва;25-34;12.4;0
1987;tv;B;Регионы;25-34;20.3;0
1988;tv;B;Москва;25-34;26.5;1
1989;desktop;A;Регионы;45+;6.4;0
1990;tv;A;Регионы;45+;21.1;0
1991;mobile;A;Регионы;35-44;7.7;0
1992;mobile;B;Регионы;35-44;10.9;0
1993;mobile;A;Москва;25-34;11.3;0
1994;mobile;A;Москва;35-44;8.7;0
1995;desktop;A;Регионы;25-34;9.2;0
1996;desktop;B;Санкт-Петербург;18-24;22.6;0
1997;mobile;B;Регионы;35-44;4.6;1
1998;tv;B;Регионы;25-34;27.5;0
1999;desktop;B;Москва;45+;13.8;0
2000;tv;A;Санкт-Петербург;18-24;39.5;0
2001;mobile;A;Регионы;25-34;10.3;0
2002;desktop;A;Москва;18-24;17.5;0
2003;mobile;B;Регионы;35-44;4.6;1
2004;mobile;B;Регионы;35-44;6.9;0
2005;desktop;B;Санкт-Петербург;18-24;9.3;1
2006;mobile;A;Санкт-Петербург;18-24;30.3;1
2007;desktop;A;Москва;45+;14.0;0
2008;mobile;B;Регионы;35-44;12.7;0
2009;desktop;B;Москва;45+;14.7;0
2010;tv;B;Москва;25-34;9.9;0
2011;mobile;B;Регионы;25-34;12.5;0
2012;desktop;A;Москва;45+;13.5;0
2013;mobile;B;Регионы;35-44;13.7;0
2014;mobile;B;Москва;25-34;2.8;0
2015;desktop;B;Регионы;25-34;11.6;1
2016;tv;B;Москва;35-44;23.0;0
2017;desktop;A;Регионы;35-44;11.0;0
2018;tv;A;Москва;25-34;13.7;0
2019;desktop;B;Москва;45+;23.4;0
2020;desktop;A;Регионы;25-34;37.2;0
2021;tv;B;Санкт-Петербург;45+;271.4;1
2022;mobile;B;Регионы;18-24;17.8;0
2023;mobile;A;Регионы;35-44;4.5;0
2024;desktop;A;Регионы;25-34;12.0;0
2025;tv;A;Москва;35-44;60.9;0
2026;tv;A;Москва;18-24;46.7;0
2027;mobile;B;Регионы;35-44;448.9;0
2028;desktop;A;Регионы;25-34;18.9;1
2029;mobile;B;Москва;45+;6.3;0
2030;desktop;A;Регионы;35-44;21.8;0
2031;mobile;A;Регионы;25-34;2.8;0
2032;desktop;B;Москва;18-24;10.2;0
2033;desktop;A;Регионы;25-34;13.8;0
2034;mobile;A;Москва;25-34;17.2;0
2035;mobile;A;Регионы;25-34;7.5;0
2036;tv;B;Москва;25-34;54.6;0
2037;mobile;B;Регионы;18-24;27.0;0
2038;tv;B;Москва;25-34;90.9;0
2039;mobile;A;Регионы;45+;14.3;1
2040;mobile;B;Регионы;25-34;10.1;0
2041;mobile;A;Санкт-Петербург;35-44;9.5;0
2042;desktop;B;Регионы;35-44;11.4;0
2043;desktop;B;Регионы;35-44;40.3;0
2044;desktop;A;Москва;25-34;4.9;0
2045;mobile;A;Санкт-Петербург;25-34;7.1;1
2046;desktop;B;Регионы;25-34;47.4;0
2047;desktop;B;Санкт-Петербург;35-44;18.4;0
2048;mobile;A;Регионы;25-34;9.0;1
2049;desktop;B;Москва;25-34;7.8;0
2050;mobile;A;Санкт-Петербург;25-34;19.8;0
2051;tv;A;Регионы;25-34;21.4;0
2052;tv;A;Москва;25-34;10.2;0
2053;desktop;A;Регионы;18-24;13.9;0
2054;mobile;A;Москва;45+;15.9;0
2055;desktop;B;Москва;35-44;5.4;0
2056;desktop;A;Москва;25-34;7.1;0
2057;desktop;A;Москва;25-34;15.6;1
2058;mobile;B;Регионы;25-34;9.9;0
2059;mobile;B;Москва;45+;15.6;0
2060;mobile;B;Регионы;18-24;10.0;0
2061;mobile;A;Регионы;25-34;12.0;0
2062;mobile;B;Санкт-Петербург;25-34;6.7;0
2063;mobile;A;Москва;25-34;25.6;0
2064;tv;B;Москва;25-34;29.7;0
2065;tv;B;Санкт-Петербург;35-44;40.0;0
2066;desktop;B;Регионы;18-24;6.4;0
2067;mobile;B;Регионы;18-24;6.4;0
2068;desktop;A;Регионы;25-34;7.5;0
2069;mobile;B;Регионы;25-34;8.8;0
2070;desktop;A;Москва;25-34;9.7;0
2071;mobile;B;Регионы;18-24;6.1;0
2072;mobile;B;Регионы;18-24;27.4;0
2073;mobile;B;Регионы;25-34;14.7;0
2074;desktop;B;Регионы;45+;22.1;0
2075;tv;B;Регионы;25-34;32.5;0
2076;mobile;B;Регионы;25-34;30.8;0
2077;desktop;A;Регионы;45+;6.6;0
2078;desktop;A;Москва;45+;29.3;0
2079;mobile;A;Санкт-Петербург;18-24;22.0;0
2080;mobile;A;Регионы;18-24;4.9;0
2081;desktop;A;Москва;18-24;26.9;0
2082;tv;A;Санкт-Петербург;18-24;8.5;1
2083;desktop;B;Регионы;18-24;19.2;0
2084;desktop;A;Регионы;25-34;12.3;0
2085;tv;A;Регионы;35-44;16.9;1
2086;desktop;A;Регионы;18-24;21.9;0
2087;desktop;B;Регионы;25-34;18.7;0
2088;mobile;B;Москва;35-44;13.8;0
2089;mobile;B;Регионы;35-44;10.4;0
2090;desktop;A;Регионы;18-24;41.4;0
2091;desktop;A;Москва;35-44;12.6;0
2092;desktop;B;Регионы;25-34;9.8;0
2093;desktop;B;Регионы;18-24;4.0;1
2094;tv;B;Москва;35-44;46.6;0
2095;desktop;A;Москва;45+;45.5;0
2096;mobile;B;Регионы;25-34;19.4;0
2097;mobile;B;Санкт-Петербург;35-44;5.1;0
2098;tv;A;Регионы;35-44;11.6;0
2099;mobile;B;Санкт-Петербург;45+;9.2;0
2100;mobile;B;Москва;35-44;4.8;0
2101;desktop;A;Москва;25-34;10.6;0
2102;desktop;B;Регионы;25-34;41.3;0
2103;mobile;B;Москва;25-34;2.2;0
2104;mobile;A;Регионы;45+;18.1;0
2105;mobile;B;Регионы;25-34;6.5;0
2106;desktop;A;Москва;35-44;19.1;0
2107;desktop;B;Москва;35-44;29.0;0
2108;mobile;B;Регионы;25-34;23.4;0
2109;mobile;B;Санкт-Петербург;25-34;3.1;0
2110;desktop;B;Санкт-Петербург;25-34;61.0;1
2111;mobile;B;Санкт-Петербург;18-24;8.5;0
2112;mobile;A;Регионы;18-24;8.5;0
2113;mobile;A;Регионы;45+;15.7;0
2114;tv;A;Санкт-Петербург;25-34;22.4;0
2115;desktop;A;Санкт-Петербург;35-44;14.5;0
2116;tv;A;Регионы;35-44;29.9;0
2117;desktop;B;Москва;18-24;12.0;0
2118;mobile;B;Москва;18-24;11.8;0
2119;desktop;A;Регионы;18-24;29.6;0
2120;desktop;A;Регионы;18-24;18.4;0
2121;desktop;B;Москва;25-34;12.3;0
2122;mobile;B;Регионы;25-34;9.8;0
2123;desktop;A;Санкт-Петербург;25-34;9.8;0
2124;desktop;A;Регионы;25-34;6.0;0
2125;desktop;A;Регионы;35-44;30.1;0
2126;mobile;A;Москва;18-24;18.1;0
2127;tv;B;Санкт-Петербург;25-34;20.1;0
2128;mobile;B;Москва;25-34;12.7;0
2129;mobile;B;Регионы;45+;30.7;0
2130;desktop;A;Регионы;25-34;9.0;0
2131;mobile;B;Москва;25-34;23.4;0
2132;mobile;A;Регионы;18-24;5.4;0
2133;desktop;B;Москва;25-34;11.1;0
2134;desktop;B;Санкт-Петербург;45+;14.2;1
2135;mobile;B;Регионы;18-24;15.6;0
2136;desktop;A;Регионы;45+;6.0;0
2137;mobile;A;Регионы;25-34;7.7;1
2138;mobile;B;Регионы;25-34;12.8;0
2139;mobile;B;Регионы;25-34;6.6;0
2140;mobile;B;Санкт-Петербург;18-24;8.3;1
2141;mobile;A;Москва;45+;14.6;0
2142;mobile;A;Регионы;35-44;9.7;0
2143;tv;B;Регионы;35-44;319.7;0
2144;mobile;B;Санкт-Петербург;18-24;19.2;0
2145;mobile;B;Регионы;25-34;6.8;1
2146;desktop;A;Регионы;45+;19.1;0
2147;mobile;B;Санкт-Петербург;18-24;23.9;0
2148;mobile;A;Санкт-Петербург;45+;18.4;0
2149;mobile;A;Регионы;25-34;11.2;0
2150;mobile;B;Москва;25-34;35.8;0
2151;desktop;A;Регионы;25-34;4.4;0
2152;mobile;A;Регионы;35-44;5.4;0
2153;mobile;A;Регионы;18-24;8.1;0
2154;tv;B;Регионы;25-34;32.2;0
2155;tv;A;Регионы;45+;11.7;0
2156;mobile;A;Москва;35-44;25.5;0
2157;tv;B;Регионы;25-34;10.4;0
2158;mobile;B;Москва;35-44;27.9;0
2159;desktop;B;Регионы;45+;12.7;0
2160;desktop;A;Санкт-Петербург;25-34;12.2;1
2161;desktop;B;Регионы;25-34;11.7;0
2162;desktop;A;Санкт-Петербург;18-24;61.8;0
2163;desktop;B;Регионы;45+;19.1;0
2164;desktop;A;Москва;18-24;4.8;0
2165;tv;A;Регионы;35-44;46.2;0
2166;mobile;B;Москва;25-34;6.0;1
2167;mobile;B;Санкт-Петербург;45+;16.2;0
2168;mobile;B;Регионы;25-34;30.1;0
2169;mobile;A;Регионы;35-44;5.3;0
2170;mobile;A;Москва;25-34;10.6;0
2171;tv;B;Регионы;25-34;67.3;0
2172;desktop;A;Регионы;45+;23.0;0
2173;desktop;A;Москва;18-24;19.8;0
2174;mobile;B;Санкт-Петербург;25-34;10.2;0
2175;mobile;A;Санкт-Петербург;25-34;9.7;0
2176;tv;B;Регионы;25-34;43.0;0
2177;mobile;A;Регионы;25-34;7.0;0
2178;mobile;A;Регионы;25-34;13.4;0
2179;tv;A;Москва;25-34;27.4;0
2180;mobile;B;Москва;25-34;7.3;1
2181;desktop;A;Регионы;45+;23.2;0
2182;mobile;B;Москва;25-34;11.3;0
2183;mobile;B;Регионы;25-34;21.4;0
2184;tv;B;Санкт-Петербург;35-44;10.8;1
2185;desktop;A;Регионы;25-34;7.5;0
2186;desktop;A;Регионы;45+;21.4;0
2187;mobile;A;Регионы;25-34;9.9;0
2188;tv;B;Москва;25-34;24.2;1
2189;mobile;A;Регионы;25-34;8.6;0
2190;mobile;B;Регионы;25-34;11.0;0
2191;mobile;B;Москва;18-24;311.3;0
2192;desktop;B;Москва;25-34;14.8;0
2193;tv;B;Регионы;18-24;26.7;0
2194;desktop;A;Регионы;35-44;8.4;0
2195;mobile;B;Регионы;18-24;9.2;0
2196;desktop;A;Москва;18-24;5.3;1
2197;mobile;A;Москва;35-44;12.9;0
2198;desktop;A;Москва;18-24;8.3;0
2199;mobile;A;Регионы;18-24;13.5;0
2200;mobile;B;Регионы;25-34;13.7;0
2201;tv;A;Регионы;35-44;16.4;0
2202;desktop;B;Регионы;35-44;12.8;0
2203;desktop;B;Санкт-Петербург;25-34;11.4;0
2204;mobile;A;Санкт-Петербург;18-24;9.7;0
2205;desktop;A;Санкт-Петербург;18-24;4.6;0
2206;desktop;B;Москва;25-34;29.3;0
2207;mobile;B;Регионы;18-24;12.7;0
2208;mobile;B;Москва;25-34;14.6;0
2209;mobile;A;Санкт-Петербург;25-34;8.1;0
2210;mobile;B;Москва;35-44;19.2;0
2211;desktop;A;Москва;35-44;11.6;0
2212;mobile;B;Регионы;45+;26.2;0
2213;tv;A;Москва;25-34;14.2;0
2214;mobile;A;Москва;35-44;11.3;0
2215;desktop;B;Регионы;45+;9.3;1
2216;tv;B;Москва;35-44;10.0;0
2217;mobile;A;Регионы;25-34;27.2;0
2218;desktop;A;Санкт-Петербург;18-24;14.6;0
2219;mobile;B;Санкт-Петербург;18-24;12.1;0
2220;mobile;A;Регионы;35-44;11.9;0
2221;mobile;A;Регионы;35-44;8.9;0
2222;tv;B;Регионы;25-34;11.8;0
2223;desktop;B;Санкт-Петербург;25-34;18.4;0
2224;desktop;A;Москва;35-44;5.9;0
2225;desktop;A;Регионы;45+;4.6;0
2226;mobile;A;Москва;18-24;21.0;0
2227;tv;A;Регионы;45+;16.6;0
2228;mobile;A;Регионы;25-34;5.9;0
2229;mobile;B;Москва;35-44;23.5;0
2230;desktop;A;Регионы;35-44;6.9;0
2231;tv;A;Регионы;25-34;400.1;0
2232;desktop;A;Санкт-Петербург;25-34;8.8;0
2233;mobile;A;Регионы;25-34;4.5;0
2234;mobile;B;Регионы;35-44;10.0;0
2235;desktop;A;Санкт-Петербург;45+;19.1;0
2236;desktop;A;Санкт-Петербург;35-44;7.5;1
2237;tv;B;Регионы;45+;47.0;0
2238;mobile;A;Москва;18-24;8.1;0
2239;mobile;B;Регионы;35-44;28.8;0
2240;desktop;B;Москва;18-24;26.3;0
2241;mobile;A;Регионы;25-34;7.1;0
2242;tv;B;Санкт-Петербург;35-44;24.1;1
2243;tv;B;Москва;25-34;13.9;0
2244;tv;A;Москва;25-34;34.7;0
2245;mobile;B;Регионы;18-24;12.2;1
2246;desktop;B;Санкт-Петербург;35-44;13.7;0
2247;tv;B;Санкт-Петербург;25-34;16.3;0
2248;mobile;A;Санкт-Петербург;18-24;14.6;1
2249;desktop;A;Москва;25-34;4.0;0
2250;mobile;A;Санкт-Петербург;25-34;3.1;1
2251;mobile;B;Москва;25-34;6.3;0
2252;desktop;A;Санкт-Петербург;45+;17.1;0
2253;mobile;A;Регионы;35-44;3.1;0
2254;desktop;B;Москва;35-44;47.8;0
2255;mobile;B;Регионы;35-44;23.1;0
2256;desktop;A;Регионы;18-24;9.6;0
2257;mobile;B;Регионы;18-24;22.8;0
2258;desktop;B;Москва;25-34;14.5;0
2259;mobile;B;Регионы;35-44;17.0;0
2260;tv;B;Москва;25-34;64.4;0
2261;mobile;B;Регионы;25-34;26.0;0
2262;tv;B;Регионы;18-24;78.0;0
2263;mobile;B;Регионы;25-34;13.4;0
2264;mobile;A;Регионы;18-24;19.2;0
2265;desktop;B;Регионы;25-34;12.4;0
2266;desktop;B;Москва;25-34;12.5;1
2267;mobile;A;Москва;18-24;16.6;0
2268;desktop;A;Москва;18-24;7.6;0
2269;mobile;B;Регионы;25-34;6.8;0
2270;mobile;B;Москва;35-44;12.9;0
2271;mobile;B;Москва;45+;11.0;1
2272;mobile;B;Санкт-Петербург;25-34;12.0;0
2273;desktop;B;Москва;35-44;11.0;0
2274;tv;B;Регионы;35-44;49.7;0
2275;mobile;A;Москва;35-44;38.9;1
2276;desktop;A;Москва;45+;29.7;0
2277;desktop;B;Регионы;35-44;19.9;0
2278;desktop;B;Санкт-Петербург;18-24;23.1;0
2279;desktop;A;Регионы;18-24;6.8;0
2280;mobile;A;Регионы;25-34;15.5;0
2281;tv;B;Регионы;25-34;40.7;0
2282;mobile;B;Москва;25-34;14.3;0
2283;mobile;A;Санкт-Петербург;25-34;5.3;0
2284;mobile;A;Регионы;18-24;4.6;0
2285;mobile;B;Москва;35-44;10.0;0
2286;desktop;A;Регионы;35-44;10.6;0
2287;mobile;A;Санкт-Петербург;35-44;416.9;0
2288;mobile;A;Регионы;25-34;7.3;0
2289;mobile;B;Регионы;25-34;26.1;0
2290;mobile;A;Москва;25-34;8.4;0
2291;desktop;A;Москва;35-44;269.6;0
2292;desktop;A;Регионы;45+;17.7;0
2293;desktop;A;Регионы;25-34;32.1;0
2294;mobile;A;Регионы;18-24;6.9;0
2295;tv;A;Санкт-Петербург;25-34;45.9;0
2296;tv;A;Москва;35-44;45.6;0
2297;tv;A;Регионы;35-44;46.4;0
2298;mobile;A;Регионы;25-34;26.9;0
2299;desktop;A;Санкт-Петербург;35-44;7.4;0
2300;tv;B;Регионы;18-24;26.9;0
2301;desktop;B;Москва;25-34;11.3;0
2302;mobile;B;Регионы;45+;12.5;0
2303;mobile;B;Регионы;25-34;3.8;0
2304;desktop;B;Москва;18-24;8.0;0
2305;mobile;A;Регионы;18-24;22.7;0
2306;mobile;B;Санкт-Петербург;25-34;15.3;0
2307;tv;A;Москва;25-34;30.3;0
2308;mobile;B;Регионы;18-24;10.3;0
2309;mobile;B;Санкт-Петербург;18-24;18.1;0
2310;mobile;B;Регионы;18-24;29.1;0
2311;desktop;B;Москва;18-24;10.9;0
2312;mobile;B;Регионы;45+;5.7;0
2313;mobile;A;Москва;25-34;14.1;0
2314;desktop;B;Москва;35-44;5.9;0
2315;mobile;A;Москва;25-34;7.1;0
2316;mobile;A;Москва;45+;26.1;0
2317;mobile;A;Москва;25-34;9.0;0
2318;mobile;B;Регионы;25-34;13.2;0
2319;tv;B;Санкт-Петербург;35-44;39.1;0
2320;mobile;A;Регионы;25-34;8.4;1
2321;mobile;A;Москва;45+;5.9;0
2322;mobile;A;Регионы;25-34;4.3;0
2323;tv;B;Регионы;35-44;27.5;0
2324;desktop;B;Москва;25-34;6.0;1
2325;mobile;B;Регионы;35-44;13.6;0
2326;mobile;B;Санкт-Петербург;35-44;43.7;1
2327;desktop;B;Москва;25-34;37.7;1
2328;tv;B;Регионы;18-24;45.6;0
2329;mobile;A;Москва;18-24;7.5;1
2330;mobile;B;Санкт-Петербург;18-24;7.3;0
2331;mobile;B;Санкт-Петербург;18-24;9.3;0
2332;desktop;B;Регионы;18-24;32.1;0
2333;mobile;A;Москва;25-34;3.3;0
2334;desktop;A;Регионы;35-44;8.4;0
2335;mobile;A;Санкт-Петербург;25-34;10.2;0
2336;tv;B;Санкт-Петербург;18-24;33.7;0
2337;desktop;B;Москва;25-34;11.9;0
2338;mobile;B;Санкт-Петербург;25-34;13.5;0
2339;tv;B;Москва;45+;40.3;0
2340;desktop;B;Регионы;18-24;12.4;0
2341;desktop;B;Регионы;25-34;32.8;0
2342;mobile;B;Санкт-Петербург;25-34;8.1;1
2343;mobile;B;Москва;35-44;23.3;0
2344;desktop;A;Регионы;18-24;17.4;0
2345;mobile;B;Москва;35-44;31.4;0
2346;desktop;A;Регионы;18-24;10.3;0
2347;mobile;A;Москва;18-24;16.2;0
2348;tv;A;Санкт-Петербург;25-34;62.6;0
2349;desktop;A;Регионы;35-44;16.6;0
2350;tv;A;Регионы;25-34;34.8;0
2351;desktop;B;Регионы;18-24;9.1;0
2352;desktop;A;Регионы;18-24;6.3;0
2353;desktop;A;Регионы;18-24;7.2;0
2354;tv;A;Регионы;35-44;19.9;0
2355;mobile;B;Регионы;25-34;9.8;0
2356;desktop;A;Регионы;25-34;9.7;0
2357;desktop;B;Санкт-Петербург;18-24;11.2;0
2358;desktop;B;Регионы;25-34;11.8;0
2359;desktop;A;Санкт-Петербург;35-44;21.3;0
2360;mobile;B;Регионы;18-24;7.9;0
2361;desktop;B;Регионы;25-34;15.9;0
2362;mobile;B;Санкт-Петербург;45+;24.1;0
2363;mobile;B;Регионы;35-44;13.4;0
2364;desktop;B;Регионы;35-44;12.2;0
2365;tv;B;Санкт-Петербург;35-44;13.7;0
2366;mobile;B;Санкт-Петербург;35-44;21.9;0
2367;desktop;B;Санкт-Петербург;35-44;41.8;0
2368;mobile;B;Регионы;25-34;19.4;0
2369;mobile;B;Регионы;25-34;21.0;0
2370;desktop;A;Регионы;18-24;499.4;1
2371;mobile;A;Санкт-Петербург;35-44;3.7;0
2372;desktop;A;Регионы;25-34;6.6;0
2373;tv;A;Регионы;18-24;13.5;0
2374;mobile;A;Москва;18-24;8.0;0
2375;mobile;B;Москва;18-24;10.2;1
2376;mobile;A;Регионы;18-24;4.4;0
2377;mobile;A;Санкт-Петербург;18-24;7.8;0
2378;desktop;A;Санкт-Петербург;45+;8.3;0
2379;mobile;B;Регионы;25-34;22.7;0
2380;desktop;A;Москва;45+;10.6;0
2381;mobile;B;Регионы;25-34;37.4;0
2382;mobile;A;Регионы;45+;483.6;0
2383;desktop;B;Москва;25-34;19.0;0
2384;mobile;B;Регионы;35-44;2.8;1
2385;desktop;A;Регионы;25-34;11.4;0
2386;mobile;B;Москва;18-24;21.5;0
2387;mobile;A;Москва;18-24;12.2;0
2388;tv;B;Регионы;18-24;404.1;0
2389;desktop;A;Регионы;25-34;21.3;0
2390;mobile;B;Санкт-Петербург;35-44;23.9;0
2391;desktop;A;Москва;35-44;10.4;1
2392;mobile;B;Москва;35-44;6.7;0
2393;mobile;A;Регионы;18-24;14.4;0
2394;mobile;B;Регионы;45+;17.9;1
2395;desktop;B;Москва;35-44;14.4;0
2396;mobile;A;Регионы;25-34;10.8;0
2397;mobile;B;Москва;18-24;10.7;0
2398;tv;B;Санкт-Петербург;18-24;20.7;0
2399;desktop;B;Москва;18-24;12.2;1
2400;mobile;A;Регионы;25-34;3.7;0
2401;tv;A;Регионы;35-44;16.2;0
2402;mobile;B;Регионы;35-44;7.9;1
2403;mobile;A;Санкт-Петербург;18-24;15.2;0
2404;tv;B;Санкт-Петербург;18-24;23.9;0
2405;mobile;B;Санкт-Петербург;18-24;15.5;0
2406;desktop;A;Регионы;35-44;12.8;0
2407;mobile;B;Москва;25-34;13.8;0
2408;mobile;A;Регионы;45+;18.0;0
2409;desktop;A;Москва;45+;23.1;1
2410;tv;A;Санкт-Петербург;35-44;11.5;0
2411;mobile;A;Регионы;45+;9.3;0
2412;tv;B;Регионы;25-34;29.1;0
2413;desktop;B;Регионы;35-44;31.9;0
2414;desktop;A;Москва;45+;23.5;0
2415;desktop;A;Регионы;45+;9.8;0
2416;mobile;B;Регионы;35-44;24.9;0
2417;mobile;A;Регионы;25-34;11.4;0
2418;mobile;B;Регионы;25-34;5.0;0
2419;desktop;B;Регионы;18-24;317.3;0
2420;tv;A;Москва;35-44;10.3;0
2421;tv;A;Регионы;35-44;42.6;1
2422;desktop;A;Регионы;35-44;12.6;0
2423;tv;A;Регионы;35-44;8.8;0
2424;desktop;A;Москва;45+;10.8;1
2425;mobile;A;Москва;18-24;11.2;0
2426;mobile;A;Регионы;35-44;13.5;0
2427;tv;B;Санкт-Петербург;35-44;33.5;0
2428;mobile;A;Москва;45+;11.6;0
2429;mobile;A;Регионы;45+;17.7;0
2430;mobile;A;Москва;35-44;8.1;1
2431;mobile;A;Москва;25-34;10.9;1
2432;desktop;B;Регионы;25-34;5.9;0
2433;tv;B;Регионы;18-24;32.3;0
2434;mobile;A;Регионы;25-34;8.8;0
2435;mobile;A;Регионы;18-24;17.7;0
2436;mobile;B;Регионы;18-24;21.7;0
2437;desktop;B;Москва;35-44;10.6;0
2438;mobile;B;Регионы;45+;43.4;0
2439;tv;B;Регионы;45+;51.3;0
2440;mobile;B;Регионы;35-44;7.9;0
2441;desktop;B;Санкт-Петербург;18-24;13.0;0
2442;mobile;B;Москва;25-34;10.5;1
2443;mobile;A;Регионы;18-24;7.3;0
2444;desktop;B;Регионы;45+;18.6;1
2445;mobile;B;Регионы;45+;12.1;0
2446;mobile;B;Москва;25-34;5.7;0
2447;mobile;A;Регионы;25-34;595.2;0
2448;desktop;B;Санкт-Петербург;18-24;10.1;0
2449;mobile;B;Регионы;45+;6.3;0
2450;mobile;B;Регионы;35-44;18.2;0
2451;mobile;A;Санкт-Петербург;25-34;21.7;0
2452;tv;B;Москва;25-34;13.9;0
2453;mobile;A;Регионы;25-34;8.4;1
2454;mobile;A;Санкт-Петербург;25-34;27.1;0
2455;mobile;A;Регионы;35-44;23.8;0
2456;tv;B;Регионы;25-34;46.0;1
2457;mobile;A;Регионы;45+;3.1;0
2458;tv;A;Регионы;35-44;16.6;0
2459;desktop;B;Регионы;18-24;19.0;0
2460;desktop;A;Регионы;25-34;29.1;0
2461;desktop;A;Москва;35-44;5.2;0
2462;mobile;A;Регионы;35-44;5.3;0
2463;tv;B;Москва;18-24;13.3;0
2464;mobile;B;Регионы;18-24;4.7;1
2465;desktop;B;Регионы;18-24;6.0;0
2466;desktop;B;Москва;45+;30.0;0
2467;tv;B;Регионы;25-34;17.9;0
2468;mobile;B;Москва;45+;6.6;0
2469;desktop;A;Санкт-Петербург;45+;10.9;0
2470;mobile;A;Москва;35-44;7.9;0
2471;desktop;A;Регионы;25-34;72.5;0
2472;tv;A;Санкт-Петербург;18-24;30.0;0
2473;tv;B;Санкт-Петербург;35-44;20.4;0
2474;mobile;A;Регионы;35-44;11.5;0
2475;mobile;A;Санкт-Петербург;45+;16.7;0
2476;mobile;B;Москва;18-24;17.3;0
2477;desktop;A;Москва;25-34;6.0;1
2478;mobile;B;Москва;25-34;9.5;0
2479;mobile;B;Регионы;25-34;14.8;0
2480;tv;B;Москва;45+;11.5;0
2481;desktop;B;Москва;25-34;17.0;0
2482;desktop;A;Регионы;18-24;3.9;0
2483;tv;B;Москва;18-24;30.7;0
2484;mobile;A;Регионы;45+;7.3;0
2485;desktop;B;Москва;35-44;14.8;0
2486;desktop;A;Москва;18-24;4.8;0
2487;mobile;B;Санкт-Петербург;18-24;13.5;0
2488;mobile;B;Санкт-Петербург;35-44;27.2;0
2489;tv;A;Регионы;18-24;36.4;0
2490;desktop;A;Санкт-Петербург;35-44;15.6;0
2491;mobile;B;Санкт-Петербург;25-34;19.6;0
2492;mobile;B;Регионы;18-24;17.5;0
2493;tv;B;Санкт-Петербург;25-34;27.2;0
2494;desktop;B;Санкт-Петербург;35-44;18.9;1
2495;desktop;B;Москва;18-24;10.4;0
2496;mobile;B;Регионы;35-44;15.2;1
2497;desktop;B;Москва;45+;16.8;1
2498;mobile;B;Регионы;18-24;15.5;1
2499;desktop;A;Регионы;35-44;11.2;0
2500;mobile;B;Регионы;35-44;15.5;0
2501;mobile;B;Москва;25-34;10.4;0
2502;desktop;A;Москва;25-34;13.1;0
2503;mobile;A;Санкт-Петербург;18-24;5.2;0
2504;desktop;A;Регионы;18-24;5.0;0
2505;desktop;B;Регионы;25-34;30.6;1
2506;tv;A;Регионы;18-24;25.7;0
2507;mobile;B;Регионы;35-44;12.1;0
2508;mobile;A;Санкт-Петербург;45+;6.8;0
2509;tv;A;Москва;35-44;31.9;0
2510;desktop;B;Санкт-Петербург;35-44;11.2;0
2511;desktop;A;Регионы;25-34;24.3;1
2512;desktop;A;Москва;45+;9.3;0
2513;mobile;B;Москва;25-34;15.7;0
2514;mobile;A;Москва;45+;45.2;0
2515;mobile;A;Регионы;25-34;24.2;0
2516;mobile;A;Москва;18-24;3.5;0
2517;mobile;A;Регионы;35-44;5.6;0
2518;mobile;A;Регионы;25-34;3.8;0
2519;mobile;A;Регионы;25-34;22.4;0
2520;mobile;B;Москва;35-44;10.0;0
2521;desktop;A;Санкт-Петербург;18-24;8.4;1
2522;mobile;B;Регионы;18-24;23.2;0
2523;mobile;A;Регионы;25-34;586.3;0
2524;desktop;A;Москва;25-34;14.5;0
2525;tv;A;Санкт-Петербург;35-44;27.1;0
2526;mobile;A;Регионы;45+;6.0;0
2527;desktop;B;Регионы;45+;19.4;0
2528;desktop;B;Санкт-Петербург;25-34;19.4;0
2529;desktop;A;Регионы;18-24;7.0;0
2530;desktop;A;Регионы;25-34;14.1;0
2531;mobile;A;Москва;45+;7.9;0
2532;mobile;A;Москва;18-24;9.3;0
2533;desktop;B;Регионы;25-34;4.6;0
2534;tv;A;Санкт-Петербург;25-34;38.6;0
2535;desktop;B;Регионы;35-44;13.1;0
2536;tv;A;Регионы;45+;15.8;0
2537;mobile;A;Москва;18-24;16.0;0
2538;mobile;A;Регионы;25-34;13.0;0
2539;desktop;B;Москва;25-34;46.6;1
2540;mobile;B;Москва;45+;38.6;0
2541;desktop;B;Регионы;35-44;17.0;1
2542;mobile;A;Москва;18-24;13.2;0
2543;mobile;B;Санкт-Петербург;25-34;21.1;0
2544;desktop;B;Москва;25-34;13.2;0
2545;tv;A;Москва;18-24;23.2;0
2546;desktop;A;Регионы;18-24;14.6;0
2547;desktop;B;Регионы;25-34;10.1;0
2548;mobile;A;Регионы;35-44;6.5;0
2549;mobile;A;Москва;25-34;28.1;0
2550;desktop;A;Москва;35-44;3.7;0
2551;mobile;B;Москва;35-44;10.7;1
2552;desktop;B;Москва;18-24;16.0;0
2553;mobile;B;Регионы;35-44;22.6;1
2554;tv;A;Регионы;18-24;18.9;0
2555;desktop;B;Москва;18-24;7.9;0
2556;mobile;B;Санкт-Петербург;18-24;6.8;0
2557;desktop;B;Регионы;25-34;21.4;0
2558;mobile;B;Москва;18-24;16.6;0
2559;mobile;B;Москва;25-34;10.1;0
2560;tv;B;Санкт-Петербург;25-34;22.7;1
2561;mobile;B;Регионы;25-34;47.5;0
2562;mobile;A;Москва;45+;14.9;1
2563;desktop;A;Регионы;35-44;16.5;0
2564;tv;A;Санкт-Петербург;18-24;30.9;0
2565;desktop;A;Регионы;18-24;38.2;0
2566;mobile;A;Регионы;45+;19.9;0
2567;mobile;B;Регионы;25-34;10.9;0
2568;desktop;A;Санкт-Петербург;18-24;10.4;0
2569;mobile;B;Санкт-Петербург;45+;12.2;1
2570;mobile;B;Регионы;35-44;11.0;0
2571;mobile;A;Регионы;18-24;12.6;0
2572;mobile;B;Санкт-Петербург;25-34;5.6;0
2573;desktop;A;Москва;25-34;13.5;0
2574;mobile;B;Регионы;45+;11.4;0
2575;desktop;A;Москва;18-24;8.4;0
2576;mobile;B;Регионы;18-24;8.6;0
2577;desktop;B;Регионы;45+;17.9;0
2578;mobile;B;Санкт-Петербург;25-34;6.5;1
2579;desktop;B;Москва;25-34;12.4;0
2580;tv;A;Регионы;25-34;43.6;0
2581;mobile;B;Регионы;18-24;12.7;0
2582;mobile;A;Москва;18-24;10.2;0
2583;mobile;A;Регионы;25-34;31.8;0
2584;tv;B;Москва;25-34;14.9;0
2585;desktop;A;Регионы;25-34;5.8;0
2586;desktop;B;Регионы;18-24;21.8;0
2587;desktop;B;Санкт-Петербург;25-34;28.6;0
2588;desktop;B;Регионы;25-34;27.0;0
2589;mobile;A;Москва;25-34;14.1;0
2590;desktop;B;Москва;45+;22.7;0
2591;tv;B;Регионы;45+;63.1;0
2592;desktop;B;Москва;35-44;13.2;0
2593;desktop;A;Москва;25-34;5.2;1
2594;mobile;B;Регионы;35-44;14.1;0
2595;desktop;B;Санкт-Петербург;18-24;17.0;0
2596;mobile;A;Санкт-Петербург;45+;20.2;0
2597;desktop;A;Регионы;45+;16.6;0
2598;desktop;B;Москва;45+;14.6;0
2599;desktop;A;Санкт-Петербург;35-44;17.1;0
2600;mobile;A;Регионы;18-24;9.5;0
