ученик_id;имя;пол;возраст;город;тип_школы;любимый_предмет;часов_подготовки_в_неделю;репетитор;кол_во_пробников;пропусков_уроков;мотивация_1_10;часов_сна;средний_балл_года;балл_егэ;сдал
1;Роман;М;17;Нижний Новгород;Обычная;Физика;5.4;нет;7;11;5.0;7.9;2.4;47;да
2;Арина;Ж;17;Ростов-на-Дону;Обычная;Математика;9.1;нет;8;2;2.0;7.9;3.4;66;да
3;Дарья;Ж;17;Самара;Обычная;Русский язык;11.3;да;14;4;7.0;8.2;2.6;80;да
4;Владимир;М;16;Ростов-на-Дону;Обычная;Химия;6.2;да;4;5;1.0;5.0;2.6;58;да
5;Дмитрий;М;17;Москва;Обычная;Русский язык;6.5;нет;6;4;2.0;6.8;3.0;61;да
6;Милана;Ж;16;Екатеринбург;Обычная;Математика;9.1;да;4;4;6.0;5.4;3.3;81;да
7;Роман;М;17;Самара;Лицей;Физика;16.6;нет;8;2;7.0;6.8;3.9;90;да
8;Дарья;Ж;17;Нижний Новгород;Обычная;Биология;0.0;нет;7;12;4.0;8.6;2.5;48;да
9;Тимофей;М;16;Санкт-Петербург;Лицей;Биология;8.0;да;4;5;8.0;8.0;2.2;57;да
10;Михаил;М;17;Екатеринбург;Гимназия;Информатика;3.7;нет;9;5;8.0;8.1;3.3;72;да
11;Алиса;Ж;16;Санкт-Петербург;Обычная;Биология;7.6;нет;6;4;5.0;;2.9;64;да
12;Ева;Ж;18;Москва;Обычная;Русский язык;10.0;нет;8;7;7.0;5.4;2.1;58;да
13;Алиса;Ж;17;Москва;Гимназия;История;11.3;нет;11;6;10.0;7.4;3.2;89;да
14;Виктория;Ж;18;Ростов-на-Дону;Обычная;Математика;10.1;нет;12;6;7.0;8.5;3.4;78;да
15;Дарья;Ж;17;Казань;Обычная;Русский язык;1.2;да;6;12;3.0;7.0;2.3;30;да
16;Ева;Ж;17;Новосибирск;Гимназия;Английский язык;8.8;нет;6;3;5.0;;3.2;70;да
17;Полина;Ж;17;Казань;Лицей;Химия;9.2;да;9;3;4.0;7.3;3.4;83;да
18;Егор;М;17;Ростов-на-Дону;Гимназия;Биология;6.0;нет;4;9;6.0;4.8;2.9;72;да
19;София;Ж;17;Ростов-на-Дону;Обычная;Информатика;8.7;нет;6;2;5.0;8.2;3.1;81;да
20;Дмитрий;М;16;Нижний Новгород;Обычная;Биология;4.6;нет;6;7;4.0;5.7;2.5;46;да
21;София;Ж;18;Самара;Обычная;История;5.9;нет;12;2;7.0;5.6;3.0;70;да
22;Дмитрий;М;17;Москва;Обычная;Обществознание;3.9;нет;9;3;2.0;7.9;2.3;49;да
23;Владимир;М;17;Ростов-на-Дону;Обычная;Физика;1.1;да;2;6;3.0;7.5;3.2;56;да
24;Ева;Ж;17;Новосибирск;Обычная;Биология;12.2;да;8;2;6.0;7.5;3.1;83;да
25;Ева;Ж;17;Новосибирск;Обычная;Обществознание;14.6;да;6;2;7.0;10.1;3.9;100;да
26;София;Ж;17;Санкт-Петербург;Обычная;Информатика;14.3;нет;8;1;7.0;8.3;4.3;88;да
27;Дмитрий;М;17;Ростов-на-Дону;Обычная;Информатика;15.8;да;5;4;7.0;6.6;3.8;98;да
28;Алиса;Ж;16;Санкт-Петербург;Обычная;Биология;8.0;да;4;8;4.0;7.6;2.0;66;да
29;Дарья;Ж;17;Самара;Лицей;Биология;10.6;нет;6;5;3.0;6.8;3.4;66;да
30;Артём;М;16;Нижний Новгород;Обычная;Физика;11.5;да;6;4;6.0;8.8;4.0;79;да
31;Егор;М;18;Самара;Лицей;Английский язык;8.0;да;7;1;6.0;7.4;3.4;65;да
32;Максим;М;17;Москва;Обычная;Биология;6.3;да;7;3;6.0;7.5;2.2;70;да
33;Тимофей;М;18;Нижний Новгород;Обычная;Биология;19.3;да;6;0;7.0;5.5;4.3;92;да
34;Виктория;Ж;17;Ростов-на-Дону;Гимназия;Русский язык;6.0;нет;9;9;7.0;7.1;2.4;69;да
35;София;Ж;17;Новосибирск;Гимназия;История;3.1;да;2;6;7.0;6.7;2.1;54;да
36;Тимофей;М;18;Новосибирск;Обычная;Английский язык;8.5;да;4;1;4.0;5.6;3.1;67;да
37;Милана;Ж;17;Москва;Обычная;История;10.9;нет;5;2;3.0;6.9;3.6;65;да
38;София;Ж;17;Новосибирск;Гимназия;Химия;2.4;нет;12;8;9.0;7.5;3.0;69;да
39;Егор;М;16;Нижний Новгород;Обычная;Биология;13.5;нет;11;4;7.0;;3.0;67;да
40;Ева;Ж;16;Казань;Обычная;Физика;9.6;нет;7;4;5.0;5.5;3.9;84;да
41;Кирилл;М;17;Нижний Новгород;Обычная;Математика;2.4;нет;4;1;6.0;6.6;2.8;57;да
42;Ева;Ж;17;Москва;Обычная;Биология;15.0;да;8;2;9.0;6.7;2.8;79;да
43;Полина;Ж;17;Нижний Новгород;Лицей;Русский язык;11.6;нет;7;6;10.0;7.3;3.7;75;да
44;Никита;М;17;Екатеринбург;Лицей;Математика;0.0;нет;7;9;5.0;6.7;2.3;37;да
45;Кирилл;М;17;Санкт-Петербург;Обычная;История;19.4;да;9;3;10.0;6.9;4.3;100;да
46;Мария;Ж;17;Казань;Обычная;Информатика;9.1;да;2;7;3.0;6.3;2.9;57;да
47;Иван;М;16;Санкт-Петербург;Обычная;Обществознание;3.0;да;8;9;4.0;6.6;3.0;40;нет
48;Елизавета;Ж;16;Екатеринбург;Лицей;Обществознание;11.2;нет;2;8;4.0;7.8;2.2;45;да
49;Варвара;Ж;17;Нижний Новгород;Гимназия;Русский язык;5.6;нет;5;8;6.0;7.0;2.4;43;да
50;Анна;Ж;17;Екатеринбург;Обычная;История;8.0;нет;6;7;9.0;8.7;3.3;74;да
51;Дарья;Ж;17;Санкт-Петербург;Лицей;Информатика;4.5;да;3;2;6.0;;2.7;72;да
52;Никита;М;16;Санкт-Петербург;Обычная;История;9.3;да;7;11;4.0;;3.1;61;да
53;Михаил;М;17;Самара;Лицей;Математика;11.8;нет;7;0;4.0;8.8;2.2;76;да
54;Матвей;М;17;Новосибирск;Обычная;Химия;9.1;нет;11;6;10.0;9.0;3.2;72;да
55;Дмитрий;М;16;Новосибирск;Обычная;Биология;5.8;нет;8;7;;5.7;3.1;69;да
56;Матвей;М;17;Казань;Обычная;Химия;9.7;нет;7;8;7.0;7.9;3.2;73;да
57;Ксения;Ж;17;Ростов-на-Дону;Гимназия;Химия;9.6;нет;8;8;6.0;8.6;3.0;72;да
58;Тимофей;М;17;Санкт-Петербург;Обычная;Математика;0.0;нет;6;10;4.0;8.0;2.1;30;да
59;Полина;Ж;16;Самара;Обычная;Математика;1.0;нет;5;1;4.0;6.0;2.6;55;да
60;Виктория;Ж;18;Самара;Гимназия;Биология;3.7;нет;5;10;5.0;7.1;2.0;26;нет
61;Арина;Ж;17;Санкт-Петербург;Лицей;Информатика;0.0;да;7;4;4.0;7.1;3.0;69;да
62;Варвара;Ж;17;Москва;Обычная;Биология;8.8;да;6;7;5.0;9.2;3.2;68;да
63;Максим;М;18;Санкт-Петербург;Обычная;Информатика;9.2;да;5;4;6.0;5.6;4.2;93;да
64;Варвара;Ж;17;Казань;Гимназия;Математика;16.8;да;6;4;1.0;6.4;3.8;88;да
65;Тимофей;М;17;Нижний Новгород;Обычная;История;6.6;да;3;1;6.0;4.9;3.5;83;да
66;Никита;М;17;Екатеринбург;Обычная;Русский язык;9.1;нет;4;6;4.0;7.0;2.8;62;да
67;Милана;Ж;16;Новосибирск;Обычная;Обществознание;7.9;да;6;4;6.0;9.9;3.1;79;да
68;Данил;М;17;Новосибирск;Обычная;Математика;6.9;нет;2;6;5.0;6.8;2.6;51;да
69;Артём;М;17;Ростов-на-Дону;Лицей;Английский язык;10.9;нет;7;8;10.0;7.1;2.9;69;да
70;Александр;М;18;Ростов-на-Дону;Гимназия;Физика;9.1;нет;5;3;8.0;8.0;3.8;84;да
71;Варвара;Ж;17;Москва;Обычная;Английский язык;10.3;нет;6;4;6.0;6.7;2.7;62;да
72;Максим;М;16;Самара;Гимназия;Математика;6.4;да;8;5;8.0;7.7;3.2;81;да
73;Тимофей;М;17;Казань;Лицей;Химия;11.2;нет;6;3;8.0;7.7;3.3;84;да
74;Михаил;М;17;Самара;Лицей;Информатика;8.8;да;6;6;6.0;5.7;2.0;60;да
75;Ксения;Ж;17;Ростов-на-Дону;Обычная;Русский язык;13.6;нет;8;3;8.0;7.2;3.5;90;да
76;Максим;М;17;Екатеринбург;Обычная;Химия;17.8;да;7;3;8.0;;3.4;87;да
77;Кирилл;М;16;Екатеринбург;Лицей;Русский язык;5.3;да;11;4;1.0;8.1;3.8;70;да
78;Максим;М;17;Новосибирск;Лицей;Информатика;0.2;нет;5;13;9.0;;3.1;53;да
79;Полина;Ж;17;Москва;Обычная;Информатика;1.4;нет;4;6;8.0;7.1;2.1;57;да
80;Ева;Ж;17;Москва;Обычная;Русский язык;9.0;нет;3;2;6.0;7.3;2.8;65;да
81;Милана;Ж;17;Казань;Обычная;Обществознание;11.6;нет;7;5;4.0;8.1;3.4;72;да
82;Матвей;М;18;Самара;Обычная;Химия;5.5;да;5;7;7.0;6.0;2.3;57;да
83;Матвей;М;17;Казань;Обычная;Обществознание;4.8;нет;6;6;5.0;6.4;3.2;75;да
84;Дарья;Ж;17;Новосибирск;Обычная;Обществознание;7.3;да;4;11;6.0;;2.1;51;да
85;Мария;Ж;17;Екатеринбург;Обычная;Физика;2.5;да;9;7;3.0;5.4;3.6;64;да
86;Ева;Ж;18;Казань;Гимназия;Физика;13.0;да;7;5;10.0;7.5;2.9;81;да
87;Роман;М;17;Новосибирск;Гимназия;Английский язык;26.8;да;7;1;6.0;9.0;4.6;100;да
88;Матвей;М;17;Екатеринбург;Обычная;Физика;5.3;да;3;10;5.0;;2.0;41;да
89;Варвара;Ж;17;Самара;Обычная;Математика;14.7;нет;8;3;3.0;8.0;4.2;88;да
90;Анна;Ж;17;Самара;Обычная;Химия;6.5;да;4;7;6.0;6.3;3.6;74;да
91;Михаил;М;16;Самара;Обычная;Английский язык;2.0;да;8;6;6.0;5.9;2.8;74;да
92;Ксения;Ж;17;Екатеринбург;Гимназия;Физика;5.9;нет;8;7;8.0;9.5;2.9;74;да
93;Ева;Ж;18;Нижний Новгород;Обычная;Биология;5.0;да;7;6;6.0;5.9;3.4;76;да
94;Никита;М;18;Санкт-Петербург;Гимназия;Информатика;1.8;нет;5;10;8.0;5.4;2.9;55;да
95;Виктория;Ж;16;Санкт-Петербург;Обычная;Информатика;19.3;нет;6;2;5.0;7.7;4.1;95;да
96;Дмитрий;М;17;Ростов-на-Дону;Гимназия;Химия;7.7;да;12;8;5.0;7.2;2.6;66;да
97;Роман;М;16;Екатеринбург;Лицей;Русский язык;12.9;нет;7;6;7.0;8.1;4.4;81;да
98;Арина;Ж;17;Москва;Лицей;Информатика;4.8;да;9;7;6.0;9.2;2.3;64;да
99;София;Ж;17;Новосибирск;Гимназия;Физика;7.1;да;6;8;7.0;6.0;4.0;70;да
100;Егор;М;17;Ростов-на-Дону;Обычная;Обществознание;8.6;нет;4;4;6.0;6.0;2.9;50;да
101;Ксения;Ж;17;Москва;Обычная;Физика;9.2;нет;9;5;7.0;9.1;3.6;74;да
102;Егор;М;17;Новосибирск;Обычная;Обществознание;14.5;нет;6;6;9.0;8.6;3.5;99;да
103;Милана;Ж;17;Самара;Гимназия;Математика;7.0;да;4;7;4.0;7.9;3.3;72;да
104;Максим;М;17;Ростов-на-Дону;Гимназия;Информатика;6.0;нет;4;8;7.0;6.2;3.1;61;да
105;Виктория;Ж;17;Казань;Обычная;Физика;0.0;да;0;12;8.0;8.0;2.0;49;да
106;Мария;Ж;17;Ростов-на-Дону;Лицей;Химия;0.0;да;2;4;2.0;7.9;2.3;48;да
107;Алиса;Ж;17;Нижний Новгород;Обычная;История;2.2;да;7;6;5.0;6.7;2.2;55;да
108;Милана;Ж;16;Новосибирск;Обычная;Английский язык;5.5;нет;4;9;6.0;6.0;2.4;55;да
109;Матвей;М;17;Самара;Лицей;История;3.5;да;8;8;9.0;7.2;2.9;78;да
110;София;Ж;17;Самара;Обычная;Химия;11.8;нет;9;3;9.0;9.4;4.2;79;да
111;Данил;М;17;Казань;Обычная;Химия;15.7;нет;5;0;9.0;6.4;4.1;100;да
112;Алиса;Ж;16;Москва;Лицей;Английский язык;0.0;нет;3;10;6.0;5.9;2.5;48;да
113;Мария;Ж;18;Самара;Обычная;Английский язык;8.6;нет;6;3;6.0;6.7;3.6;87;да
114;Артём;М;18;Москва;Обычная;История;10.4;нет;12;5;;;3.4;69;да
115;Мария;Ж;17;Самара;Обычная;Русский язык;9.1;да;9;9;3.0;6.9;2.2;64;да
116;Ксения;Ж;17;Казань;Обычная;Физика;4.7;да;6;3;9.0;8.3;3.1;82;да
117;Матвей;М;18;Нижний Новгород;Лицей;Физика;8.8;нет;5;6;7.0;7.6;2.3;63;да
118;Данил;М;17;Екатеринбург;Гимназия;Физика;12.4;да;9;4;4.0;7.1;2.9;72;да
119;Тимофей;М;17;Москва;Обычная;Английский язык;9.9;да;5;7;6.0;7.2;3.0;67;да
120;Егор;М;17;Москва;Гимназия;Русский язык;3.4;да;3;8;7.0;7.3;2.5;56;да
121;Александр;М;18;Нижний Новгород;Лицей;Обществознание;1.5;да;6;10;6.0;4.5;2.0;49;да
122;Анна;Ж;17;Екатеринбург;Гимназия;Обществознание;7.4;да;7;2;5.0;8.5;3.6;84;да
123;Алиса;Ж;16;Москва;Лицей;Химия;9.0;да;3;3;1.0;5.9;2.8;61;да
124;Иван;М;18;Ростов-на-Дону;Обычная;Физика;7.0;нет;3;9;6.0;6.3;3.2;62;да
125;Ева;Ж;17;Санкт-Петербург;Лицей;Физика;10.5;да;7;9;4.0;7.4;3.0;60;да
126;Ева;Ж;17;Самара;Обычная;История;10.9;нет;10;4;8.0;7.1;2.3;92;да
127;Роман;М;18;Москва;Обычная;История;11.8;нет;11;0;8.0;7.6;3.5;89;да
128;Елизавета;Ж;17;Санкт-Петербург;Обычная;Химия;6.4;да;4;9;8.0;7.0;2.4;65;да
129;Дарья;Ж;17;Екатеринбург;Обычная;Биология;14.8;нет;4;5;;7.0;3.6;95;да
130;Варвара;Ж;18;Екатеринбург;Обычная;Обществознание;16.2;нет;5;1;10.0;9.3;4.1;98;да
131;Полина;Ж;16;Екатеринбург;Гимназия;История;6.3;нет;12;5;10.0;8.0;2.7;77;да
132;Варвара;Ж;17;Санкт-Петербург;Обычная;История;3.7;да;6;1;10.0;7.7;3.6;84;да
133;Роман;М;17;Казань;Обычная;Физика;17.9;да;7;1;10.0;8.2;4.0;100;да
134;Арина;Ж;18;Казань;Гимназия;Математика;12.4;да;8;8;7.0;6.5;3.8;92;да
135;Елизавета;Ж;18;Новосибирск;Обычная;Химия;3.0;нет;11;6;4.0;9.8;3.1;69;да
136;Александр;М;17;Ростов-на-Дону;Обычная;Информатика;6.9;нет;6;4;10.0;5.9;3.8;88;да
137;Арина;Ж;17;Новосибирск;Гимназия;Информатика;12.6;нет;9;11;7.0;7.3;2.9;75;да
138;Никита;М;17;Ростов-на-Дону;Гимназия;Химия;3.6;нет;6;13;7.0;6.3;2.1;39;да
139;Тимофей;М;17;Казань;Лицей;Английский язык;8.1;нет;9;8;6.0;6.8;3.4;82;да
140;Михаил;М;17;Санкт-Петербург;Обычная;Обществознание;9.5;нет;1;8;7.0;6.0;2.3;42;да
141;Милана;Ж;16;Москва;Обычная;История;1.4;да;5;4;1.0;5.8;2.4;46;да
142;Артём;М;17;Санкт-Петербург;Гимназия;История;8.7;нет;6;4;6.0;8.8;4.3;83;да
143;Матвей;М;17;Казань;Гимназия;Информатика;11.4;да;8;7;7.0;5.8;3.6;87;да
144;Роман;М;17;Новосибирск;Обычная;Химия;14.0;да;6;8;8.0;8.6;3.9;88;да
145;Виктория;Ж;17;Нижний Новгород;Гимназия;Информатика;9.2;нет;6;10;8.0;7.7;2.9;60;да
146;Ксения;Ж;17;Новосибирск;Лицей;Обществознание;8.2;нет;5;7;3.0;6.2;2.6;38;нет
147;Михаил;М;17;Нижний Новгород;Обычная;Английский язык;8.1;да;7;12;7.0;7.6;3.0;70;да
148;Тимофей;М;18;Москва;Обычная;Информатика;10.3;нет;9;5;9.0;6.8;2.3;80;да
149;Варвара;Ж;18;Ростов-на-Дону;Обычная;История;7.2;да;9;5;10.0;5.7;3.5;73;да
150;Роман;М;17;Санкт-Петербург;Гимназия;Математика;11.7;да;10;2;9.0;;3.7;100;да
151;Полина;Ж;17;Москва;Обычная;Информатика;7.3;да;6;7;5.0;7.7;3.1;69;да
152;Михаил;М;17;Новосибирск;Лицей;Обществознание;9.9;нет;6;5;4.0;;3.0;65;да
153;Ксения;Ж;16;Нижний Новгород;Обычная;История;8.1;нет;8;12;9.0;7.0;2.0;45;да
154;Владимир;М;17;Санкт-Петербург;Лицей;Химия;11.6;да;8;3;8.0;6.7;2.4;79;да
155;Артём;М;17;Санкт-Петербург;Обычная;Русский язык;8.2;да;10;2;6.0;6.8;2.6;72;да
156;Елизавета;Ж;16;Самара;Гимназия;Обществознание;2.5;да;5;8;2.0;6.4;2.8;58;да
157;Дмитрий;М;17;Самара;Обычная;Английский язык;7.6;да;10;5;4.0;;3.4;66;да
158;Ева;Ж;17;Самара;Лицей;Информатика;7.3;нет;5;8;7.0;7.0;3.0;57;да
159;Полина;Ж;16;Санкт-Петербург;Лицей;Обществознание;8.0;нет;4;4;6.0;7.5;2.4;62;да
160;Виктория;Ж;17;Екатеринбург;Обычная;Биология;22.1;нет;4;0;4.0;7.6;3.7;90;да
161;Елизавета;Ж;17;Нижний Новгород;Гимназия;Информатика;5.6;да;2;10;7.0;9.1;3.5;68;да
162;Ксения;Ж;18;Новосибирск;Обычная;Физика;9.0;нет;5;3;3.0;5.7;2.3;54;да
163;Роман;М;17;Санкт-Петербург;Гимназия;Химия;6.0;да;6;7;7.0;5.6;2.6;41;да
164;Михаил;М;17;Самара;Обычная;Информатика;5.7;да;3;4;6.0;6.9;3.2;60;да
165;Михаил;М;16;Ростов-на-Дону;Лицей;Биология;16.6;нет;4;6;5.0;7.2;3.7;75;да
166;Анна;Ж;16;Санкт-Петербург;Гимназия;Русский язык;4.4;нет;5;7;7.0;4.5;2.7;65;да
167;Александр;М;17;Нижний Новгород;Гимназия;Химия;13.4;нет;9;6;8.0;8.1;3.7;85;да
168;Никита;М;17;Ростов-на-Дону;Обычная;История;4.3;нет;5;2;8.0;;3.0;61;да
169;Матвей;М;17;Екатеринбург;Обычная;Обществознание;10.5;нет;7;2;7.0;4.8;4.1;89;да
170;Владимир;М;18;Москва;Гимназия;Физика;9.2;нет;12;6;6.0;6.9;2.8;75;да
171;Данил;М;17;Нижний Новгород;Обычная;Биология;11.5;да;7;2;5.0;6.0;2.6;64;да
172;Данил;М;16;Ростов-на-Дону;Гимназия;Физика;9.0;да;1;3;6.0;6.4;2.8;70;да
173;Полина;Ж;17;Казань;Обычная;Обществознание;13.0;да;6;6;9.0;5.4;2.7;77;да
174;Мария;Ж;17;Санкт-Петербург;Обычная;Информатика;12.8;да;8;0;7.0;8.0;4.5;91;да
175;София;Ж;17;Казань;Лицей;История;0.0;да;5;11;5.0;8.4;2.0;25;нет
176;Артём;М;18;Самара;Обычная;Информатика;12.8;да;5;10;2.0;6.7;2.0;39;нет
177;Виктория;Ж;16;Екатеринбург;Обычная;Физика;7.9;нет;5;9;1.0;4.2;3.1;49;да
178;Максим;М;17;Москва;Обычная;Биология;5.2;нет;6;5;6.0;7.3;3.5;68;да
179;Алиса;Ж;16;Екатеринбург;Гимназия;Биология;7.3;нет;9;4;7.0;7.0;3.5;78;да
180;София;Ж;17;Самара;Лицей;История;5.6;да;9;2;6.0;5.8;3.4;82;да
181;Елизавета;Ж;17;Санкт-Петербург;Гимназия;Обществознание;10.6;нет;5;6;3.0;;2.4;58;да
182;Владимир;М;17;Екатеринбург;Обычная;История;9.6;да;11;1;8.0;8.4;4.0;88;да
183;Кирилл;М;16;Санкт-Петербург;Обычная;Обществознание;11.6;да;12;1;8.0;6.5;4.1;93;да
184;Ксения;Ж;17;Москва;Обычная;Информатика;8.3;да;8;2;4.0;5.1;2.4;77;да
185;Никита;М;17;Новосибирск;Обычная;Химия;13.8;да;9;2;4.0;4.9;4.3;92;да
186;Артём;М;16;Самара;Обычная;Химия;5.4;да;8;7;6.0;6.3;2.9;72;да
187;Дмитрий;М;17;Нижний Новгород;Обычная;Биология;2.0;нет;3;16;7.0;6.6;2.9;44;да
188;Данил;М;17;Москва;Обычная;Русский язык;11.0;нет;8;3;8.0;6.6;3.4;83;да
189;Михаил;М;16;Санкт-Петербург;Лицей;Обществознание;10.7;нет;7;1;4.0;6.2;3.0;71;да
190;Александр;М;17;Екатеринбург;Обычная;Химия;9.3;да;6;5;6.0;7.7;2.9;79;да
191;Полина;Ж;16;Казань;Обычная;Химия;9.2;нет;11;4;9.0;8.0;3.5;88;да
192;Алиса;Ж;17;Казань;Обычная;Обществознание;3.4;нет;3;6;1.0;6.5;2.0;20;нет
193;Мария;Ж;17;Новосибирск;Обычная;Химия;0.8;да;1;7;5.0;7.6;2.0;48;да
194;Кирилл;М;16;Самара;Лицей;Химия;2.4;нет;6;7;7.0;5.9;2.0;45;да
195;Дарья;Ж;17;Екатеринбург;Гимназия;Биология;3.1;нет;5;4;3.0;;2.4;50;да
196;Данил;М;17;Самара;Гимназия;Английский язык;12.4;да;4;5;8.0;6.3;2.3;80;да
197;Кирилл;М;17;Москва;Обычная;Физика;6.0;да;2;10;8.0;5.8;2.0;44;да
198;Матвей;М;17;Новосибирск;Обычная;Русский язык;7.5;нет;0;8;5.0;4.2;2.6;58;да
199;Роман;М;17;Екатеринбург;Гимназия;Математика;10.4;да;4;6;4.0;6.1;2.2;56;да
200;Елизавета;Ж;17;Самара;Гимназия;История;26.6;да;6;0;10.0;9.1;4.9;100;да
201;Владимир;М;17;Екатеринбург;Обычная;Математика;6.6;да;12;2;7.0;8.5;4.0;97;да
202;Ксения;Ж;17;Ростов-на-Дону;Обычная;История;3.8;нет;4;9;1.0;7.5;2.6;48;да
203;Матвей;М;17;Самара;Лицей;Обществознание;4.4;да;3;6;5.0;7.0;2.8;60;да
204;Арина;Ж;16;Нижний Новгород;Гимназия;История;1.1;да;2;12;6.0;8.4;2.9;51;да
205;Кирилл;М;16;Новосибирск;Обычная;Русский язык;0.0;да;5;8;6.0;5.2;2.0;38;да
206;Владимир;М;17;Казань;Обычная;Биология;6.5;нет;2;3;4.0;;3.6;56;да
207;Дарья;Ж;17;Екатеринбург;Гимназия;Информатика;0.1;нет;2;10;4.0;8.0;2.8;49;да
208;Арина;Ж;18;Новосибирск;Лицей;Математика;9.1;нет;2;3;8.0;7.0;2.9;68;да
209;Иван;М;18;Москва;Обычная;Русский язык;3.4;да;3;10;4.0;5.7;2.5;38;да
210;Вероника;Ж;16;Санкт-Петербург;Обычная;История;7.6;да;5;4;2.0;7.4;2.4;48;да
211;Данил;М;18;Самара;Лицей;Биология;10.5;нет;7;1;9.0;6.5;3.2;85;да
212;Арина;Ж;17;Новосибирск;Лицей;Химия;11.5;да;7;8;6.0;6.1;3.0;75;да
213;Ксения;Ж;17;Ростов-на-Дону;Лицей;История;7.8;нет;7;1;9.0;6.1;3.6;87;да
214;Владимир;М;18;Санкт-Петербург;Обычная;Химия;12.5;нет;3;3;2.0;7.0;2.0;49;да
215;Анна;Ж;17;Ростов-на-Дону;Обычная;Английский язык;11.5;нет;11;6;7.0;7.5;3.5;82;да
216;Дмитрий;М;17;Самара;Лицей;Математика;0.0;нет;3;7;6.0;8.6;2.8;48;да
217;Михаил;М;17;Казань;Обычная;Физика;5.9;нет;15;1;6.0;6.8;3.8;88;да
218;Тимофей;М;17;Екатеринбург;Обычная;Русский язык;1.0;да;6;4;;6.6;2.7;52;да
219;Роман;М;18;Ростов-на-Дону;Обычная;Информатика;3.9;нет;8;8;1.0;8.3;2.5;38;нет
220;Ксения;Ж;17;Нижний Новгород;Обычная;Английский язык;6.6;да;4;6;;8.1;2.4;68;да
221;Кирилл;М;16;Ростов-на-Дону;Лицей;Информатика;7.2;нет;7;5;7.0;7.3;2.4;70;да
222;Михаил;М;17;Москва;Обычная;Физика;17.9;да;8;2;9.0;5.3;3.1;94;да
223;Вероника;Ж;17;Санкт-Петербург;Лицей;Математика;9.8;да;5;5;8.0;6.0;3.2;72;да
224;Кирилл;М;17;Москва;Лицей;Информатика;15.5;нет;7;0;9.0;6.2;3.9;98;да
225;Полина;Ж;18;Казань;Обычная;Физика;7.3;да;5;4;6.0;7.3;3.4;83;да
226;Матвей;М;17;Самара;Гимназия;Русский язык;3.2;да;7;6;7.0;6.3;2.9;59;да
227;Анна;Ж;18;Ростов-на-Дону;Обычная;Русский язык;10.4;нет;9;5;10.0;;3.5;85;да
228;Вероника;Ж;17;Екатеринбург;Гимназия;Биология;14.5;да;7;1;8.0;5.7;4.4;100;да
229;Мария;Ж;17;Новосибирск;Обычная;История;6.5;нет;7;5;10.0;6.2;3.5;91;да
230;Артём;М;17;Ростов-на-Дону;Гимназия;История;3.6;да;11;12;;6.9;2.2;55;да
231;Роман;М;17;Екатеринбург;Обычная;Математика;5.3;да;8;4;2.0;7.3;2.5;60;да
232;Арина;Ж;18;Екатеринбург;Лицей;Английский язык;11.6;да;8;4;9.0;4.3;3.3;100;да
233;Матвей;М;17;Москва;Обычная;Химия;1.6;нет;6;7;;4.6;2.0;46;да
234;Арина;Ж;17;Санкт-Петербург;Обычная;Биология;1.9;нет;3;5;9.0;6.3;2.1;48;да
235;Данил;М;18;Нижний Новгород;Обычная;Обществознание;5.8;да;8;5;8.0;8.5;2.7;73;да
236;Виктория;Ж;17;Нижний Новгород;Обычная;Физика;9.6;нет;6;4;10.0;9.4;3.3;86;да
237;София;Ж;16;Новосибирск;Обычная;Химия;10.1;нет;3;8;8.0;6.5;2.7;70;да
238;Дмитрий;М;17;Нижний Новгород;Обычная;Математика;10.4;нет;5;7;4.0;6.6;2.4;52;да
239;Артём;М;17;Нижний Новгород;Лицей;Химия;4.8;нет;5;8;2.0;5.8;2.4;47;да
240;София;Ж;17;Москва;Обычная;Физика;4.0;нет;6;9;8.0;7.5;2.7;57;да
241;Михаил;М;16;Самара;Обычная;Русский язык;7.1;нет;11;8;2.0;8.6;3.0;53;да
242;Арина;Ж;17;Нижний Новгород;Гимназия;Биология;17.3;нет;7;6;10.0;9.2;3.5;100;да
243;Матвей;М;17;Санкт-Петербург;Лицей;Русский язык;7.2;нет;12;5;8.0;7.1;3.4;71;да
244;Ксения;Ж;17;Санкт-Петербург;Обычная;Английский язык;13.8;да;8;7;7.0;6.3;3.5;96;да
245;Милана;Ж;16;Ростов-на-Дону;Обычная;Физика;10.5;да;3;8;6.0;6.9;2.9;59;да
246;Матвей;М;17;Казань;Обычная;Математика;12.6;нет;3;5;7.0;8.6;3.4;62;да
247;Милана;Ж;17;Москва;Лицей;Химия;13.0;да;4;5;5.0;6.3;2.3;58;да
248;Егор;М;17;Москва;Гимназия;Информатика;0.0;да;4;13;6.0;4.1;2.0;25;нет
249;Виктория;Ж;17;Санкт-Петербург;Лицей;Биология;3.9;да;5;6;7.0;6.2;2.0;58;да
250;Матвей;М;16;Нижний Новгород;Гимназия;История;2.6;да;0;10;5.0;6.1;2.0;45;да
251;Иван;М;17;Новосибирск;Лицей;Биология;0.9;нет;6;16;3.0;4.1;2.0;22;нет
252;Никита;М;17;Нижний Новгород;Гимназия;Биология;1.8;нет;6;7;7.0;6.9;2.3;49;да
253;Дмитрий;М;18;Санкт-Петербург;Лицей;История;6.0;да;6;6;3.0;8.0;3.4;81;да
254;Роман;М;17;Санкт-Петербург;Лицей;Биология;8.2;да;3;5;7.0;9.2;3.1;65;да
255;Варвара;Ж;18;Новосибирск;Лицей;Русский язык;8.8;да;9;2;9.0;5.8;4.4;100;да
256;Дмитрий;М;18;Самара;Лицей;Химия;9.6;да;8;0;5.0;8.0;2.9;86;да
257;Алиса;Ж;17;Екатеринбург;Обычная;История;7.2;нет;7;3;9.0;8.4;3.5;82;да
258;Михаил;М;18;Самара;Обычная;Физика;0.9;нет;5;4;5.0;7.4;2.8;43;да
259;Михаил;М;17;Москва;Обычная;Обществознание;10.5;нет;12;4;5.0;5.9;3.2;74;да
260;Ева;Ж;16;Новосибирск;Обычная;Химия;10.8;нет;4;5;9.0;5.9;4.0;77;да
261;Алиса;Ж;17;Новосибирск;Гимназия;Физика;8.6;нет;9;14;3.0;6.9;2.5;52;да
262;Владимир;М;17;Москва;Лицей;Информатика;18.4;нет;5;3;8.0;7.3;3.3;85;да
263;Егор;М;17;Казань;Обычная;Биология;10.8;нет;9;4;3.0;6.5;2.9;70;да
264;Ева;Ж;16;Казань;Обычная;История;8.3;нет;3;3;6.0;8.4;2.7;51;да
265;Алиса;Ж;16;Новосибирск;Обычная;Физика;0.3;да;4;9;5.0;6.2;2.3;58;да
266;София;Ж;16;Санкт-Петербург;Гимназия;Русский язык;0.0;нет;2;11;4.0;4.4;2.5;38;да
267;Александр;М;17;Казань;Гимназия;Математика;14.6;да;11;4;7.0;6.8;2.8;84;да
268;Никита;М;18;Ростов-на-Дону;Обычная;Химия;5.3;да;10;9;6.0;7.7;2.9;71;да
269;Вероника;Ж;17;Санкт-Петербург;Обычная;Английский язык;1.4;нет;4;4;7.0;7.2;2.7;44;да
270;София;Ж;17;Самара;Гимназия;Английский язык;7.9;нет;10;1;7.0;;3.6;70;да
271;Никита;М;16;Екатеринбург;Лицей;Биология;9.4;да;9;2;7.0;9.0;3.6;82;да
272;Дмитрий;М;17;Москва;Гимназия;Химия;6.2;да;7;6;7.0;5.8;4.1;82;да
273;Матвей;М;18;Новосибирск;Обычная;Химия;11.4;да;8;0;7.0;7.0;4.2;100;да
274;Варвара;Ж;17;Екатеринбург;Обычная;Физика;16.7;нет;7;1;7.0;9.2;4.0;95;да
275;Тимофей;М;17;Казань;Лицей;Информатика;1.8;да;4;7;5.0;4.3;2.7;56;да
276;Кирилл;М;17;Казань;Обычная;Английский язык;7.5;нет;6;6;7.0;7.4;4.6;95;да
277;Кирилл;М;16;Нижний Новгород;Гимназия;Биология;10.2;нет;4;13;8.0;8.3;3.2;61;да
278;Арина;Ж;16;Москва;Лицей;Физика;13.1;нет;10;9;7.0;8.8;3.2;89;да
279;Александр;М;18;Ростов-на-Дону;Обычная;Математика;5.7;нет;5;4;7.0;7.8;3.4;68;да
280;Владимир;М;17;Казань;Обычная;История;0.4;да;5;6;3.0;7.7;2.9;45;да
281;Тимофей;М;17;Новосибирск;Лицей;Английский язык;0.0;да;5;11;6.0;5.2;2.0;39;да
282;Тимофей;М;16;Санкт-Петербург;Гимназия;Математика;7.3;нет;4;5;5.0;8.6;2.2;56;да
283;Полина;Ж;17;Ростов-на-Дону;Обычная;Информатика;8.0;да;9;9;2.0;5.1;2.0;47;да
284;Роман;М;17;Санкт-Петербург;Лицей;Обществознание;6.8;да;9;1;10.0;5.9;3.4;87;да
285;Никита;М;17;Самара;Обычная;Физика;12.2;да;4;1;9.0;;3.3;100;да
286;София;Ж;17;Казань;Гимназия;Русский язык;8.3;да;4;7;7.0;6.2;2.4;67;да
287;Владимир;М;18;Москва;Лицей;Информатика;0.0;да;8;3;7.0;7.3;3.5;78;да
288;Алиса;Ж;17;Новосибирск;Обычная;Информатика;10.0;нет;4;8;5.0;7.3;2.3;62;да
289;Анна;Ж;17;Екатеринбург;Лицей;Химия;1.4;нет;6;7;5.0;8.9;2.7;42;да
290;Данил;М;17;Новосибирск;Лицей;Английский язык;11.7;нет;9;1;8.0;7.8;3.0;78;да
291;Алиса;Ж;17;Ростов-на-Дону;Лицей;Английский язык;8.9;нет;4;7;8.0;6.2;3.1;81;да
292;Владимир;М;17;Екатеринбург;Обычная;Биология;17.6;да;4;5;8.0;8.3;4.2;100;да
293;Ксения;Ж;16;Самара;Лицей;Математика;8.8;нет;9;6;10.0;5.9;2.1;68;да
294;Александр;М;18;Казань;Гимназия;Физика;1.5;нет;13;3;7.0;8.4;3.3;78;да
295;Вероника;Ж;17;Санкт-Петербург;Обычная;Русский язык;5.2;да;9;4;3.0;7.1;2.6;67;да
296;Дарья;Ж;18;Новосибирск;Обычная;Математика;10.9;нет;8;5;3.0;7.7;3.7;64;да
297;Алиса;Ж;18;Екатеринбург;Гимназия;Информатика;5.9;да;2;7;2.0;4.7;2.8;52;да
298;Кирилл;М;16;Новосибирск;Лицей;Математика;9.8;да;6;4;5.0;4.3;3.0;71;да
299;Михаил;М;17;Самара;Обычная;Биология;10.8;да;7;9;5.0;5.2;2.9;65;да
300;Александр;М;17;Ростов-на-Дону;Гимназия;Физика;7.9;да;4;7;7.0;8.8;2.6;58;да
301;Тимофей;М;17;Москва;Обычная;История;9.1;да;15;3;;5.8;3.5;99;да
302;Полина;Ж;17;Москва;Гимназия;Химия;2.6;нет;10;3;8.0;8.1;3.2;73;да
303;Кирилл;М;16;Казань;Обычная;Английский язык;8.0;нет;10;4;7.0;6.4;3.1;77;да
304;Милана;Ж;17;Екатеринбург;Обычная;Химия;14.3;да;9;2;8.0;7.2;3.9;100;да
305;Елизавета;Ж;18;Москва;Гимназия;Русский язык;8.0;нет;7;2;6.0;7.4;3.8;88;да
306;Кирилл;М;18;Санкт-Петербург;Лицей;Английский язык;9.4;да;4;8;8.0;8.9;3.6;66;да
307;Иван;М;16;Новосибирск;Обычная;Физика;12.8;нет;9;10;3.0;7.8;3.1;74;да
308;Алиса;Ж;18;Новосибирск;Гимназия;История;6.6;да;6;5;6.0;7.3;2.7;65;да
309;Никита;М;16;Самара;Гимназия;Обществознание;0.0;да;10;5;6.0;8.6;3.2;60;да
310;Роман;М;17;Екатеринбург;Гимназия;Английский язык;1.1;нет;4;5;7.0;6.1;3.2;53;да
311;Дарья;Ж;17;Самара;Обычная;Биология;20.4;нет;6;0;8.0;8.8;3.6;99;да
312;Виктория;Ж;17;Самара;Обычная;Химия;6.9;нет;7;8;6.0;8.2;3.8;67;да
313;Тимофей;М;16;Новосибирск;Лицей;Информатика;0.0;нет;7;9;5.0;8.0;2.8;56;да
314;Роман;М;17;Ростов-на-Дону;Гимназия;Химия;16.5;нет;6;0;10.0;7.2;4.7;98;да
315;Владимир;М;17;Самара;Обычная;Обществознание;1.5;да;4;7;4.0;5.8;2.0;38;нет
316;Виктория;Ж;18;Новосибирск;Обычная;Биология;6.4;да;6;7;8.0;5.4;2.0;50;да
317;Варвара;Ж;17;Самара;Обычная;Математика;11.5;да;6;7;7.0;6.3;3.4;85;да
318;Елизавета;Ж;17;Казань;Обычная;Информатика;10.0;да;8;4;6.0;5.9;3.6;64;да
319;Ксения;Ж;17;Санкт-Петербург;Лицей;Английский язык;10.2;да;6;6;6.0;7.5;3.2;79;да
320;Полина;Ж;17;Самара;Обычная;Русский язык;6.8;нет;2;8;;6.3;2.2;48;да
321;Дмитрий;М;16;Самара;Лицей;Химия;17.0;да;6;6;;7.5;3.3;71;да
322;Иван;М;16;Санкт-Петербург;Лицей;Обществознание;17.9;нет;7;7;8.0;8.2;4.1;100;да
323;Дарья;Ж;17;Самара;Обычная;Физика;4.2;нет;9;2;7.0;6.0;3.4;80;да
324;Милана;Ж;18;Екатеринбург;Гимназия;История;10.3;нет;10;1;7.0;5.7;2.7;80;да
325;Милана;Ж;17;Екатеринбург;Обычная;Обществознание;11.2;нет;4;3;6.0;6.6;3.4;65;да
326;Максим;М;17;Самара;Обычная;Физика;11.6;да;7;6;6.0;6.0;2.3;71;да
327;Кирилл;М;17;Санкт-Петербург;Обычная;Английский язык;0.0;да;3;7;4.0;5.3;2.0;39;да
328;Дмитрий;М;18;Новосибирск;Обычная;Химия;13.4;нет;9;4;9.0;9.1;3.3;77;да
329;Кирилл;М;17;Казань;Обычная;Физика;14.2;нет;8;5;8.0;5.4;3.5;86;да
330;Виктория;Ж;18;Екатеринбург;Гимназия;Физика;13.6;да;1;11;10.0;9.0;2.0;55;да
331;Ксения;Ж;17;Санкт-Петербург;Обычная;Физика;3.0;да;5;7;5.0;;2.2;62;да
332;Тимофей;М;17;Москва;Обычная;Биология;2.5;нет;4;8;7.0;7.8;2.5;38;да
333;Никита;М;17;Нижний Новгород;Гимназия;Физика;3.9;нет;6;9;4.0;7.8;2.1;50;да
334;Ева;Ж;17;Москва;Гимназия;Информатика;6.2;да;9;6;9.0;7.8;2.2;76;да
335;Михаил;М;17;Новосибирск;Обычная;История;0.0;да;7;8;3.0;8.4;2.0;39;да
336;Вероника;Ж;17;Ростов-на-Дону;Обычная;Обществознание;0.0;нет;10;3;;5.9;3.0;68;да
337;Елизавета;Ж;17;Ростов-на-Дону;Обычная;История;8.5;да;5;5;6.0;7.0;3.7;81;да
338;Артём;М;18;Санкт-Петербург;Обычная;Химия;8.7;нет;6;6;7.0;5.9;2.8;64;да
339;Тимофей;М;17;Ростов-на-Дону;Обычная;История;0.0;да;2;12;3.0;4.2;2.0;28;нет
340;Полина;Ж;16;Казань;Лицей;Информатика;12.8;нет;10;8;3.0;5.9;2.4;48;да
341;Дарья;Ж;17;Санкт-Петербург;Обычная;Физика;11.8;да;7;2;7.0;9.6;3.3;96;да
342;Дмитрий;М;18;Екатеринбург;Обычная;История;5.7;да;1;6;7.0;6.0;2.0;29;нет
343;Анна;Ж;17;Новосибирск;Лицей;Русский язык;8.0;нет;7;5;7.0;9.3;2.7;60;да
344;Елизавета;Ж;18;Казань;Обычная;Английский язык;7.8;нет;5;9;2.0;9.1;2.0;35;да
345;Мария;Ж;17;Новосибирск;Обычная;Информатика;11.5;нет;8;3;9.0;10.8;3.8;88;да
346;Матвей;М;17;Москва;Гимназия;Обществознание;11.4;да;1;5;4.0;9.1;2.5;63;да
347;Ева;Ж;18;Казань;Обычная;Математика;9.4;нет;9;10;8.0;10.0;2.7;75;да
348;Варвара;Ж;17;Санкт-Петербург;Обычная;Химия;11.7;нет;8;3;8.0;7.6;3.1;87;да
349;Тимофей;М;17;Ростов-на-Дону;Обычная;Информатика;15.0;нет;5;1;9.0;7.8;4.1;97;да
350;Данил;М;16;Новосибирск;Лицей;Информатика;6.2;да;1;5;10.0;7.3;2.7;74;да
351;София;Ж;18;Екатеринбург;Лицей;Химия;10.7;нет;7;5;5.0;7.1;3.4;71;да
352;Никита;М;17;Новосибирск;Обычная;Биология;12.5;нет;2;6;6.0;6.7;2.3;49;да
353;Егор;М;17;Ростов-на-Дону;Обычная;Английский язык;10.5;нет;5;4;10.0;8.3;4.7;94;да
354;Владимир;М;17;Самара;Обычная;Обществознание;7.4;да;5;10;4.0;6.2;3.0;66;да
355;Алиса;Ж;17;Нижний Новгород;Обычная;Физика;11.3;да;5;5;4.0;5.2;2.0;62;да
356;Ксения;Ж;17;Казань;Гимназия;Английский язык;12.5;да;4;4;5.0;7.4;2.8;77;да
357;Артём;М;17;Казань;Гимназия;Химия;3.4;нет;8;6;5.0;5.7;2.0;43;да
358;Анна;Ж;17;Ростов-на-Дону;Обычная;Химия;0.0;нет;9;9;3.0;6.4;3.4;58;да
359;Дмитрий;М;17;Ростов-на-Дону;Обычная;Математика;13.0;да;4;3;8.0;7.1;3.2;91;да
360;Полина;Ж;17;Казань;Лицей;История;0.0;нет;6;7;3.0;6.6;3.0;55;да
361;Анна;Ж;17;Казань;Обычная;Обществознание;9.1;нет;2;8;7.0;7.9;2.0;28;нет
362;София;Ж;17;Казань;Обычная;Физика;8.3;да;0;4;7.0;6.8;2.7;77;да
363;Артём;М;16;Самара;Гимназия;Обществознание;14.2;да;8;4;10.0;8.6;3.2;89;да
364;Мария;Ж;17;Ростов-на-Дону;Обычная;Математика;0.0;нет;4;8;5.0;6.7;2.0;31;да
365;Михаил;М;17;Ростов-на-Дону;Обычная;Английский язык;0.0;нет;3;5;4.0;6.6;2.0;41;да
366;София;Ж;17;Самара;Обычная;Физика;11.7;да;13;3;5.0;7.5;3.9;83;да
367;Артём;М;18;Казань;Лицей;Химия;8.7;нет;6;7;7.0;5.5;3.4;71;да
368;Егор;М;17;Казань;Лицей;Математика;7.3;нет;3;4;6.0;7.5;2.7;69;да
369;Матвей;М;17;Ростов-на-Дону;Обычная;Английский язык;13.9;нет;12;3;10.0;8.6;4.1;98;да
370;Елизавета;Ж;18;Новосибирск;Лицей;Химия;20.5;нет;11;6;5.0;8.3;2.7;82;да
371;Владимир;М;17;Санкт-Петербург;Обычная;Английский язык;13.3;нет;5;6;10.0;5.6;3.9;82;да
372;Виктория;Ж;17;Самара;Гимназия;Информатика;19.7;нет;10;1;10.0;5.9;5.0;100;да
373;Егор;М;17;Новосибирск;Обычная;Математика;10.7;да;4;5;5.0;6.3;2.8;62;да
374;Никита;М;17;Москва;Обычная;История;11.5;нет;3;13;9.0;;2.2;54;да
375;Милана;Ж;16;Ростов-на-Дону;Лицей;Русский язык;8.5;да;9;8;5.0;7.4;3.0;79;да
376;Матвей;М;17;Казань;Обычная;Биология;1.1;нет;6;3;7.0;6.2;3.1;64;да
377;Вероника;Ж;17;Казань;Лицей;Математика;5.7;да;4;13;3.0;5.1;2.6;49;да
378;Арина;Ж;17;Екатеринбург;Обычная;Русский язык;8.1;нет;4;8;9.0;5.9;2.9;52;да
379;Михаил;М;18;Казань;Обычная;Биология;11.1;да;7;0;5.0;6.8;4.8;100;да
380;Михаил;М;16;Самара;Обычная;История;8.3;да;7;5;3.0;8.2;3.6;71;да
381;Матвей;М;17;Нижний Новгород;Обычная;Русский язык;3.0;да;6;6;4.0;8.0;2.6;54;да
382;Алиса;Ж;18;Екатеринбург;Обычная;Русский язык;16.8;нет;9;5;10.0;6.0;3.1;85;да
383;Виктория;Ж;17;Санкт-Петербург;Обычная;Обществознание;10.7;нет;5;5;8.0;7.9;2.6;73;да
384;Владимир;М;18;Новосибирск;Обычная;Математика;9.8;да;7;7;6.0;7.7;2.9;76;да
385;Никита;М;17;Казань;Гимназия;Физика;12.2;нет;7;2;9.0;5.8;2.9;72;да
386;Иван;М;17;Ростов-на-Дону;Лицей;Английский язык;4.0;нет;4;5;4.0;6.5;2.3;35;да
387;Михаил;М;18;Самара;Обычная;Химия;9.8;да;5;3;7.0;7.5;3.5;84;да
388;Виктория;Ж;17;Москва;Обычная;Математика;9.0;нет;6;7;10.0;7.8;4.4;100;да
389;Милана;Ж;17;Екатеринбург;Обычная;Английский язык;0.7;да;5;6;6.0;5.1;3.5;60;да
390;Владимир;М;17;Самара;Обычная;Информатика;7.5;да;4;5;4.0;7.0;2.0;67;да
391;Виктория;Ж;17;Екатеринбург;Обычная;История;7.8;нет;6;7;6.0;7.6;3.2;66;да
392;Михаил;М;17;Санкт-Петербург;Обычная;Биология;11.6;да;11;2;7.0;8.8;2.1;70;да
393;Матвей;М;16;Санкт-Петербург;Гимназия;Информатика;13.5;нет;4;6;6.0;6.1;2.8;73;да
394;Арина;Ж;17;Нижний Новгород;Лицей;Информатика;13.1;нет;7;9;8.0;6.2;3.0;65;да
395;Алиса;Ж;17;Екатеринбург;Обычная;Химия;6.8;нет;10;3;7.0;7.0;3.7;81;да
396;Елизавета;Ж;18;Екатеринбург;Обычная;Информатика;1.4;нет;5;8;5.0;6.8;2.0;32;нет
397;Данил;М;18;Казань;Обычная;Русский язык;12.5;нет;10;6;8.0;7.4;3.1;88;да
398;Кирилл;М;17;Казань;Обычная;История;17.0;нет;7;4;6.0;7.6;2.9;73;да
399;Александр;М;17;Новосибирск;Обычная;История;15.1;да;13;4;10.0;5.8;3.4;99;да
400;Артём;М;17;Екатеринбург;Обычная;Биология;9.1;да;7;5;6.0;7.1;2.0;66;да
401;Ева;Ж;17;Новосибирск;Обычная;История;10.4;нет;7;4;7.0;6.5;4.0;86;да
402;Алиса;Ж;17;Ростов-на-Дону;Обычная;Химия;8.2;да;9;4;8.0;7.2;3.1;100;да
403;Артём;М;17;Санкт-Петербург;Лицей;Английский язык;14.0;да;8;3;9.0;9.3;3.8;100;да
404;Виктория;Ж;18;Новосибирск;Обычная;Обществознание;0.0;да;6;8;6.0;4.9;2.0;48;да
405;Максим;М;17;Санкт-Петербург;Гимназия;Английский язык;9.5;нет;7;5;8.0;6.9;3.5;75;да
406;Мария;Ж;17;Москва;Обычная;Математика;8.8;да;8;5;3.0;5.6;3.2;65;да
407;Артём;М;18;Новосибирск;Обычная;Математика;9.6;да;3;9;1.0;6.7;2.5;35;да
408;Владимир;М;17;Москва;Обычная;Химия;6.5;да;6;4;;8.3;3.1;70;да
409;София;Ж;17;Казань;Обычная;История;0.0;да;5;3;7.0;7.3;3.0;78;да
410;Иван;М;17;Нижний Новгород;Обычная;Физика;11.7;нет;8;5;7.0;7.0;3.5;80;да
411;Александр;М;18;Новосибирск;Обычная;Русский язык;5.7;да;8;5;8.0;8.6;4.0;72;да
412;Михаил;М;16;Нижний Новгород;Обычная;Математика;9.0;нет;4;3;10.0;7.5;3.5;75;да
413;Иван;М;16;Казань;Обычная;Химия;12.1;нет;7;5;10.0;8.4;3.9;91;да
414;Роман;М;18;Новосибирск;Обычная;Английский язык;10.6;да;8;1;9.0;8.2;3.4;99;да
415;Данил;М;17;Ростов-на-Дону;Лицей;Химия;3.7;нет;7;9;2.0;4.0;2.0;20;нет
416;Арина;Ж;17;Санкт-Петербург;Лицей;История;0.9;нет;7;5;4.0;6.8;3.1;55;да
417;Елизавета;Ж;17;Екатеринбург;Лицей;Математика;5.4;нет;9;10;1.0;5.7;2.5;54;да
418;Егор;М;17;Нижний Новгород;Гимназия;Русский язык;5.5;да;10;11;6.0;5.5;2.0;43;да
419;Владимир;М;17;Казань;Обычная;История;5.8;да;6;5;8.0;8.8;3.6;82;да
420;Ксения;Ж;17;Казань;Гимназия;Информатика;5.3;нет;12;4;10.0;6.9;3.8;86;да
421;Вероника;Ж;17;Нижний Новгород;Обычная;Математика;7.4;нет;6;9;6.0;8.9;2.0;45;да
422;Вероника;Ж;16;Москва;Обычная;Физика;13.5;нет;11;2;6.0;5.4;4.1;82;да
423;Елизавета;Ж;17;Казань;Лицей;Обществознание;5.1;нет;2;9;4.0;5.4;3.2;46;да
424;Варвара;Ж;17;Новосибирск;Обычная;История;0.0;да;5;9;4.0;7.7;2.8;53;да
425;Иван;М;18;Санкт-Петербург;Обычная;Обществознание;15.3;нет;8;2;7.0;7.0;4.4;87;да
426;Роман;М;17;Екатеринбург;Обычная;Информатика;0.0;нет;3;8;4.0;7.2;2.6;51;да
427;Варвара;Ж;17;Екатеринбург;Обычная;Английский язык;10.6;нет;6;5;10.0;7.0;3.6;90;да
428;Милана;Ж;18;Ростов-на-Дону;Обычная;Английский язык;0.0;да;5;8;2.0;6.3;2.0;28;да
429;Иван;М;18;Екатеринбург;Лицей;Информатика;8.9;да;6;1;7.0;7.2;3.6;100;да
430;Ева;Ж;17;Екатеринбург;Обычная;Русский язык;8.0;нет;11;4;3.0;7.4;4.4;67;да
431;Егор;М;18;Нижний Новгород;Обычная;Английский язык;6.7;нет;6;5;6.0;7.7;2.3;76;да
432;Мария;Ж;17;Санкт-Петербург;Обычная;Информатика;7.1;нет;7;8;7.0;9.1;3.5;78;да
433;Мария;Ж;17;Новосибирск;Гимназия;Химия;6.1;да;3;11;4.0;6.3;2.3;47;да
434;Михаил;М;17;Самара;Гимназия;Английский язык;9.8;да;13;3;5.0;6.9;3.9;83;да
435;Артём;М;17;Санкт-Петербург;Лицей;Физика;10.9;нет;9;3;6.0;6.3;2.8;61;да
436;Дмитрий;М;17;Казань;Обычная;Обществознание;8.5;да;2;4;5.0;8.7;2.8;70;да
437;Полина;Ж;17;Санкт-Петербург;Обычная;Русский язык;3.7;да;9;3;5.0;7.7;2.8;56;да
438;Варвара;Ж;16;Ростов-на-Дону;Обычная;Физика;2.8;нет;3;8;9.0;4.5;2.8;49;да
439;Артём;М;17;Казань;Лицей;Информатика;3.5;да;5;5;7.0;4.9;3.4;77;да
440;Матвей;М;18;Казань;Обычная;Химия;9.9;нет;7;4;7.0;6.1;3.1;73;да
441;Арина;Ж;17;Самара;Лицей;Физика;8.5;да;5;6;6.0;7.5;2.9;81;да
442;Михаил;М;17;Ростов-на-Дону;Обычная;Обществознание;0.0;нет;4;5;4.0;7.0;3.8;53;да
443;Матвей;М;17;Москва;Гимназия;Биология;7.4;нет;8;0;6.0;7.8;3.5;79;да
444;Егор;М;17;Ростов-на-Дону;Обычная;История;3.1;нет;1;11;10.0;6.7;2.8;53;да
445;Анна;Ж;17;Нижний Новгород;Обычная;История;21.0;нет;9;3;8.0;9.3;4.1;100;да
446;София;Ж;17;Самара;Обычная;Биология;0.0;да;7;7;5.0;7.5;2.0;45;да
447;Матвей;М;17;Москва;Лицей;Биология;6.0;нет;5;5;6.0;7.5;4.1;81;да
448;Вероника;Ж;17;Москва;Гимназия;Биология;16.5;нет;6;0;2.0;8.8;3.8;91;да
449;Арина;Ж;17;Казань;Обычная;История;10.9;нет;3;6;4.0;4.8;2.7;50;да
450;Дмитрий;М;16;Самара;Гимназия;Английский язык;11.7;нет;12;3;10.0;7.6;3.8;100;да
451;Виктория;Ж;16;Новосибирск;Обычная;Русский язык;8.5;нет;10;4;8.0;7.5;4.2;74;да
452;София;Ж;17;Нижний Новгород;Обычная;Химия;13.4;нет;9;4;10.0;8.0;3.9;79;да
453;Александр;М;18;Санкт-Петербург;Обычная;Русский язык;0.0;нет;6;2;5.0;5.0;3.0;58;да
454;Иван;М;17;Казань;Обычная;Русский язык;0.0;да;9;9;1.0;6.6;3.1;53;да
455;Елизавета;Ж;16;Ростов-на-Дону;Гимназия;Английский язык;6.2;нет;5;4;4.0;7.4;3.2;53;да
456;София;Ж;17;Новосибирск;Обычная;Химия;15.4;нет;7;4;7.0;7.7;2.7;74;да
457;Матвей;М;17;Самара;Обычная;История;10.5;да;8;3;8.0;8.8;4.5;100;да
458;Ксения;Ж;17;Нижний Новгород;Обычная;История;8.9;нет;7;3;6.0;8.0;3.3;74;да
459;Алиса;Ж;17;Санкт-Петербург;Лицей;Математика;9.8;нет;9;7;4.0;6.7;2.2;47;да
460;Михаил;М;18;Ростов-на-Дону;Гимназия;Химия;18.9;да;7;0;9.0;8.1;3.1;95;да
461;Ева;Ж;16;Ростов-на-Дону;Гимназия;Русский язык;8.5;нет;10;5;6.0;7.0;3.9;80;да
462;Артём;М;17;Самара;Обычная;Физика;9.9;нет;7;2;7.0;7.4;3.5;75;да
463;София;Ж;17;Новосибирск;Обычная;Русский язык;17.5;нет;6;7;7.0;8.2;3.6;78;да
464;Александр;М;17;Новосибирск;Обычная;Биология;1.1;да;2;9;5.0;6.9;2.8;56;да
465;Роман;М;17;Казань;Гимназия;Русский язык;9.3;нет;3;7;3.0;7.2;2.0;54;да
466;Анна;Ж;17;Нижний Новгород;Обычная;Химия;1.3;да;5;8;4.0;7.9;2.7;57;да
467;Данил;М;16;Казань;Гимназия;Физика;3.5;нет;3;6;8.0;7.4;2.0;40;да
468;Полина;Ж;17;Санкт-Петербург;Гимназия;Английский язык;7.7;да;12;7;8.0;8.6;3.1;81;да
469;Тимофей;М;17;Москва;Лицей;Обществознание;3.9;нет;7;3;8.0;9.8;3.9;65;да
470;София;Ж;17;Новосибирск;Лицей;Информатика;2.7;нет;4;4;4.0;7.7;3.1;47;да
471;Милана;Ж;18;Самара;Обычная;Физика;1.6;нет;8;10;1.0;5.7;2.0;20;нет
472;Варвара;Ж;17;Самара;Обычная;История;8.2;нет;6;10;7.0;7.2;3.3;43;да
473;Егор;М;17;Самара;Обычная;Биология;10.8;нет;12;4;9.0;7.9;3.8;94;да
474;Максим;М;18;Екатеринбург;Обычная;Химия;6.3;нет;3;13;6.0;7.5;2.6;59;да
475;Вероника;Ж;17;Самара;Лицей;Математика;11.4;да;7;9;6.0;8.9;2.9;75;да
476;Виктория;Ж;16;Самара;Обычная;Математика;0.0;нет;5;8;2.0;4.6;2.0;31;да
477;Ксения;Ж;17;Самара;Гимназия;Биология;15.3;нет;6;3;9.0;9.2;3.0;99;да
478;Никита;М;17;Екатеринбург;Гимназия;Химия;10.8;нет;6;4;8.0;9.2;3.2;75;да
479;Алиса;Ж;17;Москва;Обычная;Обществознание;19.3;нет;10;4;5.0;7.8;2.7;73;да
480;Никита;М;18;Новосибирск;Обычная;Математика;13.5;нет;6;0;7.0;8.4;4.8;100;да
481;Максим;М;17;Самара;Обычная;Русский язык;10.7;нет;9;0;10.0;7.2;3.9;95;да
482;София;Ж;16;Нижний Новгород;Обычная;Обществознание;10.2;нет;3;2;4.0;6.9;2.9;57;да
483;Артём;М;17;Москва;Лицей;Английский язык;9.5;да;3;13;9.0;7.7;2.6;67;да
484;Анна;Ж;17;Москва;Лицей;История;4.9;нет;4;3;5.0;7.7;3.4;54;да
485;Никита;М;17;Нижний Новгород;Лицей;Математика;7.9;нет;9;4;6.0;8.0;3.8;70;да
486;Владимир;М;16;Ростов-на-Дону;Обычная;Математика;9.8;нет;2;3;6.0;7.7;2.9;64;да
487;Максим;М;17;Нижний Новгород;Гимназия;Обществознание;3.5;нет;2;9;5.0;8.0;2.4;44;да
488;София;Ж;17;Ростов-на-Дону;Лицей;Химия;10.8;да;12;0;10.0;8.4;4.2;92;да
489;Анна;Ж;16;Москва;Гимназия;Химия;8.0;да;2;7;8.0;5.7;2.5;75;да
490;Дарья;Ж;17;Ростов-на-Дону;Гимназия;Английский язык;18.9;нет;6;0;10.0;8.7;3.8;100;да
491;Алиса;Ж;16;Санкт-Петербург;Лицей;Физика;5.9;да;12;4;6.0;9.3;3.3;84;да
492;Ксения;Ж;17;Ростов-на-Дону;Обычная;Физика;6.0;да;13;1;7.0;7.5;4.6;100;да
493;София;Ж;16;Ростов-на-Дону;Гимназия;История;1.4;да;9;4;6.0;8.9;3.1;69;да
494;Виктория;Ж;16;Екатеринбург;Обычная;Английский язык;5.9;нет;10;7;6.0;6.2;3.7;87;да
495;Никита;М;17;Екатеринбург;Обычная;Информатика;0.6;нет;5;10;8.0;6.7;2.4;55;да
496;Егор;М;17;Новосибирск;Обычная;Русский язык;4.8;да;10;6;7.0;6.0;2.8;58;да
497;Михаил;М;17;Екатеринбург;Обычная;Математика;4.6;да;9;3;6.0;8.8;3.7;63;да
498;Тимофей;М;17;Самара;Обычная;Математика;8.2;нет;8;4;5.0;9.3;3.5;81;да
499;Ксения;Ж;16;Казань;Обычная;Информатика;5.0;да;6;5;9.0;6.9;2.6;74;да
500;Роман;М;16;Казань;Гимназия;Химия;2.4;нет;7;6;5.0;8.0;2.0;46;да
501;Михаил;М;17;Ростов-на-Дону;Лицей;Химия;9.2;нет;8;6;4.0;8.6;2.6;46;да
502;Алиса;Ж;17;Самара;Гимназия;Физика;6.4;да;3;10;8.0;6.5;2.0;46;да
503;Алиса;Ж;17;Екатеринбург;Гимназия;История;2.8;нет;2;8;3.0;6.6;2.1;30;нет
504;Виктория;Ж;18;Санкт-Петербург;Обычная;Обществознание;6.5;да;16;7;5.0;7.9;3.4;76;да
505;Данил;М;17;Ростов-на-Дону;Лицей;Физика;9.6;да;5;2;7.0;6.3;3.5;87;да
506;Иван;М;17;Ростов-на-Дону;Лицей;История;9.3;нет;3;4;3.0;7.1;2.9;59;да
507;Милана;Ж;18;Казань;Обычная;Химия;3.6;нет;4;11;4.0;8.9;2.0;20;нет
508;Егор;М;17;Екатеринбург;Гимназия;История;3.8;нет;4;6;4.0;6.3;2.6;56;да
509;Владимир;М;17;Новосибирск;Гимназия;Математика;7.7;да;4;3;5.0;8.0;2.5;62;да
510;Кирилл;М;17;Самара;Обычная;История;6.2;да;5;1;7.0;8.3;4.2;100;да
511;Виктория;Ж;17;Нижний Новгород;Гимназия;История;4.5;нет;2;9;3.0;6.4;2.6;33;да
512;Алиса;Ж;18;Новосибирск;Обычная;История;9.9;нет;5;5;4.0;7.1;3.4;57;да
513;Арина;Ж;16;Ростов-на-Дону;Гимназия;Обществознание;12.0;нет;6;0;8.0;9.6;4.0;100;да
514;Виктория;Ж;18;Екатеринбург;Лицей;История;16.6;да;10;6;6.0;7.8;3.0;83;да
515;Алиса;Ж;17;Новосибирск;Обычная;Английский язык;6.2;нет;7;4;7.0;8.0;3.8;71;да
516;Матвей;М;17;Ростов-на-Дону;Гимназия;История;9.2;нет;6;5;10.0;9.0;2.4;77;да
517;Ксения;Ж;17;Новосибирск;Обычная;Химия;8.8;нет;4;8;6.0;6.8;3.3;59;да
518;Александр;М;17;Новосибирск;Обычная;Обществознание;9.9;да;8;5;8.0;6.0;3.4;92;да
519;Егор;М;16;Новосибирск;Лицей;История;5.1;нет;6;8;7.0;8.9;3.0;58;да
520;Ксения;Ж;18;Санкт-Петербург;Лицей;Биология;11.1;да;10;1;7.0;7.4;4.1;92;да
521;Владимир;М;17;Казань;Обычная;Биология;7.3;нет;5;6;5.0;7.7;2.0;29;нет
522;Кирилл;М;18;Москва;Лицей;Информатика;14.5;нет;10;5;6.0;6.2;3.3;75;да
523;Максим;М;17;Нижний Новгород;Обычная;Биология;8.5;нет;4;3;7.0;7.5;2.9;63;да
524;Мария;Ж;17;Екатеринбург;Обычная;Химия;9.4;нет;3;8;4.0;5.5;2.5;59;да
525;Данил;М;17;Ростов-на-Дону;Лицей;Русский язык;5.1;нет;3;5;5.0;7.1;3.2;65;да
526;Александр;М;17;Екатеринбург;Обычная;Информатика;9.2;нет;8;2;5.0;6.0;2.5;62;да
527;Виктория;Ж;17;Москва;Обычная;Английский язык;1.7;нет;4;7;1.0;5.6;2.4;32;да
528;Дмитрий;М;18;Екатеринбург;Гимназия;Физика;11.3;нет;8;7;9.0;6.5;3.2;75;да
529;София;Ж;18;Санкт-Петербург;Гимназия;История;13.5;да;5;7;9.0;4.0;2.9;64;да
530;Милана;Ж;17;Москва;Лицей;Информатика;8.5;нет;8;6;7.0;5.7;3.3;80;да
531;Анна;Ж;17;Нижний Новгород;Лицей;Физика;0.0;нет;6;12;6.0;7.6;2.4;43;да
532;Александр;М;17;Москва;Гимназия;Информатика;7.9;нет;12;1;9.0;7.6;3.0;85;да
533;Матвей;М;17;Новосибирск;Гимназия;Английский язык;9.4;нет;7;5;2.0;5.4;2.9;44;да
534;Максим;М;17;Ростов-на-Дону;Обычная;Русский язык;8.5;нет;2;6;;7.5;2.9;65;да
535;Ева;Ж;17;Казань;Обычная;История;7.1;да;4;5;5.0;5.8;2.7;64;да
536;Александр;М;16;Нижний Новгород;Обычная;Обществознание;16.0;нет;8;0;10.0;8.3;3.8;100;да
537;Максим;М;16;Новосибирск;Обычная;Русский язык;10.9;да;6;3;6.0;7.0;3.3;79;да
538;Дмитрий;М;18;Москва;Обычная;История;12.2;да;4;5;8.0;6.5;3.2;74;да
539;Варвара;Ж;17;Санкт-Петербург;Лицей;Биология;13.2;да;9;6;6.0;7.0;3.7;85;да
540;Данил;М;18;Москва;Лицей;Информатика;7.8;да;4;11;8.0;9.4;2.4;52;да
541;Ксения;Ж;17;Санкт-Петербург;Гимназия;Русский язык;9.3;да;4;5;5.0;6.1;3.1;75;да
542;Иван;М;17;Санкт-Петербург;Обычная;Английский язык;17.6;нет;10;10;10.0;7.9;4.9;100;да
543;Дмитрий;М;17;Ростов-на-Дону;Обычная;Русский язык;7.2;да;7;5;7.0;8.0;3.5;65;да
544;Михаил;М;18;Самара;Обычная;Английский язык;5.8;нет;7;6;7.0;5.9;3.0;70;да
545;Алиса;Ж;17;Казань;Обычная;Биология;16.5;да;5;6;7.0;5.3;2.7;78;да
546;Данил;М;17;Нижний Новгород;Обычная;Обществознание;11.6;нет;7;6;6.0;;3.6;79;да
547;Кирилл;М;17;Санкт-Петербург;Гимназия;Физика;5.2;нет;8;9;1.0;7.3;2.4;30;нет
548;Ева;Ж;16;Нижний Новгород;Обычная;Математика;3.4;да;10;9;6.0;6.1;2.0;40;да
549;Ксения;Ж;17;Санкт-Петербург;Лицей;Биология;6.3;нет;8;2;5.0;6.8;3.2;69;да
550;София;Ж;17;Нижний Новгород;Обычная;Информатика;5.9;нет;4;7;8.0;7.9;2.6;67;да
551;Алиса;Ж;17;Казань;Обычная;Химия;17.7;нет;7;1;8.0;6.4;4.2;93;да
552;Роман;М;18;Самара;Гимназия;Химия;9.3;да;3;13;8.0;6.8;2.7;70;да
553;Дарья;Ж;17;Самара;Гимназия;Физика;0.0;нет;7;7;6.0;4.6;2.0;47;да
554;Данил;М;17;Казань;Обычная;История;3.3;нет;5;7;1.0;7.0;2.5;42;да
555;Ксения;Ж;17;Москва;Гимназия;Химия;7.6;да;5;12;5.0;6.5;2.0;32;нет
556;Мария;Ж;16;Казань;Обычная;Биология;6.4;нет;7;6;5.0;7.9;2.1;61;да
557;Милана;Ж;17;Казань;Гимназия;История;0.2;да;5;6;8.0;5.6;3.6;67;да
558;Арина;Ж;17;Новосибирск;Обычная;История;14.3;нет;3;7;7.0;6.6;3.1;72;да
559;Вероника;Ж;17;Екатеринбург;Обычная;Физика;14.0;да;9;6;8.0;5.8;4.4;99;да
560;Ева;Ж;16;Ростов-на-Дону;Лицей;История;11.3;да;5;2;7.0;7.1;4.1;77;да
561;Виктория;Ж;17;Москва;Гимназия;Русский язык;6.0;нет;7;11;4.0;8.7;3.2;52;да
562;Иван;М;17;Екатеринбург;Гимназия;Английский язык;5.9;нет;7;10;;6.0;2.0;31;да
563;Иван;М;18;Санкт-Петербург;Обычная;Обществознание;7.7;нет;8;4;3.0;5.5;3.3;64;да
564;Владимир;М;17;Екатеринбург;Гимназия;Химия;14.3;нет;8;1;5.0;6.4;3.5;60;да
565;Дарья;Ж;17;Нижний Новгород;Обычная;Русский язык;11.1;да;4;4;3.0;5.2;3.0;69;да
566;Егор;М;17;Самара;Обычная;Английский язык;11.9;да;9;7;4.0;5.7;3.2;83;да
567;Матвей;М;17;Екатеринбург;Обычная;Химия;5.1;да;6;14;5.0;7.5;2.2;46;да
568;Данил;М;17;Санкт-Петербург;Обычная;Обществознание;13.3;нет;12;0;9.0;5.9;4.7;98;да
569;Милана;Ж;16;Ростов-на-Дону;Обычная;Математика;9.3;да;4;11;5.0;7.1;2.0;56;да
570;Вероника;Ж;17;Новосибирск;Лицей;Информатика;6.8;нет;6;7;6.0;7.3;3.0;74;да
571;Анна;Ж;17;Новосибирск;Обычная;Физика;0.0;да;3;8;2.0;5.9;2.2;34;нет
572;Никита;М;17;Нижний Новгород;Лицей;Обществознание;7.7;да;2;9;4.0;7.0;2.3;60;да
573;Тимофей;М;17;Казань;Обычная;Химия;15.1;да;11;3;6.0;6.3;4.1;98;да
574;Роман;М;17;Ростов-на-Дону;Лицей;Русский язык;9.1;да;4;1;6.0;7.9;3.2;66;да
575;Максим;М;18;Москва;Обычная;Биология;12.2;да;9;3;4.0;6.4;3.7;78;да
576;Артём;М;17;Санкт-Петербург;Обычная;Русский язык;7.4;нет;9;5;8.0;6.6;2.9;71;да
577;Дарья;Ж;18;Ростов-на-Дону;Лицей;Химия;10.8;да;2;13;5.0;6.4;3.5;71;да
578;Ева;Ж;18;Новосибирск;Гимназия;Английский язык;11.9;нет;8;6;8.0;8.2;4.1;84;да
579;Анна;Ж;17;Ростов-на-Дону;Гимназия;Информатика;5.3;нет;5;9;8.0;7.6;2.9;64;да
580;Данил;М;17;Ростов-на-Дону;Обычная;Информатика;1.4;нет;3;13;5.0;4.0;2.0;32;нет
581;Артём;М;17;Ростов-на-Дону;Гимназия;Математика;13.7;нет;5;7;7.0;7.1;2.7;70;да
582;Алиса;Ж;16;Нижний Новгород;Лицей;Химия;2.7;да;9;1;2.0;5.1;3.2;73;да
583;Михаил;М;18;Нижний Новгород;Гимназия;Английский язык;11.2;да;10;10;5.0;6.7;2.6;73;да
584;Никита;М;16;Екатеринбург;Обычная;Английский язык;0.0;да;5;9;7.0;6.4;2.4;49;да
585;Данил;М;17;Нижний Новгород;Обычная;Английский язык;5.4;нет;4;6;6.0;6.4;2.8;57;да
586;Виктория;Ж;17;Казань;Обычная;Информатика;4.5;нет;6;2;9.0;7.4;2.0;60;да
587;Ева;Ж;18;Самара;Гимназия;Математика;0.0;да;8;6;9.0;7.8;3.0;59;да
588;Дмитрий;М;17;Санкт-Петербург;Обычная;Физика;5.4;нет;1;8;5.0;5.7;2.9;44;да
589;Милана;Ж;17;Новосибирск;Обычная;Русский язык;4.6;нет;4;11;5.0;5.8;2.2;50;да
590;София;Ж;17;Казань;Лицей;Математика;0.0;нет;5;5;3.0;6.7;2.5;38;да
591;Арина;Ж;17;Самара;Гимназия;История;13.7;нет;11;6;6.0;5.4;3.4;82;да
592;Виктория;Ж;17;Казань;Лицей;Химия;16.2;нет;8;10;6.0;6.7;4.1;77;да
593;Никита;М;17;Санкт-Петербург;Лицей;История;13.5;нет;4;10;5.0;8.6;3.4;56;да
594;София;Ж;17;Самара;Обычная;Русский язык;8.3;нет;3;9;4.0;5.1;2.4;53;да
595;Кирилл;М;16;Новосибирск;Гимназия;История;8.6;да;8;7;;6.6;3.2;81;да
596;Мария;Ж;17;Нижний Новгород;Обычная;Математика;10.9;да;2;9;9.0;6.0;3.4;71;да
597;Варвара;Ж;18;Ростов-на-Дону;Обычная;История;11.3;нет;4;8;7.0;9.1;2.1;58;да
598;Арина;Ж;17;Самара;Обычная;Обществознание;9.7;нет;6;9;4.0;6.1;2.4;52;да
599;Ева;Ж;17;Новосибирск;Обычная;Физика;2.3;да;3;11;7.0;6.2;2.8;59;да
600;Варвара;Ж;17;Санкт-Петербург;Лицей;Физика;5.3;нет;1;8;6.0;5.4;2.1;46;да
601;Виктория;Ж;18;Ростов-на-Дону;Лицей;Информатика;10.2;да;9;5;6.0;7.1;3.8;71;да
602;Арина;Ж;17;Казань;Обычная;Биология;3.0;нет;9;4;7.0;7.5;3.2;69;да
603;Ева;Ж;17;Самара;Обычная;Химия;5.1;да;7;10;4.0;5.5;2.0;42;да
604;Артём;М;18;Самара;Обычная;Математика;17.2;нет;4;3;7.0;8.2;2.8;82;да
605;Анна;Ж;17;Новосибирск;Обычная;Информатика;9.9;нет;3;3;;7.3;3.1;69;да
606;Милана;Ж;17;Санкт-Петербург;Гимназия;Химия;14.9;да;8;3;5.0;8.1;2.9;76;да
607;Максим;М;17;Новосибирск;Лицей;Биология;8.7;да;5;4;4.0;6.6;3.1;69;да
608;Елизавета;Ж;17;Санкт-Петербург;Обычная;Биология;3.3;нет;12;4;5.0;6.9;2.4;43;да
609;Алиса;Ж;18;Казань;Обычная;Биология;5.7;да;8;8;6.0;6.4;2.0;53;да
610;Анна;Ж;17;Новосибирск;Гимназия;Химия;4.8;да;10;12;5.0;8.8;2.8;63;да
611;Арина;Ж;18;Екатеринбург;Гимназия;Химия;7.2;нет;6;4;5.0;7.4;3.8;83;да
612;Максим;М;18;Санкт-Петербург;Гимназия;Информатика;6.4;да;3;10;6.0;6.3;2.0;40;да
613;Варвара;Ж;17;Самара;Обычная;Физика;14.5;да;9;4;8.0;6.6;3.0;86;да
614;Кирилл;М;17;Москва;Обычная;Физика;7.6;да;7;7;3.0;6.7;3.8;81;да
615;София;Ж;17;Ростов-на-Дону;Обычная;Информатика;11.4;нет;5;3;9.0;7.2;2.8;66;да
616;Мария;Ж;17;Казань;Лицей;Математика;9.3;да;9;7;6.0;8.1;3.6;80;да
617;Роман;М;17;Новосибирск;Обычная;Русский язык;7.3;да;6;7;6.0;6.0;2.8;67;да
618;Михаил;М;16;Ростов-на-Дону;Лицей;Русский язык;9.5;да;8;2;8.0;7.1;2.8;84;да
619;Дмитрий;М;18;Нижний Новгород;Обычная;Информатика;7.1;да;6;7;8.0;6.7;2.2;47;да
620;Матвей;М;17;Москва;Лицей;Химия;1.3;да;7;10;6.0;6.7;2.0;28;нет
621;Иван;М;18;Екатеринбург;Обычная;Русский язык;16.5;да;8;2;7.0;5.2;3.7;94;да
622;Александр;М;17;Екатеринбург;Гимназия;Русский язык;6.3;да;4;8;2.0;5.6;2.6;55;да
623;Владимир;М;17;Ростов-на-Дону;Обычная;Химия;9.1;да;4;5;1.0;5.2;3.7;60;да
624;Александр;М;17;Екатеринбург;Лицей;Физика;0.5;нет;6;11;6.0;6.6;2.0;43;да
625;Дарья;Ж;17;Ростов-на-Дону;Обычная;Обществознание;12.4;да;6;10;7.0;5.5;2.1;50;да
626;Матвей;М;16;Екатеринбург;Лицей;Русский язык;9.4;да;5;4;4.0;6.4;2.6;65;да
627;Данил;М;17;Санкт-Петербург;Лицей;Химия;8.7;нет;4;7;5.0;5.3;2.1;43;да
628;Данил;М;17;Екатеринбург;Обычная;Обществознание;2.7;нет;6;3;5.0;6.6;3.0;64;да
629;Полина;Ж;18;Ростов-на-Дону;Обычная;Математика;6.1;нет;9;9;5.0;5.8;3.5;56;да
630;Дмитрий;М;16;Москва;Обычная;Химия;13.9;да;7;4;8.0;8.0;3.5;90;да
631;Елизавета;Ж;17;Новосибирск;Обычная;Химия;9.9;да;12;6;7.0;7.6;3.3;87;да
632;Владимир;М;17;Москва;Лицей;Химия;5.1;да;8;0;7.0;7.7;3.8;93;да
633;Дмитрий;М;17;Самара;Обычная;Обществознание;9.0;да;5;8;10.0;6.3;2.2;56;да
634;Владимир;М;16;Екатеринбург;Обычная;Биология;5.7;да;1;5;3.0;4.5;2.6;64;да
635;Никита;М;17;Нижний Новгород;Обычная;Информатика;17.0;нет;8;6;8.0;6.8;3.5;99;да
636;Дарья;Ж;17;Ростов-на-Дону;Обычная;Информатика;11.4;да;7;2;5.0;6.5;3.2;92;да
637;Максим;М;17;Самара;Обычная;Биология;4.6;нет;6;9;4.0;6.9;2.7;46;да
638;Данил;М;17;Новосибирск;Лицей;Физика;11.8;да;8;3;6.0;7.6;3.5;70;да
639;Мария;Ж;18;Ростов-на-Дону;Обычная;История;8.5;да;9;0;9.0;7.8;3.0;92;да
640;Алиса;Ж;17;Новосибирск;Гимназия;Информатика;5.6;нет;7;6;6.0;8.7;3.4;69;да
641;Арина;Ж;17;Ростов-на-Дону;Лицей;Математика;7.8;нет;7;4;5.0;6.4;3.2;57;да
642;София;Ж;17;Ростов-на-Дону;Обычная;Химия;10.7;да;5;10;5.0;6.2;3.0;78;да
643;Ксения;Ж;17;Санкт-Петербург;Гимназия;Физика;1.5;нет;7;12;3.0;8.1;2.5;49;да
644;Данил;М;17;Самара;Лицей;Информатика;2.2;да;8;3;8.0;7.3;3.6;79;да
645;Анна;Ж;17;Нижний Новгород;Лицей;Физика;10.5;да;6;9;6.0;6.6;3.0;66;да
646;Артём;М;17;Самара;Обычная;Русский язык;5.5;нет;5;3;7.0;;3.4;57;да
647;Артём;М;17;Санкт-Петербург;Лицей;Физика;6.7;да;7;10;6.0;7.7;2.8;76;да
648;Варвара;Ж;17;Екатеринбург;Обычная;Английский язык;0.0;да;6;4;5.0;6.6;2.0;50;да
649;Вероника;Ж;17;Санкт-Петербург;Обычная;Физика;6.9;нет;9;0;9.0;6.3;3.5;81;да
650;Ева;Ж;17;Ростов-на-Дону;Обычная;История;15.5;да;7;1;;9.3;4.1;100;да
651;Максим;М;17;Самара;Обычная;Информатика;6.4;да;3;12;7.0;6.7;2.4;46;да
652;София;Ж;18;Екатеринбург;Лицей;Математика;5.9;да;5;5;7.0;7.1;2.3;71;да
653;Александр;М;17;Санкт-Петербург;Обычная;Обществознание;12.3;нет;7;4;8.0;7.6;2.4;63;да
654;Елизавета;Ж;16;Нижний Новгород;Обычная;Английский язык;7.0;нет;6;7;6.0;8.2;3.1;66;да
655;Мария;Ж;16;Новосибирск;Гимназия;Физика;5.4;да;9;7;6.0;7.7;2.9;74;да
656;Алиса;Ж;18;Самара;Обычная;Русский язык;16.4;да;7;9;9.0;8.3;3.6;93;да
657;Ева;Ж;17;Москва;Обычная;Английский язык;12.4;нет;11;1;9.0;7.9;3.9;91;да
658;Милана;Ж;17;Новосибирск;Обычная;Математика;6.4;да;11;8;6.0;;3.4;70;да
659;Роман;М;17;Казань;Гимназия;Английский язык;10.8;нет;8;2;5.0;6.5;4.0;92;да
660;Иван;М;17;Ростов-на-Дону;Лицей;Русский язык;6.4;нет;5;15;3.0;8.5;2.0;20;нет
661;Данил;М;17;Казань;Лицей;Обществознание;18.6;да;3;3;6.0;6.0;4.8;91;да
662;Елизавета;Ж;18;Ростов-на-Дону;Гимназия;Английский язык;5.9;да;7;2;10.0;7.5;3.8;82;да
663;Максим;М;16;Ростов-на-Дону;Лицей;Физика;11.1;да;7;5;9.0;5.7;3.5;90;да
664;Михаил;М;17;Екатеринбург;Гимназия;Русский язык;4.7;да;6;6;3.0;6.5;2.2;55;да
665;Дарья;Ж;17;Санкт-Петербург;Лицей;Математика;1.6;да;7;6;3.0;6.1;2.4;55;да
666;Полина;Ж;17;Санкт-Петербург;Гимназия;Обществознание;8.2;нет;7;9;5.0;7.2;3.2;64;да
667;Арина;Ж;18;Москва;Лицей;Информатика;8.0;да;5;8;5.0;7.4;2.6;70;да
668;Варвара;Ж;17;Самара;Обычная;Биология;13.4;нет;7;6;6.0;5.9;2.9;75;да
669;Дарья;Ж;17;Нижний Новгород;Обычная;Биология;16.1;нет;6;0;9.0;7.3;2.8;100;да
670;Тимофей;М;16;Казань;Обычная;Химия;1.4;да;14;9;2.0;;2.0;41;да
671;Арина;Ж;16;Нижний Новгород;Обычная;Физика;10.1;да;8;2;10.0;;4.0;90;да
672;Дарья;Ж;18;Екатеринбург;Гимназия;Информатика;10.7;да;6;6;4.0;6.0;2.9;71;да
673;Алиса;Ж;17;Самара;Лицей;Химия;5.0;нет;4;5;3.0;8.0;2.8;42;да
674;Тимофей;М;18;Москва;Лицей;Математика;5.9;да;10;12;8.0;6.7;2.2;53;да
675;Арина;Ж;16;Санкт-Петербург;Лицей;Информатика;9.2;нет;8;6;9.0;7.3;2.9;83;да
676;Вероника;Ж;18;Самара;Гимназия;История;0.0;нет;5;10;3.0;7.5;2.0;26;нет
677;Мария;Ж;17;Казань;Лицей;Информатика;6.1;нет;10;4;7.0;6.2;3.7;77;да
678;Никита;М;16;Ростов-на-Дону;Обычная;Информатика;9.3;нет;5;8;5.0;5.9;2.2;48;да
679;Милана;Ж;16;Ростов-на-Дону;Обычная;Обществознание;7.5;нет;12;4;6.0;6.2;3.4;74;да
680;Дарья;Ж;17;Москва;Обычная;Химия;14.2;нет;10;9;3.0;6.5;3.4;71;да
681;Вероника;Ж;16;Новосибирск;Обычная;История;9.5;нет;8;7;2.0;9.0;4.0;77;да
682;Александр;М;17;Нижний Новгород;Обычная;Математика;8.6;нет;4;6;4.0;4.9;2.6;58;да
683;София;Ж;17;Санкт-Петербург;Обычная;Английский язык;15.5;нет;3;4;9.0;5.4;2.4;55;да
684;Ева;Ж;18;Самара;Обычная;История;2.3;нет;5;3;9.0;5.2;3.5;65;да
685;Никита;М;17;Москва;Обычная;Обществознание;4.2;нет;8;3;;9.1;3.9;83;да
686;Дарья;Ж;18;Москва;Гимназия;История;14.8;нет;5;6;5.0;6.4;3.4;76;да
687;Никита;М;17;Екатеринбург;Обычная;Химия;3.5;нет;4;8;6.0;6.5;2.4;51;да
688;Полина;Ж;17;Санкт-Петербург;Гимназия;Химия;7.2;нет;5;4;7.0;5.0;2.8;68;да
689;Матвей;М;17;Нижний Новгород;Обычная;Биология;1.0;да;3;7;6.0;6.2;2.3;43;да
690;Анна;Ж;17;Новосибирск;Гимназия;Химия;10.2;нет;10;7;1.0;8.2;3.2;65;да
691;Арина;Ж;17;Казань;Лицей;История;0.0;нет;8;8;10.0;6.8;2.0;43;да
692;Милана;Ж;17;Самара;Гимназия;Информатика;9.5;нет;13;0;9.0;7.1;3.3;88;да
693;Варвара;Ж;18;Санкт-Петербург;Обычная;История;10.2;да;7;9;6.0;5.2;3.6;67;да
694;Полина;Ж;17;Новосибирск;Лицей;Информатика;11.1;нет;7;0;7.0;7.3;4.7;100;да
695;Максим;М;17;Санкт-Петербург;Обычная;Химия;1.9;нет;4;11;7.0;6.8;2.6;41;да
696;Кирилл;М;17;Санкт-Петербург;Обычная;Математика;6.3;нет;8;4;7.0;5.8;3.1;62;да
697;Ксения;Ж;17;Санкт-Петербург;Лицей;Английский язык;7.7;нет;7;0;8.0;8.3;3.6;97;да
698;Мария;Ж;17;Казань;Обычная;История;9.9;нет;11;2;8.0;8.4;3.8;83;да
699;Никита;М;18;Новосибирск;Обычная;Физика;6.4;нет;6;6;5.0;6.2;3.0;58;да
700;Матвей;М;17;Новосибирск;Гимназия;Математика;7.1;да;6;6;7.0;7.9;3.0;75;да
701;Алиса;Ж;17;Санкт-Петербург;Обычная;Обществознание;6.9;нет;11;5;7.0;6.9;3.4;60;да
702;Мария;Ж;17;Москва;Лицей;Математика;8.8;да;9;4;7.0;8.5;3.4;85;да
703;Кирилл;М;18;Москва;Обычная;Химия;3.3;нет;2;7;6.0;9.2;2.9;52;да
704;Максим;М;17;Нижний Новгород;Обычная;Математика;10.5;нет;5;3;9.0;5.7;3.0;73;да
705;Владимир;М;16;Ростов-на-Дону;Обычная;История;8.9;да;6;12;1.0;7.4;2.4;47;да
706;Милана;Ж;17;Москва;Обычная;Русский язык;6.5;да;11;4;5.0;8.6;2.5;80;да
707;Матвей;М;17;Москва;Гимназия;Информатика;11.3;да;8;10;7.0;6.0;3.3;80;да
708;Милана;Ж;17;Самара;Гимназия;Биология;6.4;нет;6;5;4.0;6.2;3.1;61;да
709;Иван;М;17;Нижний Новгород;Обычная;Информатика;4.6;нет;5;14;4.0;5.8;2.1;37;нет
710;Максим;М;17;Нижний Новгород;Обычная;История;17.2;да;6;5;10.0;7.1;4.0;95;да
711;Виктория;Ж;16;Санкт-Петербург;Гимназия;Химия;11.1;нет;6;3;6.0;6.7;3.2;65;да
712;Ксения;Ж;18;Самара;Обычная;Информатика;0.0;да;8;7;2.0;6.5;2.3;51;да
713;Милана;Ж;18;Екатеринбург;Обычная;Физика;9.0;нет;7;6;5.0;7.9;2.2;68;да
714;Арина;Ж;17;Санкт-Петербург;Обычная;Информатика;8.4;да;5;15;5.0;4.3;2.0;50;да
715;Варвара;Ж;17;Москва;Лицей;Физика;4.0;да;7;4;5.0;5.5;2.6;50;да
716;Милана;Ж;18;Екатеринбург;Обычная;Биология;10.4;да;3;7;7.0;7.6;3.0;72;да
717;Варвара;Ж;17;Самара;Обычная;История;8.9;нет;9;6;8.0;8.0;3.2;83;да
718;Никита;М;18;Самара;Гимназия;Биология;0.1;нет;4;11;5.0;5.5;3.1;36;да
719;Никита;М;16;Екатеринбург;Гимназия;Математика;10.5;нет;9;4;4.0;7.9;3.0;79;да
720;Дарья;Ж;17;Екатеринбург;Лицей;Обществознание;0.0;нет;6;9;5.0;8.4;2.6;44;да
721;Дмитрий;М;17;Нижний Новгород;Лицей;Обществознание;7.8;да;9;5;5.0;7.0;2.9;83;да
722;Арина;Ж;18;Санкт-Петербург;Гимназия;Обществознание;12.7;да;2;7;5.0;5.7;3.1;75;да
723;Варвара;Ж;17;Казань;Лицей;Математика;3.0;да;10;6;8.0;8.3;3.6;81;да
724;Тимофей;М;17;Москва;Лицей;Обществознание;1.3;нет;3;8;6.0;8.9;3.0;53;да
725;Дарья;Ж;17;Самара;Обычная;Химия;0.0;да;5;7;6.0;5.5;2.8;57;да
726;Тимофей;М;18;Екатеринбург;Обычная;Обществознание;3.6;нет;6;9;4.0;6.6;2.3;45;да
727;Вероника;Ж;17;Самара;Гимназия;Обществознание;4.9;да;1;7;8.0;8.1;2.5;64;да
728;Михаил;М;18;Новосибирск;Лицей;Обществознание;9.8;да;7;7;6.0;6.8;2.4;72;да
729;Егор;М;17;Ростов-на-Дону;Обычная;Русский язык;13.0;да;8;5;7.0;5.0;4.0;83;да
730;Анна;Ж;18;Ростов-на-Дону;Лицей;Химия;8.6;да;5;5;7.0;7.4;3.0;70;да
731;Арина;Ж;17;Екатеринбург;Гимназия;История;15.7;нет;9;3;;6.5;4.8;99;да
732;Владимир;М;16;Самара;Обычная;Биология;4.4;нет;5;8;1.0;5.0;2.0;24;нет
733;Варвара;Ж;17;Нижний Новгород;Лицей;Обществознание;5.2;да;8;4;5.0;5.0;3.3;70;да
734;Милана;Ж;17;Нижний Новгород;Обычная;История;8.0;нет;5;7;6.0;8.1;2.2;51;да
735;Владимир;М;17;Санкт-Петербург;Лицей;Математика;2.1;нет;10;8;6.0;5.9;2.4;56;да
736;Ева;Ж;17;Ростов-на-Дону;Гимназия;Русский язык;11.8;нет;10;2;6.0;7.4;3.1;66;да
737;Дарья;Ж;17;Санкт-Петербург;Гимназия;Биология;5.8;нет;5;10;2.0;7.0;2.0;30;нет
738;Дмитрий;М;17;Нижний Новгород;Гимназия;Информатика;9.6;нет;10;3;2.0;7.3;2.9;62;да
739;София;Ж;17;Екатеринбург;Лицей;Информатика;13.0;нет;5;5;10.0;7.9;4.2;100;да
740;Мария;Ж;18;Москва;Обычная;Английский язык;8.2;нет;5;5;5.0;7.3;2.7;63;да
741;Ксения;Ж;17;Самара;Лицей;Математика;0.0;нет;9;6;5.0;7.2;3.4;59;да
742;Арина;Ж;16;Москва;Обычная;Химия;12.3;нет;6;4;6.0;6.4;3.7;77;да
743;Ксения;Ж;17;Екатеринбург;Лицей;Физика;7.1;да;4;11;8.0;;3.1;76;да
744;Александр;М;17;Самара;Обычная;Математика;6.1;нет;6;5;7.0;6.7;3.0;63;да
745;Мария;Ж;16;Санкт-Петербург;Обычная;Информатика;4.0;нет;9;7;2.0;6.2;2.0;30;нет
746;Матвей;М;17;Казань;Обычная;Информатика;9.6;да;6;2;9.0;7.7;3.4;94;да
747;Вероника;Ж;17;Екатеринбург;Обычная;Химия;3.1;нет;4;4;6.0;8.3;2.1;60;да
748;Никита;М;17;Ростов-на-Дону;Обычная;Русский язык;4.4;нет;2;4;4.0;7.1;2.6;43;да
749;Роман;М;18;Новосибирск;Обычная;История;8.7;да;11;2;6.0;6.1;2.7;72;да
750;Тимофей;М;18;Москва;Обычная;Информатика;6.7;нет;8;12;4.0;4.2;2.6;51;да
751;Вероника;Ж;17;Санкт-Петербург;Обычная;Биология;7.1;нет;2;7;3.0;5.9;2.8;55;да
752;Владимир;М;16;Санкт-Петербург;Гимназия;Химия;14.0;нет;10;3;8.0;5.6;3.9;90;да
753;Данил;М;17;Самара;Обычная;Биология;0.0;да;7;5;4.0;5.7;2.9;46;да
754;Полина;Ж;17;Самара;Гимназия;Химия;11.8;да;8;4;8.0;7.6;3.3;97;да
755;Елизавета;Ж;17;Новосибирск;Обычная;Физика;9.0;нет;6;9;5.0;6.7;2.0;45;да
756;Артём;М;17;Самара;Гимназия;Химия;0.0;да;4;6;6.0;9.0;2.7;52;да
757;Виктория;Ж;17;Ростов-на-Дону;Лицей;Химия;14.5;да;6;1;4.0;8.2;4.3;92;да
758;Данил;М;17;Самара;Гимназия;Математика;9.0;да;4;0;5.0;9.6;3.2;83;да
759;Михаил;М;17;Москва;Гимназия;История;6.8;да;14;1;7.0;7.9;3.1;72;да
760;Елизавета;Ж;17;Москва;Лицей;Химия;1.6;нет;5;8;3.0;8.0;2.7;53;да
761;Никита;М;17;Нижний Новгород;Обычная;Физика;5.7;нет;6;7;6.0;6.4;2.2;58;да
762;Полина;Ж;17;Новосибирск;Обычная;Математика;15.6;нет;11;4;3.0;5.7;2.6;70;да
763;София;Ж;17;Санкт-Петербург;Обычная;Физика;3.1;нет;7;10;6.0;6.5;2.8;68;да
764;Елизавета;Ж;17;Нижний Новгород;Гимназия;Информатика;3.0;да;1;6;9.0;7.0;2.9;62;да
765;Данил;М;17;Казань;Гимназия;Обществознание;2.7;да;5;5;8.0;6.2;3.3;69;да
766;Вероника;Ж;17;Ростов-на-Дону;Обычная;Биология;14.3;да;4;5;2.0;5.7;2.7;77;да
767;Дарья;Ж;16;Екатеринбург;Лицей;Информатика;1.8;да;6;8;6.0;7.1;2.2;47;да
768;Егор;М;17;Санкт-Петербург;Обычная;Русский язык;6.3;да;6;8;9.0;;3.6;79;да
769;Александр;М;16;Ростов-на-Дону;Лицей;Физика;9.1;да;7;4;10.0;5.4;3.2;94;да
770;Максим;М;16;Екатеринбург;Лицей;Английский язык;0.1;да;4;10;6.0;5.2;2.0;52;да
771;Виктория;Ж;17;Казань;Обычная;Русский язык;6.5;да;6;2;3.0;6.7;3.2;71;да
772;Полина;Ж;17;Санкт-Петербург;Гимназия;Биология;15.4;нет;6;4;6.0;5.6;2.9;62;да
773;Никита;М;16;Екатеринбург;Обычная;Химия;13.9;нет;7;7;9.0;6.8;3.2;73;да
774;Полина;Ж;16;Нижний Новгород;Лицей;Русский язык;3.4;нет;2;8;5.0;7.6;3.5;52;да
775;Арина;Ж;16;Самара;Лицей;Обществознание;15.0;нет;6;6;10.0;8.1;4.0;89;да
776;Анна;Ж;17;Санкт-Петербург;Обычная;Информатика;6.2;нет;8;7;5.0;6.4;2.5;68;да
777;Артём;М;17;Новосибирск;Обычная;Биология;0.0;да;5;5;5.0;5.0;2.3;47;да
778;Максим;М;16;Ростов-на-Дону;Обычная;Математика;14.1;нет;10;1;2.0;6.5;3.2;84;да
779;Артём;М;17;Нижний Новгород;Лицей;Английский язык;10.3;да;6;8;3.0;7.6;3.1;61;да
780;Варвара;Ж;18;Москва;Гимназия;Математика;10.5;да;7;4;;7.9;3.0;78;да
781;София;Ж;17;Ростов-на-Дону;Обычная;Физика;7.1;да;8;3;6.0;7.5;2.6;65;да
782;Виктория;Ж;17;Нижний Новгород;Обычная;Английский язык;5.9;да;2;7;3.0;8.3;3.2;51;да
783;Александр;М;17;Новосибирск;Обычная;Биология;13.7;да;6;5;6.0;9.3;3.9;85;да
784;Матвей;М;17;Самара;Обычная;История;7.2;нет;3;6;6.0;6.2;2.4;61;да
785;Тимофей;М;17;Нижний Новгород;Обычная;Физика;4.6;нет;2;8;5.0;8.6;2.6;50;да
786;Алиса;Ж;17;Казань;Лицей;Обществознание;0.0;нет;4;5;5.0;6.5;3.2;41;нет
787;Максим;М;18;Самара;Обычная;Английский язык;6.8;нет;2;9;7.0;8.1;2.0;54;да
788;Анна;Ж;18;Казань;Гимназия;Биология;15.6;нет;6;1;6.0;8.2;3.8;81;да
789;Ксения;Ж;17;Санкт-Петербург;Обычная;Русский язык;5.1;да;5;5;9.0;4.8;3.8;74;да
790;Тимофей;М;17;Екатеринбург;Лицей;Английский язык;15.7;нет;4;7;6.0;6.4;4.0;100;да
791;Данил;М;17;Москва;Обычная;Математика;16.1;нет;5;0;10.0;6.2;4.6;100;да
792;Владимир;М;17;Нижний Новгород;Обычная;Английский язык;7.9;да;8;8;7.0;4.6;2.4;61;да
793;Виктория;Ж;17;Екатеринбург;Обычная;Математика;11.7;да;8;6;5.0;8.1;2.7;73;да
794;Алиса;Ж;16;Нижний Новгород;Лицей;Математика;1.7;нет;5;7;4.0;9.1;2.0;40;да
795;Егор;М;17;Санкт-Петербург;Гимназия;Математика;0.0;нет;8;5;6.0;6.5;2.8;46;да
796;Максим;М;17;Екатеринбург;Обычная;Русский язык;4.0;нет;5;3;7.0;7.8;2.4;55;да
797;Вероника;Ж;17;Новосибирск;Обычная;История;8.4;нет;3;6;7.0;;2.0;54;да
798;Максим;М;17;Санкт-Петербург;Лицей;Информатика;2.7;да;4;8;2.0;6.9;2.4;53;да
799;Егор;М;17;Новосибирск;Обычная;Математика;4.8;нет;5;6;7.0;6.9;2.7;66;да
800;Михаил;М;17;Ростов-на-Дону;Гимназия;Информатика;0.0;да;8;8;1.0;6.3;2.0;36;нет
801;Александр;М;17;Самара;Обычная;Английский язык;17.5;да;8;4;6.0;7.9;3.5;95;да
802;Егор;М;17;Санкт-Петербург;Гимназия;Химия;8.5;нет;10;8;8.0;7.8;2.8;60;да
803;Ксения;Ж;16;Самара;Лицей;История;18.6;да;6;2;6.0;8.3;4.5;100;да
804;Алиса;Ж;18;Екатеринбург;Обычная;Физика;10.5;нет;3;2;2.0;7.4;2.3;57;да
805;Анна;Ж;17;Москва;Лицей;Химия;10.5;да;9;6;7.0;7.0;3.2;79;да
806;София;Ж;17;Ростов-на-Дону;Обычная;Обществознание;3.1;нет;11;6;7.0;4.7;2.6;49;да
807;София;Ж;17;Екатеринбург;Лицей;История;12.5;нет;9;8;8.0;8.6;4.9;94;да
808;Егор;М;17;Ростов-на-Дону;Гимназия;Математика;9.6;нет;7;2;3.0;5.8;4.2;73;да
809;Дмитрий;М;17;Москва;Лицей;Биология;19.4;нет;8;4;3.0;;2.8;85;да
810;Вероника;Ж;16;Санкт-Петербург;Обычная;Обществознание;6.2;нет;8;5;5.0;7.5;2.5;37;нет
811;Иван;М;17;Ростов-на-Дону;Обычная;Русский язык;6.8;нет;6;4;4.0;5.7;3.2;67;да
812;Варвара;Ж;17;Санкт-Петербург;Обычная;Информатика;6.5;нет;5;8;5.0;5.9;2.0;49;да
813;Варвара;Ж;16;Екатеринбург;Лицей;Биология;8.3;нет;7;3;8.0;;4.0;91;да
814;Егор;М;17;Екатеринбург;Лицей;Математика;16.4;да;7;1;6.0;7.1;4.3;87;да
815;Милана;Ж;17;Ростов-на-Дону;Обычная;История;5.6;да;6;5;10.0;5.6;3.5;82;да
816;Анна;Ж;16;Казань;Лицей;Обществознание;2.7;да;7;12;5.0;7.2;2.0;33;нет
817;Иван;М;17;Самара;Лицей;Химия;9.3;да;2;11;7.0;5.8;2.4;52;да
818;Иван;М;18;Нижний Новгород;Лицей;Химия;11.6;да;6;5;9.0;4.9;3.6;81;да
819;Анна;Ж;17;Нижний Новгород;Обычная;Математика;12.0;да;8;2;7.0;8.0;3.0;93;да
820;Виктория;Ж;17;Екатеринбург;Обычная;История;11.4;нет;6;3;7.0;6.2;3.0;76;да
821;Артём;М;16;Москва;Обычная;Английский язык;3.0;да;6;10;4.0;6.9;2.1;52;да
822;Арина;Ж;17;Казань;Гимназия;Обществознание;6.6;нет;9;1;8.0;6.1;3.2;79;да
823;Артём;М;17;Екатеринбург;Гимназия;Химия;9.2;да;9;0;6.0;;2.9;97;да
824;Милана;Ж;17;Новосибирск;Гимназия;Математика;8.9;нет;1;7;8.0;6.7;2.2;55;да
825;Арина;Ж;17;Санкт-Петербург;Обычная;Физика;7.5;да;7;5;5.0;;3.4;68;да
826;Владимир;М;17;Нижний Новгород;Лицей;Физика;5.7;нет;8;1;7.0;7.5;3.1;67;да
827;Анна;Ж;17;Новосибирск;Гимназия;Математика;5.0;да;3;10;5.0;6.6;2.8;47;да
828;Вероника;Ж;16;Самара;Обычная;Русский язык;6.8;нет;2;6;3.0;8.1;2.1;33;да
829;Елизавета;Ж;17;Екатеринбург;Обычная;Биология;9.7;да;5;7;10.0;7.4;3.0;82;да
830;Матвей;М;17;Казань;Обычная;Математика;9.3;нет;6;5;5.0;7.8;2.1;57;да
831;Артём;М;17;Москва;Лицей;Математика;6.5;да;1;5;5.0;6.1;2.5;64;да
832;Матвей;М;16;Москва;Обычная;Английский язык;8.6;нет;6;9;4.0;5.9;2.5;51;да
833;Данил;М;17;Екатеринбург;Обычная;Биология;4.1;да;7;6;6.0;6.8;2.4;65;да
834;Дмитрий;М;17;Казань;Обычная;Обществознание;6.8;нет;2;8;;6.6;3.6;67;да
835;Полина;Ж;17;Нижний Новгород;Лицей;Физика;13.2;нет;14;6;4.0;8.7;3.5;67;да
836;Анна;Ж;18;Нижний Новгород;Гимназия;Информатика;10.6;да;4;11;5.0;6.7;2.4;58;да
837;Вероника;Ж;17;Казань;Лицей;Биология;2.8;да;9;4;7.0;5.4;2.7;73;да
838;Артём;М;17;Самара;Гимназия;История;4.9;да;4;8;8.0;6.0;3.5;74;да
839;Иван;М;17;Екатеринбург;Лицей;Информатика;2.7;да;3;11;4.0;7.6;2.0;36;нет
840;Дарья;Ж;16;Ростов-на-Дону;Гимназия;Английский язык;16.3;нет;13;6;7.0;6.9;3.6;90;да
841;Никита;М;17;Ростов-на-Дону;Обычная;История;0.3;да;7;3;5.0;6.7;3.6;58;да
842;Анна;Ж;18;Ростов-на-Дону;Гимназия;Русский язык;9.2;да;8;2;5.0;8.3;3.5;78;да
843;Ева;Ж;17;Санкт-Петербург;Гимназия;Математика;5.4;нет;7;4;5.0;6.2;3.6;74;да
844;Роман;М;18;Екатеринбург;Лицей;Математика;0.0;да;2;8;1.0;4.0;2.3;34;да
845;Тимофей;М;17;Москва;Обычная;Обществознание;0.6;да;3;4;3.0;5.4;2.0;25;нет
846;Данил;М;17;Ростов-на-Дону;Обычная;Обществознание;7.1;нет;9;7;8.0;7.4;4.2;70;да
847;Никита;М;17;Нижний Новгород;Обычная;Химия;5.8;нет;8;5;;6.7;3.1;66;да
848;Михаил;М;18;Казань;Обычная;История;8.5;нет;9;7;5.0;5.2;3.6;66;да
849;Дарья;Ж;17;Екатеринбург;Обычная;Обществознание;4.5;нет;5;1;5.0;8.1;2.6;63;да
850;Мария;Ж;17;Екатеринбург;Обычная;Русский язык;4.1;нет;6;4;9.0;7.4;3.6;81;да
851;Анна;Ж;17;Екатеринбург;Обычная;Английский язык;13.9;да;6;6;5.0;7.7;3.8;80;да
852;Алиса;Ж;17;Екатеринбург;Гимназия;Химия;12.5;нет;4;4;7.0;7.6;2.9;80;да
853;Ксения;Ж;18;Ростов-на-Дону;Лицей;Информатика;10.6;нет;6;9;6.0;5.4;2.5;57;да
854;Максим;М;17;Самара;Гимназия;Русский язык;0.0;нет;4;8;4.0;6.7;2.0;29;да
855;Дмитрий;М;18;Новосибирск;Обычная;История;11.5;да;11;2;7.0;8.3;3.9;92;да
856;Ева;Ж;17;Самара;Обычная;Биология;14.4;да;10;3;7.0;8.7;3.0;91;да
857;Никита;М;17;Санкт-Петербург;Обычная;Математика;5.8;нет;12;5;8.0;8.1;3.2;81;да
858;Данил;М;17;Казань;Гимназия;Биология;5.4;нет;5;8;5.0;7.4;3.0;47;да
859;Дарья;Ж;16;Москва;Обычная;Русский язык;9.6;нет;6;2;10.0;;2.9;79;да
860;Арина;Ж;16;Ростов-на-Дону;Лицей;Физика;18.0;нет;8;13;7.0;7.2;4.0;85;да
861;Арина;Ж;18;Москва;Обычная;Биология;20.4;нет;7;2;4.0;6.3;3.5;89;да
862;Виктория;Ж;18;Ростов-на-Дону;Обычная;Обществознание;0.0;да;3;8;6.0;8.3;2.1;47;да
863;Роман;М;18;Самара;Обычная;Русский язык;17.3;да;7;13;7.0;8.3;2.8;79;да
864;Полина;Ж;16;Ростов-на-Дону;Обычная;Химия;6.6;да;9;5;7.0;6.1;4.2;82;да
865;Ева;Ж;17;Самара;Обычная;Физика;12.1;да;6;3;6.0;7.0;2.8;69;да
866;Полина;Ж;18;Новосибирск;Гимназия;История;8.5;да;3;5;1.0;7.0;2.0;54;да
867;Анна;Ж;16;Самара;Обычная;Обществознание;5.3;нет;9;5;3.0;8.2;2.7;63;да
868;Арина;Ж;17;Ростов-на-Дону;Обычная;Биология;11.7;нет;10;0;10.0;5.2;3.7;78;да
869;Александр;М;17;Ростов-на-Дону;Обычная;Обществознание;7.8;нет;9;4;5.0;4.4;2.5;54;да
870;Тимофей;М;18;Самара;Гимназия;Химия;10.9;да;6;6;8.0;7.1;3.6;83;да
871;Александр;М;17;Самара;Лицей;Биология;8.1;нет;5;5;3.0;4.0;2.9;53;да
872;Максим;М;17;Нижний Новгород;Лицей;Физика;17.2;нет;10;4;5.0;7.6;3.9;85;да
873;Данил;М;17;Ростов-на-Дону;Обычная;Английский язык;5.6;нет;1;7;6.0;7.4;2.6;53;да
874;Матвей;М;16;Новосибирск;Гимназия;Русский язык;5.6;нет;9;8;5.0;8.3;2.3;59;да
875;Полина;Ж;17;Екатеринбург;Обычная;Английский язык;12.4;нет;10;6;7.0;6.3;3.1;68;да
876;Анна;Ж;17;Самара;Лицей;История;13.0;нет;8;5;7.0;7.5;3.1;87;да
877;Алиса;Ж;17;Казань;Гимназия;Английский язык;6.4;нет;3;5;4.0;7.3;2.6;52;да
878;Милана;Ж;17;Самара;Обычная;Биология;1.4;нет;5;7;3.0;5.2;2.0;45;да
879;Арина;Ж;17;Москва;Обычная;Информатика;0.0;да;6;11;2.0;7.5;2.0;37;нет
880;Анна;Ж;16;Екатеринбург;Обычная;Физика;5.8;да;9;5;9.0;7.3;2.6;77;да
881;Никита;М;18;Москва;Обычная;Русский язык;2.2;да;7;9;8.0;5.9;2.1;52;да
882;Алиса;Ж;17;Ростов-на-Дону;Обычная;Английский язык;10.0;нет;6;4;4.0;7.1;2.6;60;да
883;Максим;М;17;Самара;Обычная;Математика;13.9;нет;10;4;4.0;7.0;4.6;79;да
884;Роман;М;17;Санкт-Петербург;Обычная;Обществознание;5.5;нет;4;8;5.0;7.7;2.6;46;да
885;Елизавета;Ж;18;Санкт-Петербург;Лицей;История;14.4;да;7;7;7.0;6.6;2.8;76;да
886;Мария;Ж;17;Нижний Новгород;Обычная;Русский язык;12.6;да;3;0;5.0;7.2;2.6;64;да
887;Кирилл;М;16;Ростов-на-Дону;Лицей;Английский язык;11.0;нет;7;1;8.0;6.5;2.8;82;да
888;Никита;М;17;Казань;Обычная;Русский язык;6.1;да;10;9;6.0;6.0;3.2;75;да
889;Александр;М;17;Ростов-на-Дону;Обычная;Русский язык;12.2;нет;6;8;5.0;7.0;3.3;54;да
890;Егор;М;17;Новосибирск;Обычная;Химия;7.2;да;5;5;10.0;5.9;3.0;78;да
891;Максим;М;18;Новосибирск;Гимназия;Математика;11.6;нет;5;2;6.0;8.3;4.0;77;да
892;Алиса;Ж;17;Казань;Обычная;Математика;7.8;нет;6;4;10.0;7.8;2.9;73;да
893;Милана;Ж;18;Казань;Лицей;Биология;0.2;нет;7;6;7.0;5.7;2.1;48;да
894;Варвара;Ж;17;Казань;Гимназия;Английский язык;4.1;да;3;4;8.0;7.5;3.5;83;да
895;Анна;Ж;17;Санкт-Петербург;Лицей;Математика;7.3;нет;7;6;1.0;5.8;2.1;40;да
896;Ева;Ж;17;Новосибирск;Обычная;Биология;9.1;нет;12;4;7.0;5.5;4.0;89;да
897;Елизавета;Ж;17;Казань;Обычная;Биология;23.3;нет;9;3;6.0;6.6;3.9;88;да
898;Владимир;М;17;Москва;Лицей;Математика;4.5;нет;11;4;6.0;7.0;3.4;67;да
899;Тимофей;М;17;Казань;Лицей;Русский язык;3.4;да;7;5;4.0;7.7;3.0;68;да
900;Виктория;Ж;16;Москва;Лицей;Информатика;9.4;нет;8;5;7.0;7.1;3.3;69;да
901;Михаил;М;17;Санкт-Петербург;Лицей;История;16.2;да;13;10;9.0;8.3;3.3;92;да
902;Михаил;М;18;Нижний Новгород;Обычная;Русский язык;7.1;да;6;9;8.0;5.7;2.6;68;да
903;Тимофей;М;16;Москва;Лицей;Информатика;11.0;нет;10;4;5.0;6.6;3.7;66;да
904;Алиса;Ж;17;Казань;Лицей;Химия;3.2;нет;8;6;5.0;9.2;3.1;73;да
905;Артём;М;17;Нижний Новгород;Гимназия;История;3.6;да;5;4;6.0;4.5;2.0;64;да
906;Алиса;Ж;17;Москва;Лицей;Физика;1.9;да;7;7;9.0;6.3;2.3;66;да
907;Артём;М;18;Нижний Новгород;Обычная;История;0.0;да;7;11;5.0;5.4;2.4;43;да
908;Максим;М;17;Москва;Лицей;Обществознание;5.3;да;5;6;6.0;6.4;2.9;60;да
909;Александр;М;17;Москва;Лицей;Биология;0.0;нет;6;11;;5.9;2.0;24;нет
910;Матвей;М;17;Санкт-Петербург;Обычная;История;4.9;да;7;1;6.0;7.9;4.2;78;да
911;Анна;Ж;17;Самара;Обычная;Русский язык;11.3;нет;7;2;9.0;7.8;4.1;95;да
912;Владимир;М;17;Москва;Обычная;Английский язык;9.0;да;7;5;7.0;5.9;3.8;85;да
913;Александр;М;17;Москва;Обычная;Физика;4.7;да;1;11;5.0;5.8;2.0;41;да
914;Арина;Ж;17;Ростов-на-Дону;Лицей;Русский язык;11.4;нет;13;4;8.0;7.2;4.2;84;да
915;Виктория;Ж;17;Екатеринбург;Обычная;Химия;15.8;да;12;7;8.0;8.3;3.8;90;да
916;Михаил;М;17;Екатеринбург;Лицей;Информатика;9.6;да;2;5;7.0;9.8;2.2;65;да
917;Алиса;Ж;17;Москва;Обычная;Химия;12.9;нет;10;1;4.0;7.9;4.0;62;да
918;Ксения;Ж;18;Новосибирск;Гимназия;Обществознание;2.0;нет;3;12;2.0;5.2;2.0;36;нет
919;Егор;М;17;Екатеринбург;Лицей;Химия;10.0;нет;10;6;6.0;;3.5;72;да
920;Дарья;Ж;17;Екатеринбург;Лицей;Информатика;6.9;да;4;7;5.0;6.9;3.0;55;да
921;Полина;Ж;17;Екатеринбург;Обычная;Обществознание;9.2;нет;7;7;5.0;6.4;3.4;68;да
922;Дарья;Ж;18;Москва;Гимназия;Информатика;1.7;нет;9;9;5.0;7.1;2.5;42;да
923;Роман;М;18;Ростов-на-Дону;Обычная;Английский язык;8.3;нет;10;8;8.0;4.4;3.3;80;да
924;Егор;М;17;Нижний Новгород;Лицей;Английский язык;7.8;да;8;7;9.0;8.0;3.9;80;да
925;Никита;М;18;Санкт-Петербург;Обычная;Химия;7.3;да;3;8;8.0;;2.5;68;да
926;Анна;Ж;17;Ростов-на-Дону;Обычная;История;4.2;да;6;8;2.0;6.5;2.3;53;да
927;Полина;Ж;17;Казань;Лицей;История;0.0;да;5;8;2.0;8.1;2.0;31;нет
928;Дмитрий;М;18;Санкт-Петербург;Обычная;Обществознание;4.6;нет;5;7;5.0;5.4;2.7;56;да
929;Максим;М;17;Ростов-на-Дону;Обычная;Химия;1.4;да;3;6;6.0;7.2;2.9;42;да
930;Вероника;Ж;17;Санкт-Петербург;Обычная;Информатика;7.3;да;2;5;4.0;7.5;2.3;41;да
931;Анна;Ж;17;Москва;Обычная;Физика;9.7;да;10;3;5.0;;3.6;82;да
932;Ксения;Ж;18;Нижний Новгород;Гимназия;Биология;3.2;нет;6;5;5.0;4.9;3.0;61;да
933;Роман;М;16;Казань;Лицей;Биология;8.0;да;6;10;6.0;8.3;3.2;60;да
934;Вероника;Ж;17;Санкт-Петербург;Обычная;Химия;4.1;да;9;8;3.0;6.6;3.1;56;да
935;Максим;М;17;Москва;Лицей;Физика;5.6;да;5;0;10.0;6.7;3.6;100;да
936;Мария;Ж;17;Санкт-Петербург;Лицей;Химия;13.9;нет;6;4;7.0;6.8;3.5;84;да
937;Никита;М;17;Ростов-на-Дону;Лицей;Химия;5.5;да;11;6;8.0;6.5;3.5;70;да
938;Михаил;М;17;Нижний Новгород;Лицей;Русский язык;8.2;нет;5;1;5.0;5.8;3.0;84;да
939;Матвей;М;17;Самара;Обычная;Биология;4.7;да;7;6;6.0;6.8;3.1;49;да
940;Мария;Ж;17;Екатеринбург;Обычная;Обществознание;12.7;да;10;8;6.0;6.3;2.7;68;да
941;Мария;Ж;18;Екатеринбург;Лицей;Физика;8.5;да;8;4;8.0;7.8;3.4;76;да
942;Иван;М;17;Санкт-Петербург;Лицей;Информатика;1.8;да;6;4;5.0;7.5;2.7;56;да
943;Милана;Ж;16;Ростов-на-Дону;Лицей;Математика;11.5;да;13;3;10.0;9.1;3.2;87;да
944;Александр;М;17;Самара;Обычная;Биология;3.7;нет;5;8;2.0;6.5;2.0;49;да
945;Никита;М;17;Екатеринбург;Гимназия;Информатика;17.1;нет;6;5;8.0;6.2;3.7;82;да
946;Дмитрий;М;16;Москва;Обычная;Обществознание;9.7;да;7;2;7.0;5.4;2.8;83;да
947;Мария;Ж;17;Самара;Лицей;Английский язык;0.0;да;3;6;1.0;8.9;2.0;26;да
948;Владимир;М;17;Казань;Обычная;История;13.0;нет;7;0;10.0;8.2;4.2;81;да
949;София;Ж;17;Санкт-Петербург;Лицей;Русский язык;8.3;да;3;12;7.0;5.4;2.2;31;да
950;Артём;М;17;Нижний Новгород;Гимназия;Русский язык;12.5;да;7;11;1.0;8.8;2.4;55;да
951;Владимир;М;17;Самара;Обычная;Химия;18.4;да;5;2;7.0;8.9;4.0;90;да
952;Данил;М;17;Екатеринбург;Лицей;Биология;3.0;да;4;5;7.0;5.3;3.1;63;да
953;Анна;Ж;18;Москва;Лицей;Математика;7.3;нет;7;10;5.0;5.7;2.1;51;да
954;Егор;М;17;Екатеринбург;Обычная;Химия;1.8;нет;6;11;8.0;6.5;2.9;47;да
955;Вероника;Ж;17;Ростов-на-Дону;Обычная;Математика;12.0;нет;5;5;;6.0;3.6;80;да
956;Полина;Ж;17;Нижний Новгород;Лицей;Физика;0.0;нет;11;10;5.0;6.3;2.1;30;нет
957;Михаил;М;17;Казань;Обычная;Информатика;8.8;да;6;2;10.0;8.2;3.2;100;да
958;Дарья;Ж;17;Нижний Новгород;Обычная;Математика;5.1;да;5;6;8.0;;2.5;78;да
959;Варвара;Ж;17;Санкт-Петербург;Гимназия;Физика;8.0;да;4;7;4.0;7.0;2.8;55;да
960;Максим;М;17;Самара;Лицей;Биология;9.5;да;4;8;4.0;8.2;2.9;52;да
961;Роман;М;17;Самара;Лицей;Английский язык;6.1;да;6;13;7.0;7.2;2.3;57;да
962;Матвей;М;17;Екатеринбург;Лицей;Обществознание;5.2;да;9;3;5.0;7.2;4.3;82;да
963;Анна;Ж;17;Санкт-Петербург;Обычная;Физика;9.0;нет;7;6;6.0;6.4;4.2;75;да
964;Роман;М;17;Новосибирск;Лицей;Английский язык;0.0;да;3;10;4.0;7.5;2.1;35;да
965;Ева;Ж;16;Москва;Обычная;Информатика;10.3;да;2;9;6.0;5.5;2.2;63;да
966;Арина;Ж;17;Самара;Обычная;Информатика;10.1;нет;1;7;5.0;7.0;2.4;49;да
967;Полина;Ж;18;Нижний Новгород;Лицей;Обществознание;16.1;да;5;0;5.0;7.4;3.4;88;да
968;Егор;М;17;Казань;Гимназия;Информатика;0.9;нет;6;6;7.0;7.9;2.2;51;да
969;Ева;Ж;17;Самара;Обычная;История;1.9;да;8;5;7.0;6.8;3.6;92;да
970;Максим;М;16;Самара;Гимназия;Русский язык;0.8;нет;2;6;10.0;6.4;2.5;62;да
971;Роман;М;18;Ростов-на-Дону;Лицей;Физика;10.2;да;0;12;5.0;5.2;2.0;53;да
972;Владимир;М;17;Казань;Обычная;Английский язык;4.4;нет;7;9;8.0;7.3;2.7;58;да
973;Кирилл;М;17;Санкт-Петербург;Обычная;Физика;2.6;да;9;6;6.0;6.3;2.0;70;да
974;Артём;М;17;Новосибирск;Обычная;Обществознание;10.7;да;6;9;7.0;5.6;2.1;62;да
975;Михаил;М;17;Казань;Лицей;Химия;13.3;нет;9;6;7.0;6.1;3.3;77;да
976;Александр;М;17;Нижний Новгород;Обычная;Английский язык;4.4;да;4;7;5.0;7.3;2.0;51;да
977;Матвей;М;16;Новосибирск;Обычная;Информатика;0.3;да;5;9;6.0;5.0;2.0;34;нет
978;Виктория;Ж;17;Нижний Новгород;Обычная;Химия;6.3;нет;3;6;10.0;5.7;2.7;71;да
979;Александр;М;17;Санкт-Петербург;Гимназия;Информатика;3.5;да;1;10;4.0;7.5;2.0;42;да
980;Ева;Ж;17;Москва;Обычная;Русский язык;12.1;нет;3;4;7.0;6.6;2.6;56;да
981;Варвара;Ж;18;Ростов-на-Дону;Обычная;Обществознание;7.0;нет;7;4;5.0;7.9;2.0;55;да
982;Елизавета;Ж;16;Новосибирск;Обычная;Биология;8.3;да;3;7;6.0;6.3;2.4;63;да
983;София;Ж;18;Санкт-Петербург;Обычная;Химия;18.7;нет;8;0;8.0;7.6;4.1;94;да
984;Арина;Ж;17;Самара;Обычная;Информатика;3.5;да;6;5;2.0;7.2;3.0;58;да
985;Елизавета;Ж;16;Санкт-Петербург;Лицей;История;11.8;нет;11;7;6.0;8.7;3.8;74;да
986;Ева;Ж;16;Ростов-на-Дону;Лицей;Информатика;1.5;да;8;9;6.0;8.0;2.0;34;нет
987;Ева;Ж;17;Новосибирск;Обычная;Физика;0.0;да;6;1;4.0;8.2;2.8;47;да
988;Максим;М;16;Новосибирск;Гимназия;Математика;0.1;да;7;7;8.0;6.3;2.9;69;да
989;Максим;М;17;Казань;Обычная;Обществознание;0.9;нет;1;5;5.0;5.5;2.5;46;да
990;Милана;Ж;17;Москва;Гимназия;Математика;12.8;нет;8;5;7.0;8.2;3.4;85;да
991;Михаил;М;17;Новосибирск;Обычная;Обществознание;4.8;нет;5;11;7.0;8.3;2.3;54;да
992;Ксения;Ж;17;Казань;Гимназия;Информатика;7.9;нет;7;9;7.0;8.3;3.1;62;да
993;Артём;М;17;Новосибирск;Гимназия;Математика;14.0;нет;3;9;;6.8;2.4;58;да
994;Данил;М;18;Новосибирск;Гимназия;Английский язык;3.4;нет;4;6;8.0;7.9;2.9;59;да
995;Арина;Ж;17;Нижний Новгород;Обычная;История;6.0;нет;7;7;6.0;7.7;2.4;53;да
996;София;Ж;17;Москва;Обычная;История;8.4;нет;5;6;2.0;7.1;2.6;59;да
997;Дарья;Ж;17;Казань;Гимназия;Химия;4.3;да;1;4;5.0;;2.9;66;да
998;Матвей;М;17;Самара;Обычная;История;5.9;нет;4;7;2.0;6.9;2.4;48;да
999;Алиса;Ж;18;Ростов-на-Дону;Обычная;Русский язык;3.1;нет;9;6;8.0;6.2;3.9;74;да
1000;Алиса;Ж;17;Екатеринбург;Обычная;Физика;14.4;да;5;3;8.0;6.2;4.2;89;да
