id,age,practice_hours_week,homework_rate,last_score,missed_classes,club_visits,distance_min,internet_quality,parent_support,course_level,favorite_subject,has_friend_in_group,joined_trial,messages_to_teacher,will_finish
1,14,3.2,0.64,93,0,5,7,низкое,часто,средний,математика,0,1,1,0
2,17,5.0,0.64,100,3,6,20,среднее,иногда,продвинутый,математика,0,0,3,1
3,14,1.3,0.72,89,3,9,14,среднее,иногда,средний,математика,0,0,1,1
4,14,3.8,0.95,100,1,4,22,низкое,редко,средний,математика,1,1,3,1
5,16,2.8,0.84,60,2,8,26,низкое,иногда,стартовый,информатика,0,1,2,0
6,14,3.9,0.82,81,1,4,21,среднее,иногда,средний,гуманитарные,1,0,2,0
7,14,4.3,0.62,98,0,7,38,высокое,часто,стартовый,математика,0,1,2,1
8,14,1.6,0.86,74,2,1,24,низкое,редко,продвинутый,математика,0,1,4,0
9,15,1.9,0.5,65,3,2,46,среднее,часто,средний,физика,1,0,3,1
10,17,1.9,0.63,69,1,7,22,низкое,иногда,средний,информатика,1,1,2,1
11,15,0.9,0.71,52,2,3,19,среднее,часто,продвинутый,физика,0,0,4,0
12,14,1.4,0.92,96,3,5,17,среднее,редко,стартовый,математика,0,0,3,1
13,17,1.4,0.44,80,4,1,45,высокое,редко,стартовый,гуманитарные,1,1,3,1
14,15,4.4,0.72,84,3,2,37,высокое,редко,средний,физика,0,0,3,1
15,14,3.4,0.7,65,1,7,35,низкое,часто,средний,гуманитарные,0,1,5,0
16,15,4.0,0.76,93,1,7,33,низкое,иногда,средний,математика,0,0,2,1
17,17,5.0,0.53,95,2,1,33,среднее,часто,средний,математика,1,0,1,1
18,17,6.5,0.45,83,2,8,44,высокое,иногда,стартовый,математика,1,0,2,1
19,15,0.6,0.59,95,3,4,49,низкое,часто,средний,информатика,0,1,1,1
20,14,1.9,0.84,78,3,9,10,низкое,редко,средний,физика,1,0,3,0
21,15,1.2,0.55,68,2,2,38,среднее,редко,средний,математика,1,0,3,1
22,13,2.8,0.62,75,1,9,32,низкое,иногда,средний,физика,0,0,4,0
23,16,1.7,0.64,74,2,4,27,среднее,часто,продвинутый,гуманитарные,0,0,3,0
24,13,1.2,0.87,76,2,2,33,высокое,редко,средний,математика,1,0,2,1
25,14,0.2,0.76,68,3,2,3,высокое,иногда,стартовый,информатика,1,0,4,0
26,16,0.6,0.42,62,2,8,15,среднее,иногда,стартовый,физика,1,0,0,0
27,14,2.0,0.48,76,1,4,42,низкое,редко,средний,математика,0,1,1,0
28,15,5.0,0.64,89,1,8,28,среднее,часто,стартовый,математика,0,0,4,0
29,13,0.8,0.81,47,1,2,7,среднее,иногда,стартовый,гуманитарные,0,0,3,0
30,15,2.8,0.62,93,3,9,10,среднее,иногда,средний,гуманитарные,1,1,3,1
31,15,5.7,0.76,89,2,5,39,низкое,часто,средний,математика,0,1,4,1
32,14,1.3,0.86,84,3,4,29,среднее,редко,средний,информатика,0,1,5,1
33,14,5.9,0.85,100,1,3,12,среднее,иногда,стартовый,математика,0,1,3,1
34,15,1.3,0.69,73,3,2,3,низкое,часто,продвинутый,математика,0,1,3,0
35,17,7.5,0.55,100,2,9,14,среднее,иногда,стартовый,физика,0,1,3,1
36,17,9.6,0.84,100,0,13,31,среднее,редко,стартовый,информатика,1,1,1,1
37,16,3.1,0.76,99,3,3,18,среднее,часто,средний,физика,0,1,2,1
38,13,3.2,0.69,100,1,5,43,среднее,редко,продвинутый,физика,0,0,3,1
39,15,3.4,0.84,93,2,6,60,низкое,часто,продвинутый,гуманитарные,0,1,6,1
40,16,5.2,0.3,96,6,6,20,среднее,иногда,продвинутый,математика,0,0,0,1
41,14,9.7,0.44,100,2,8,26,высокое,редко,продвинутый,гуманитарные,0,0,1,0
42,15,5.3,0.5,80,2,3,30,среднее,иногда,средний,физика,1,0,0,0
43,15,3.7,0.65,85,1,8,32,среднее,иногда,средний,гуманитарные,1,1,2,0
44,17,3.5,0.78,90,5,4,12,среднее,часто,продвинутый,физика,1,1,3,1
45,15,1.8,0.56,100,1,6,23,среднее,редко,средний,математика,1,1,1,1
46,16,3.1,0.75,92,1,6,40,низкое,часто,стартовый,физика,0,1,4,1
47,16,0.5,0.55,58,0,5,28,высокое,иногда,стартовый,информатика,1,1,2,1
48,17,6.1,0.27,100,1,12,22,низкое,иногда,стартовый,гуманитарные,0,1,3,1
49,16,8.0,0.7,67,0,7,46,низкое,иногда,средний,математика,0,1,6,1
50,14,4.6,0.32,89,4,3,30,среднее,иногда,стартовый,гуманитарные,1,1,4,1
51,17,2.0,0.85,77,3,5,38,среднее,иногда,средний,информатика,1,1,7,1
52,17,3.1,0.85,89,1,2,26,среднее,иногда,средний,физика,1,0,1,0
53,16,3.0,0.23,65,1,9,3,среднее,редко,стартовый,физика,0,1,2,1
54,13,0.8,0.58,80,3,4,12,среднее,иногда,средний,физика,0,1,1,1
55,14,4.6,0.9,83,1,3,33,среднее,иногда,продвинутый,информатика,0,0,2,1
56,17,1.3,0.56,49,1,6,29,высокое,часто,стартовый,физика,1,0,1,0
57,16,4.4,0.56,85,2,9,16,высокое,часто,средний,математика,0,1,2,1
58,13,2.0,0.36,48,3,3,9,высокое,редко,средний,гуманитарные,1,0,1,1
59,16,4.8,0.52,99,3,7,32,среднее,редко,средний,гуманитарные,0,1,2,0
60,16,7.8,0.3,100,1,13,24,среднее,иногда,стартовый,гуманитарные,1,1,3,1
61,14,3.9,0.22,50,1,4,37,высокое,иногда,стартовый,математика,1,0,1,0
62,14,3.6,0.78,69,1,8,6,среднее,редко,продвинутый,гуманитарные,0,1,3,1
63,15,1.1,0.43,36,0,4,24,высокое,иногда,стартовый,математика,1,1,4,1
64,17,7.0,0.67,100,0,5,19,высокое,редко,стартовый,информатика,1,0,2,1
65,14,4.3,0.52,73,0,4,44,низкое,иногда,продвинутый,информатика,1,1,2,0
66,14,0.8,0.94,32,3,6,13,высокое,редко,средний,физика,1,1,3,0
67,16,1.8,0.55,95,1,4,27,среднее,иногда,средний,физика,1,0,1,0
68,14,1.2,0.27,60,2,5,19,высокое,иногда,стартовый,информатика,1,1,2,0
69,17,3.8,0.59,100,1,3,21,низкое,часто,средний,математика,1,1,5,1
70,17,4.6,0.51,85,2,5,32,среднее,редко,средний,гуманитарные,1,1,3,1
71,17,4.4,0.87,88,0,4,32,высокое,редко,продвинутый,физика,0,0,4,1
72,14,7.2,0.39,100,4,7,33,низкое,часто,средний,гуманитарные,0,0,2,1
73,14,3.2,0.26,63,1,3,28,среднее,иногда,продвинутый,информатика,1,0,1,1
74,16,1.4,0.67,74,3,6,58,высокое,иногда,стартовый,физика,0,1,2,1
75,14,1.4,0.87,80,1,8,40,среднее,часто,стартовый,информатика,0,1,4,1
76,16,4.0,0.59,94,1,5,54,низкое,иногда,средний,физика,0,1,2,1
77,15,1.4,0.34,84,2,5,39,среднее,иногда,средний,математика,0,1,2,1
78,13,0.3,0.88,65,2,1,20,среднее,иногда,продвинутый,математика,0,0,2,0
79,14,3.0,0.58,75,5,4,46,среднее,часто,средний,математика,1,0,1,0
80,16,3.2,0.72,78,1,5,38,среднее,иногда,стартовый,физика,1,0,2,1
81,17,1.0,0.33,50,2,5,27,высокое,иногда,стартовый,математика,1,1,2,1
82,16,7.5,0.75,100,2,3,34,высокое,редко,средний,гуманитарные,1,1,0,1
83,15,2.9,0.84,83,0,9,28,высокое,иногда,продвинутый,физика,0,1,6,0
84,14,9.6,0.47,100,2,8,32,высокое,часто,средний,гуманитарные,0,0,2,0
85,16,4.2,0.49,89,2,5,38,среднее,иногда,средний,информатика,1,1,2,0
86,14,0.8,0.62,76,4,0,12,высокое,редко,продвинутый,гуманитарные,0,0,3,0
87,14,2.1,0.8,65,1,5,15,низкое,часто,продвинутый,физика,0,0,1,0
88,17,10.5,0.76,100,2,5,82,среднее,часто,продвинутый,математика,0,1,3,1
89,15,7.5,0.62,88,4,9,23,низкое,иногда,стартовый,математика,1,1,3,1
90,16,2.5,0.36,57,4,4,51,высокое,редко,стартовый,математика,0,1,2,1
91,14,2.7,0.8,63,0,3,18,среднее,редко,стартовый,математика,1,1,4,1
92,15,1.2,0.63,59,3,3,49,среднее,редко,средний,информатика,1,1,0,0
93,14,3.5,0.66,92,2,6,30,среднее,иногда,продвинутый,информатика,0,1,2,1
94,14,5.8,0.63,85,2,8,10,низкое,часто,средний,физика,0,1,2,1
95,16,3.5,0.39,64,0,6,6,высокое,иногда,средний,физика,0,1,4,1
96,14,0.2,0.87,78,3,5,8,высокое,иногда,средний,физика,1,1,5,1
97,14,6.3,0.73,89,0,9,37,высокое,иногда,продвинутый,информатика,0,0,1,1
98,14,1.6,0.72,86,2,3,18,среднее,редко,средний,математика,0,1,2,1
99,14,0.8,0.31,90,1,3,11,высокое,редко,средний,информатика,0,0,2,0
100,16,5.8,0.75,96,4,4,3,среднее,редко,средний,гуманитарные,0,0,5,0
101,15,1.4,0.53,45,2,3,23,низкое,иногда,стартовый,физика,0,1,4,0
102,15,1.7,0.21,75,2,8,49,высокое,иногда,продвинутый,гуманитарные,0,1,3,0
103,15,1.4,0.37,64,2,5,41,среднее,иногда,стартовый,физика,1,1,2,0
104,17,2.5,0.78,68,0,6,63,высокое,иногда,продвинутый,математика,0,0,0,1
105,15,2.9,0.37,91,1,7,57,среднее,часто,средний,гуманитарные,0,1,0,1
106,14,1.7,0.94,100,2,3,45,низкое,иногда,стартовый,гуманитарные,0,0,3,1
107,13,0.7,0.73,73,1,3,33,низкое,иногда,стартовый,гуманитарные,0,1,3,0
108,13,2.8,0.8,85,2,5,34,высокое,иногда,средний,информатика,1,1,4,1
109,14,3.2,0.58,94,1,5,39,среднее,часто,стартовый,математика,0,1,2,1
110,15,1.2,0.59,72,0,1,13,высокое,редко,средний,математика,0,0,3,0
111,15,1.2,0.72,89,1,3,24,высокое,иногда,стартовый,информатика,1,1,1,1
112,14,8.0,0.74,100,4,8,26,высокое,иногда,стартовый,гуманитарные,0,1,2,1
113,15,0.7,0.72,81,1,2,31,среднее,часто,средний,математика,0,1,3,1
114,17,4.4,0.66,91,2,5,20,высокое,иногда,стартовый,информатика,1,0,1,1
115,16,4.0,0.89,88,1,6,14,низкое,часто,продвинутый,информатика,1,0,3,0
116,16,4.6,0.62,100,7,15,3,высокое,иногда,средний,математика,1,1,5,1
117,15,0.2,0.7,61,2,2,27,высокое,иногда,средний,математика,1,0,2,1
118,13,4.7,0.39,91,0,9,35,среднее,иногда,средний,гуманитарные,0,1,2,1
119,15,2.8,0.68,100,1,2,39,среднее,часто,продвинутый,математика,1,1,5,1
120,13,3.1,0.42,75,3,7,37,среднее,часто,средний,гуманитарные,1,0,0,1
121,15,2.3,0.4,64,4,8,40,среднее,иногда,стартовый,физика,0,0,2,1
122,17,8.4,0.45,100,2,5,13,низкое,часто,стартовый,математика,0,1,2,1
123,16,4.4,0.46,86,1,9,42,высокое,часто,средний,гуманитарные,0,1,2,1
124,13,4.6,0.42,78,1,8,20,высокое,редко,стартовый,информатика,0,0,1,0
125,15,2.0,0.41,87,2,3,47,низкое,редко,средний,гуманитарные,0,0,2,1
126,16,7.8,0.63,100,2,6,27,высокое,иногда,стартовый,гуманитарные,0,0,3,1
127,15,3.6,0.75,97,0,0,3,среднее,часто,средний,информатика,0,1,5,1
128,16,4.7,0.88,88,1,6,35,среднее,редко,стартовый,математика,1,0,2,1
129,16,2.4,0.46,48,5,4,31,среднее,иногда,стартовый,гуманитарные,1,0,2,0
130,16,1.4,0.5,69,0,5,44,среднее,редко,средний,математика,0,0,2,0
131,15,2.5,0.94,57,1,6,47,среднее,часто,стартовый,гуманитарные,1,1,4,0
132,15,1.8,0.83,93,1,3,43,высокое,иногда,средний,информатика,0,1,6,0
133,16,0.5,0.85,69,1,4,39,среднее,часто,средний,информатика,0,1,3,0
134,13,4.6,0.39,79,0,6,21,среднее,иногда,стартовый,математика,0,0,1,0
135,14,1.1,0.72,71,4,3,30,среднее,иногда,стартовый,информатика,0,1,1,0
136,16,5.9,0.84,100,3,9,23,среднее,часто,средний,физика,0,1,4,1
137,14,3.6,0.57,92,0,4,3,среднее,иногда,средний,физика,0,0,5,1
138,17,6.1,0.58,100,5,6,39,среднее,иногда,стартовый,информатика,0,0,3,1
139,15,3.0,0.7,100,1,6,69,высокое,иногда,стартовый,информатика,1,0,6,1
140,15,2.5,0.87,78,3,5,22,среднее,часто,средний,информатика,0,0,3,0
141,13,3.4,0.85,81,3,5,15,среднее,часто,средний,физика,0,0,5,0
142,16,1.1,0.91,87,1,3,41,высокое,редко,средний,физика,0,1,2,0
143,13,2.6,0.68,92,3,2,21,низкое,редко,стартовый,математика,0,0,2,1
144,15,3.9,0.63,84,2,5,10,высокое,иногда,средний,математика,1,1,3,1
145,16,6.1,0.44,98,3,8,33,среднее,иногда,средний,информатика,0,1,2,1
146,15,9.4,0.4,100,2,11,3,высокое,часто,средний,физика,1,1,2,1
147,13,1.2,0.55,55,1,4,41,среднее,редко,продвинутый,гуманитарные,0,1,1,0
148,13,2.4,0.85,77,2,4,15,среднее,редко,средний,информатика,0,0,3,0
149,15,2.6,0.56,79,2,3,49,низкое,редко,средний,информатика,0,0,3,0
150,14,2.4,0.54,79,3,10,59,высокое,иногда,стартовый,математика,1,0,2,1
151,15,1.9,0.56,78,1,5,24,низкое,редко,продвинутый,математика,1,1,1,0
152,13,4.6,0.23,100,3,4,42,среднее,иногда,средний,математика,1,1,1,0
153,15,5.9,0.61,100,0,8,3,среднее,часто,средний,математика,0,1,10,1
154,16,3.3,0.87,77,1,4,22,среднее,иногда,стартовый,гуманитарные,1,1,5,1
155,14,4.6,0.87,93,1,7,30,среднее,редко,стартовый,физика,0,0,3,1
156,17,3.4,0.83,98,3,2,40,среднее,иногда,средний,физика,1,0,1,1
157,15,2.4,0.56,74,2,6,45,низкое,иногда,стартовый,информатика,0,0,3,0
158,16,1.3,0.49,68,1,3,3,среднее,часто,продвинутый,математика,0,0,3,1
159,17,2.1,0.51,100,1,5,19,среднее,иногда,стартовый,гуманитарные,0,1,4,0
160,17,1.5,0.33,71,2,4,51,высокое,редко,продвинутый,информатика,1,1,1,1
161,15,3.1,0.81,91,4,5,48,высокое,редко,стартовый,информатика,0,1,0,1
162,14,10.7,0.47,100,2,7,18,среднее,редко,продвинутый,информатика,1,1,5,1
163,15,1.7,0.84,67,2,1,27,высокое,часто,средний,информатика,0,1,3,1
164,13,2.5,0.58,85,2,6,24,среднее,редко,продвинутый,математика,0,0,4,1
165,14,5.3,0.61,92,4,5,47,низкое,редко,средний,гуманитарные,0,1,4,1
166,14,1.1,0.57,56,0,2,12,среднее,часто,продвинутый,математика,1,0,2,0
167,14,3.8,0.28,77,2,4,61,высокое,часто,продвинутый,информатика,1,0,0,1
168,15,0.8,0.6,44,0,3,15,среднее,редко,стартовый,математика,0,1,2,0
169,16,1.4,0.96,77,1,1,43,высокое,редко,средний,физика,0,0,6,0
170,17,0.6,0.22,45,2,4,34,высокое,иногда,средний,математика,1,0,2,0
171,14,3.6,0.79,87,2,9,32,низкое,иногда,стартовый,физика,0,1,2,0
172,17,2.2,0.44,63,3,1,12,среднее,редко,средний,гуманитарные,0,1,4,1
173,15,5.5,0.6,70,3,5,3,высокое,редко,стартовый,математика,1,0,2,1
174,14,2.7,0.52,96,1,7,22,высокое,часто,стартовый,физика,0,1,0,1
175,13,2.2,0.91,93,2,4,27,среднее,редко,средний,физика,0,1,4,0
176,16,2.9,0.48,71,3,4,30,среднее,иногда,средний,математика,0,0,1,0
177,17,4.8,0.62,87,2,10,49,высокое,редко,стартовый,гуманитарные,0,0,3,1
178,17,3.0,0.52,75,2,6,24,среднее,редко,стартовый,информатика,0,1,3,0
179,17,1.0,0.58,65,2,3,30,высокое,иногда,стартовый,информатика,0,0,3,1
180,14,3.0,0.4,78,2,6,27,высокое,иногда,стартовый,физика,0,0,4,0
181,15,7.6,0.67,100,0,8,12,высокое,иногда,средний,гуманитарные,0,1,1,1
182,16,1.7,0.7,82,0,6,31,низкое,иногда,стартовый,математика,0,1,1,0
183,16,4.6,0.71,100,3,4,34,среднее,иногда,стартовый,математика,0,1,6,1
184,15,7.1,0.56,100,2,4,3,среднее,редко,средний,математика,0,0,5,1
185,14,1.4,0.49,61,3,5,25,среднее,иногда,стартовый,математика,1,1,3,0
186,15,2.7,0.55,70,1,7,43,высокое,часто,стартовый,информатика,0,1,4,1
187,13,5.2,0.82,88,1,8,30,высокое,иногда,средний,информатика,0,1,7,1
188,14,2.2,0.81,68,2,3,24,среднее,часто,средний,информатика,1,1,4,0
189,15,1.8,0.81,73,4,6,37,среднее,часто,средний,математика,1,1,3,1
190,15,2.7,0.92,100,0,2,3,среднее,редко,средний,математика,0,1,2,1
191,13,2.7,0.76,88,0,7,9,среднее,редко,стартовый,физика,0,1,0,1
192,16,1.9,0.91,55,0,6,49,низкое,часто,продвинутый,физика,1,0,4,0
193,14,0.5,0.97,57,1,2,26,высокое,редко,стартовый,информатика,0,1,4,0
194,14,4.9,0.37,97,2,2,22,среднее,редко,продвинутый,математика,1,0,1,1
195,16,5.1,0.66,75,2,6,59,низкое,иногда,средний,физика,1,0,6,1
196,17,3.3,0.91,93,2,4,50,низкое,редко,продвинутый,гуманитарные,0,1,4,0
197,17,1.6,0.63,63,3,6,8,низкое,часто,средний,информатика,0,1,1,0
198,14,1.7,0.6,73,5,2,34,низкое,редко,средний,информатика,0,1,2,0
199,15,1.4,0.66,79,2,6,51,среднее,иногда,средний,математика,0,0,0,0
200,16,4.3,0.4,69,2,5,28,высокое,часто,стартовый,математика,1,1,3,0
201,15,3.1,0.76,89,4,6,50,низкое,иногда,средний,информатика,0,1,3,0
202,16,1.1,0.78,62,3,8,48,низкое,иногда,средний,гуманитарные,1,0,4,0
203,16,0.8,0.91,78,2,4,24,высокое,редко,средний,физика,1,1,2,1
204,14,3.2,0.54,82,0,4,16,среднее,редко,стартовый,математика,0,0,1,1
205,15,1.6,0.9,74,3,3,13,низкое,редко,средний,математика,0,1,4,1
206,16,1.0,0.67,85,1,4,33,низкое,редко,средний,физика,0,1,1,0
207,14,1.3,0.74,87,2,3,5,среднее,часто,продвинутый,информатика,0,1,1,0
208,14,0.8,0.92,73,5,1,23,высокое,редко,стартовый,математика,1,1,2,0
209,15,4.5,0.32,93,1,4,22,среднее,часто,средний,информатика,0,0,3,0
210,14,1.7,0.54,67,2,5,16,среднее,часто,средний,физика,0,1,2,1
211,14,3.8,0.29,97,2,9,38,среднее,иногда,продвинутый,физика,1,0,2,1
212,17,0.3,0.77,65,1,5,37,высокое,редко,стартовый,информатика,1,1,2,0
213,15,4.6,0.86,96,1,2,3,среднее,иногда,средний,математика,1,1,1,1
214,15,1.3,0.77,59,6,6,59,среднее,редко,продвинутый,математика,0,1,3,0
215,14,4.1,0.52,96,2,6,30,среднее,часто,стартовый,информатика,0,1,2,0
216,16,3.1,0.23,100,2,3,3,высокое,иногда,продвинутый,информатика,1,0,4,0
217,14,0.4,0.64,50,0,1,31,высокое,иногда,продвинутый,гуманитарные,1,1,9,1
218,17,6.1,0.32,100,2,9,19,среднее,редко,стартовый,гуманитарные,1,1,1,1
219,15,4.4,0.35,98,3,6,8,высокое,редко,продвинутый,информатика,0,1,3,1
220,14,2.5,0.69,82,2,1,30,среднее,иногда,средний,математика,0,0,4,1
221,15,4.4,0.78,96,1,8,21,низкое,редко,средний,математика,1,0,2,0
222,15,2.8,0.83,100,1,6,39,среднее,иногда,стартовый,математика,0,1,1,1
223,14,0.3,0.42,69,0,2,3,низкое,часто,продвинутый,гуманитарные,0,1,0,0
224,13,1.0,0.58,51,2,5,26,высокое,иногда,средний,физика,1,1,2,0
225,13,0.8,0.74,64,2,4,19,низкое,часто,средний,математика,1,0,8,0
226,16,3.6,0.72,81,0,2,29,среднее,часто,продвинутый,физика,0,1,2,0
227,16,4.5,0.71,95,2,5,36,низкое,иногда,средний,физика,0,0,2,0
228,17,0.6,0.73,88,6,2,23,низкое,часто,средний,информатика,0,1,1,0
229,17,4.6,0.44,75,0,3,35,среднее,иногда,средний,физика,1,1,2,0
230,17,2.5,0.88,66,1,0,10,среднее,часто,стартовый,математика,0,1,5,1
231,17,1.5,0.74,49,3,5,27,среднее,редко,стартовый,математика,1,1,0,0
232,14,4.3,0.38,80,1,9,23,среднее,редко,средний,информатика,1,1,4,1
233,15,6.3,0.94,100,5,5,35,среднее,иногда,стартовый,информатика,0,1,4,0
234,17,1.8,0.62,73,0,4,17,высокое,редко,средний,гуманитарные,1,0,1,1
235,15,3.0,0.62,83,2,3,30,среднее,иногда,средний,информатика,1,0,1,1
236,17,1.5,0.96,69,1,3,30,высокое,часто,продвинутый,информатика,1,0,5,0
237,16,2.2,0.52,67,1,5,32,среднее,иногда,средний,физика,1,0,6,0
238,13,2.0,0.57,75,3,2,26,среднее,часто,средний,информатика,0,1,0,0
239,16,0.8,0.43,61,2,6,49,высокое,часто,средний,математика,0,1,0,0
240,17,4.5,0.9,65,5,6,43,среднее,редко,стартовый,гуманитарные,1,1,2,0
241,15,4.0,0.42,73,3,8,22,высокое,иногда,стартовый,математика,1,0,3,1
242,15,1.0,0.4,52,1,3,55,низкое,иногда,средний,математика,0,1,3,0
243,13,1.3,0.35,46,2,2,10,среднее,редко,продвинутый,математика,1,0,2,0
244,14,10.5,0.23,100,3,9,21,среднее,редко,стартовый,гуманитарные,0,1,0,1
245,13,5.9,0.95,100,2,5,40,среднее,редко,средний,информатика,1,0,4,1
246,17,0.9,0.84,68,2,2,9,высокое,иногда,средний,информатика,1,0,5,1
247,17,2.4,0.41,100,0,8,32,среднее,редко,средний,гуманитарные,0,0,2,0
248,16,1.0,0.73,67,1,4,36,среднее,часто,средний,математика,0,0,3,0
249,15,5.8,0.46,98,5,6,27,низкое,иногда,средний,информатика,1,1,6,1
250,17,1.2,0.54,74,2,3,38,среднее,иногда,стартовый,математика,0,1,1,1
251,17,5.5,0.96,100,2,3,16,высокое,редко,стартовый,математика,1,0,8,1
252,13,2.3,0.71,76,2,3,45,среднее,иногда,продвинутый,математика,0,1,4,0
253,14,3.0,0.83,70,1,3,7,высокое,редко,стартовый,гуманитарные,0,1,6,1
254,13,5.6,0.98,93,2,12,40,низкое,редко,средний,информатика,1,0,8,1
255,14,3.8,0.94,100,4,6,9,среднее,редко,стартовый,информатика,1,1,5,1
256,14,1.4,0.94,70,1,5,50,среднее,иногда,средний,физика,0,0,1,0
257,17,4.2,0.64,84,3,4,3,высокое,редко,средний,физика,0,0,0,0
258,17,1.5,0.9,73,3,3,18,высокое,часто,средний,информатика,0,1,3,0
259,16,2.9,0.52,73,2,3,40,высокое,иногда,средний,информатика,0,1,1,1
260,15,3.7,0.6,91,1,5,19,среднее,редко,стартовый,информатика,0,0,1,1
261,13,3.9,0.37,97,4,6,36,высокое,часто,стартовый,математика,1,0,1,1
262,15,1.5,0.51,89,2,5,34,среднее,часто,стартовый,гуманитарные,0,1,2,1
263,16,1.9,0.84,64,3,2,13,высокое,часто,средний,математика,0,1,3,0
264,15,2.0,0.83,91,3,4,17,высокое,редко,стартовый,информатика,0,0,3,1
265,16,6.7,0.51,86,3,5,34,среднее,часто,стартовый,гуманитарные,1,0,6,1
266,17,1.4,0.78,100,2,3,68,высокое,редко,стартовый,информатика,0,1,2,0
267,15,3.4,0.44,72,1,2,28,среднее,редко,средний,математика,0,0,3,1
268,14,0.7,0.48,68,4,7,37,высокое,иногда,стартовый,информатика,1,1,1,1
269,16,6.7,0.35,72,2,6,35,низкое,редко,средний,математика,1,0,4,1
270,14,4.4,0.56,100,0,12,51,высокое,иногда,продвинутый,математика,0,1,3,1
271,13,3.3,0.64,96,3,3,19,среднее,иногда,средний,физика,1,1,3,1
272,15,5.7,0.68,100,1,9,31,среднее,иногда,стартовый,математика,0,0,4,1
273,14,1.9,0.5,76,1,1,19,высокое,иногда,продвинутый,гуманитарные,0,1,3,0
274,15,2.9,0.62,63,1,1,21,высокое,часто,стартовый,информатика,0,0,0,1
275,14,4.1,0.94,72,3,5,15,среднее,иногда,средний,информатика,0,1,4,1
276,15,4.6,0.7,84,3,5,40,среднее,редко,стартовый,информатика,0,0,2,0
277,16,1.0,0.32,42,1,7,18,высокое,часто,стартовый,гуманитарные,1,0,1,0
278,15,2.9,0.49,73,3,4,37,низкое,иногда,средний,физика,0,1,1,0
279,13,1.3,0.87,69,4,3,39,среднее,часто,стартовый,информатика,1,1,2,1
280,15,6.5,0.47,100,1,6,39,среднее,иногда,продвинутый,математика,0,1,1,1
281,17,2.1,0.24,74,6,6,44,среднее,иногда,средний,информатика,0,0,1,1
282,13,2.9,0.82,95,3,2,9,среднее,часто,продвинутый,информатика,1,1,1,1
283,17,1.7,0.81,73,3,7,30,среднее,часто,стартовый,гуманитарные,0,0,2,1
284,14,2.4,0.6,70,0,5,20,среднее,иногда,стартовый,информатика,0,0,2,0
285,16,6.1,0.85,95,2,7,6,высокое,иногда,средний,физика,0,0,5,1
286,15,3.0,0.91,85,1,1,37,высокое,редко,средний,информатика,1,1,2,1
287,17,4.2,0.58,62,3,5,53,среднее,редко,средний,математика,1,1,4,1
288,16,2.2,0.91,65,2,1,15,низкое,иногда,средний,физика,1,1,4,1
289,17,1.8,0.66,96,1,4,3,среднее,редко,продвинутый,гуманитарные,0,0,3,1
290,15,3.4,0.57,93,4,1,21,низкое,редко,средний,информатика,1,0,4,1
291,15,1.8,0.58,76,0,5,14,среднее,иногда,средний,информатика,0,1,2,1
292,14,2.2,0.49,87,1,3,19,высокое,иногда,стартовый,математика,1,0,6,1
293,17,1.7,0.62,61,0,3,10,высокое,редко,продвинутый,информатика,1,0,3,1
294,15,2.9,0.59,52,2,5,46,низкое,редко,стартовый,математика,0,0,1,1
295,16,1.8,0.7,95,1,3,3,высокое,редко,стартовый,гуманитарные,1,1,2,0
296,13,0.4,0.73,72,5,5,29,среднее,редко,средний,математика,1,0,3,0
297,15,3.4,0.54,96,1,3,17,среднее,иногда,стартовый,информатика,0,0,4,0
298,16,1.2,0.55,71,0,2,33,высокое,редко,стартовый,информатика,0,1,3,1
299,16,5.5,0.63,96,0,5,9,высокое,редко,стартовый,информатика,0,1,2,1
300,17,5.8,0.69,100,2,7,45,среднее,часто,стартовый,информатика,0,1,1,1
301,15,1.7,0.83,60,1,5,19,высокое,иногда,средний,математика,0,0,1,0
302,14,2.9,0.85,60,2,4,47,высокое,часто,стартовый,информатика,1,0,6,0
303,16,0.7,0.69,79,1,2,36,среднее,иногда,средний,физика,0,1,1,0
304,17,1.0,0.29,75,2,5,14,низкое,иногда,стартовый,физика,0,1,3,1
305,16,3.2,0.28,83,3,4,3,низкое,иногда,стартовый,информатика,1,0,0,0
306,15,6.3,0.59,94,2,12,18,среднее,редко,стартовый,математика,0,1,1,0
307,15,1.6,0.79,77,4,5,25,высокое,иногда,средний,математика,0,1,3,1
308,15,2.1,0.74,82,2,3,28,среднее,иногда,средний,информатика,1,1,2,0
309,15,6.6,0.36,96,2,8,45,низкое,редко,средний,математика,0,1,2,1
310,13,8.2,0.63,100,2,6,12,среднее,часто,продвинутый,гуманитарные,0,1,3,1
311,15,5.4,0.47,100,1,8,3,среднее,иногда,стартовый,гуманитарные,0,0,0,1
312,14,2.6,0.77,68,5,4,24,высокое,иногда,средний,математика,0,0,2,0
313,14,2.6,0.64,74,0,5,5,высокое,иногда,средний,физика,1,1,1,1
314,15,2.6,0.11,80,3,7,19,среднее,иногда,стартовый,физика,1,1,1,1
315,17,2.2,0.33,65,2,4,10,низкое,редко,стартовый,гуманитарные,0,0,1,0
316,14,0.4,0.56,56,3,2,28,высокое,иногда,средний,гуманитарные,0,1,1,0
317,16,2.3,0.52,100,4,3,29,среднее,редко,средний,математика,1,1,0,1
318,15,1.8,0.78,97,2,5,38,высокое,часто,стартовый,информатика,0,0,5,1
319,17,3.0,0.68,100,0,3,39,среднее,иногда,средний,математика,0,0,3,1
320,14,1.0,0.6,77,1,2,36,низкое,часто,средний,математика,1,1,5,0
321,15,3.5,0.37,72,0,9,24,среднее,иногда,средний,физика,0,1,4,0
322,15,3.1,0.8,89,0,7,48,среднее,иногда,стартовый,математика,0,0,5,1
323,17,5.4,0.36,100,3,3,44,высокое,иногда,средний,информатика,0,1,5,1
324,14,3.2,0.5,61,2,6,21,высокое,иногда,средний,гуманитарные,0,1,4,1
325,15,3.1,0.67,100,0,4,27,высокое,иногда,стартовый,математика,1,1,0,1
326,15,6.0,0.68,97,2,3,52,высокое,часто,стартовый,физика,1,1,2,1
327,14,2.1,0.75,83,2,9,41,среднее,редко,стартовый,информатика,0,1,5,0
328,17,5.0,0.37,89,5,7,23,низкое,часто,стартовый,информатика,1,1,1,1
329,13,3.5,0.6,95,2,4,22,среднее,часто,средний,математика,0,1,1,0
330,15,1.1,0.69,84,0,12,21,высокое,иногда,стартовый,физика,1,0,2,1
331,17,3.2,0.85,87,1,5,47,среднее,иногда,стартовый,информатика,0,0,8,1
332,15,9.0,0.5,100,0,4,40,низкое,иногда,средний,математика,1,0,1,1
333,15,2.0,0.83,75,4,4,49,среднее,часто,средний,гуманитарные,1,1,5,1
334,15,2.1,0.77,91,1,5,50,среднее,иногда,стартовый,физика,1,0,0,0
335,13,1.7,0.6,72,1,3,17,среднее,иногда,продвинутый,информатика,0,1,0,1
336,14,0.6,0.58,56,3,5,16,низкое,иногда,средний,математика,0,0,0,0
337,15,6.0,0.74,100,0,5,3,среднее,редко,средний,информатика,1,1,3,1
338,14,2.1,0.9,78,1,3,21,высокое,иногда,средний,физика,0,0,5,0
339,15,3.7,0.76,100,3,4,14,высокое,часто,продвинутый,математика,0,1,3,1
340,17,3.4,0.66,100,1,5,20,среднее,иногда,стартовый,гуманитарные,1,1,1,1
341,17,2.7,0.75,96,2,4,58,низкое,иногда,стартовый,информатика,0,0,3,0
342,16,2.2,0.48,67,1,4,55,высокое,редко,стартовый,гуманитарные,0,1,2,0
343,13,3.6,0.72,86,1,2,48,среднее,часто,продвинутый,математика,1,1,6,1
344,15,0.9,0.88,75,2,1,10,высокое,иногда,стартовый,физика,1,0,8,1
345,16,1.8,0.78,74,2,9,31,высокое,редко,стартовый,гуманитарные,0,0,4,1
346,13,2.9,0.54,81,4,4,26,высокое,иногда,продвинутый,информатика,0,0,0,0
347,14,5.2,0.31,87,2,9,41,высокое,часто,средний,информатика,1,0,1,1
348,17,2.2,0.4,83,1,7,15,высокое,иногда,стартовый,математика,1,0,0,1
349,17,3.6,0.69,81,2,4,4,среднее,иногда,средний,математика,0,1,3,1
350,16,1.3,0.53,77,3,1,27,среднее,редко,средний,физика,1,0,3,1
351,15,1.8,0.56,91,3,3,28,низкое,иногда,средний,информатика,1,1,3,0
352,15,4.8,0.47,90,0,11,23,низкое,иногда,стартовый,информатика,1,0,1,1
353,13,3.3,0.71,79,3,8,39,высокое,часто,стартовый,физика,0,0,1,1
354,15,4.2,0.64,78,5,10,30,среднее,редко,средний,математика,1,0,2,0
355,15,2.4,0.58,94,1,3,4,среднее,иногда,средний,информатика,0,1,3,0
356,16,5.4,0.7,100,1,5,3,высокое,иногда,продвинутый,информатика,1,1,1,1
357,13,0.7,0.65,55,0,3,48,среднее,иногда,стартовый,математика,1,1,1,1
358,15,3.0,0.55,100,0,7,35,среднее,редко,средний,математика,1,1,3,0
359,15,1.5,0.87,79,2,2,47,высокое,иногда,стартовый,математика,0,1,7,0
360,15,1.5,0.4,41,0,1,34,среднее,редко,стартовый,информатика,0,0,1,0
361,16,1.1,0.57,79,2,3,39,высокое,иногда,средний,математика,0,1,2,1
362,17,1.1,0.59,52,1,5,3,высокое,иногда,стартовый,математика,0,0,4,1
363,17,1.0,0.55,80,1,1,36,низкое,иногда,стартовый,информатика,1,0,4,1
364,15,3.1,0.27,77,1,9,50,среднее,редко,продвинутый,информатика,0,1,2,0
365,13,4.1,0.85,75,2,3,54,высокое,часто,стартовый,математика,1,1,8,1
366,13,1.0,0.47,60,0,3,30,высокое,иногда,средний,математика,0,1,5,1
367,15,0.9,0.43,54,2,3,19,среднее,часто,стартовый,математика,0,1,2,1
368,15,2.9,0.91,59,0,6,33,высокое,редко,средний,математика,1,1,0,1
369,16,4.1,0.47,91,3,7,32,среднее,часто,продвинутый,информатика,1,1,0,1
370,16,2.7,0.79,99,1,2,3,высокое,иногда,стартовый,информатика,1,0,3,1
371,15,4.5,0.35,100,4,6,51,низкое,иногда,средний,физика,0,1,4,1
372,14,1.9,0.44,78,1,6,56,высокое,иногда,средний,математика,1,1,3,1
373,14,3.1,0.92,85,3,1,9,среднее,иногда,средний,информатика,0,0,5,1
374,13,4.5,0.82,89,2,5,24,среднее,иногда,продвинутый,гуманитарные,1,0,1,1
375,15,5.1,0.61,92,2,6,34,среднее,часто,средний,информатика,1,1,1,1
376,17,1.3,0.73,95,2,4,39,среднее,иногда,стартовый,математика,1,0,2,1
377,15,3.5,0.47,77,6,7,35,среднее,иногда,средний,информатика,0,1,1,1
378,15,1.8,0.7,68,2,7,40,среднее,редко,средний,математика,0,1,3,0
379,16,2.4,0.77,84,3,1,49,среднее,иногда,стартовый,математика,1,0,1,1
380,16,3.9,0.44,72,3,4,13,высокое,редко,стартовый,гуманитарные,1,0,3,0
381,17,1.8,0.66,83,2,2,39,низкое,иногда,средний,физика,0,1,1,0
382,14,1.4,0.95,80,4,3,35,среднее,редко,средний,физика,0,1,2,1
383,17,5.2,0.9,100,4,4,3,среднее,часто,средний,гуманитарные,1,0,5,1
384,13,0.9,0.92,43,1,4,41,среднее,иногда,средний,информатика,0,1,9,1
385,14,4.0,0.64,89,1,9,62,высокое,иногда,стартовый,математика,0,0,5,0
386,13,7.2,0.41,95,0,12,44,высокое,иногда,стартовый,физика,1,0,3,1
387,13,9.7,0.67,100,2,11,26,высокое,редко,стартовый,математика,1,1,1,1
388,16,8.9,0.86,100,1,3,4,высокое,иногда,средний,физика,1,0,1,1
389,13,2.8,0.65,100,2,1,17,высокое,часто,продвинутый,информатика,1,0,8,1
390,14,3.7,0.73,85,2,4,17,высокое,часто,продвинутый,гуманитарные,1,1,5,0
391,16,1.6,0.71,66,0,2,11,среднее,иногда,стартовый,информатика,1,1,1,1
392,16,2.1,0.93,77,0,8,13,среднее,иногда,стартовый,информатика,0,1,7,0
393,14,1.4,0.72,84,4,1,28,высокое,редко,стартовый,физика,1,0,2,0
394,13,0.3,0.3,70,4,2,17,среднее,иногда,продвинутый,гуманитарные,0,1,1,0
395,14,6.9,0.77,99,4,6,26,среднее,часто,средний,информатика,0,1,3,1
396,14,1.2,0.67,86,1,4,62,среднее,иногда,средний,гуманитарные,0,0,0,1
397,14,3.7,0.76,79,0,8,19,среднее,часто,средний,информатика,1,1,3,1
398,15,4.1,0.89,81,1,10,18,среднее,иногда,стартовый,гуманитарные,1,0,5,0
399,16,1.6,0.69,58,5,8,24,среднее,редко,стартовый,гуманитарные,1,1,4,0
400,14,0.5,0.43,74,3,4,3,среднее,редко,стартовый,физика,1,1,3,0
401,15,1.8,0.51,71,2,7,27,низкое,иногда,продвинутый,математика,0,1,4,1
402,13,5.2,0.83,100,2,6,21,среднее,иногда,стартовый,физика,1,0,6,1
403,13,12.0,0.6,100,1,6,17,низкое,иногда,стартовый,математика,1,0,5,1
404,14,4.7,0.77,74,2,5,26,низкое,редко,стартовый,информатика,0,0,2,0
405,14,1.9,0.31,52,0,5,15,среднее,иногда,средний,информатика,0,1,3,0
406,16,0.9,0.47,94,1,1,27,среднее,редко,стартовый,информатика,0,0,5,0
407,16,0.7,0.61,91,2,0,34,низкое,часто,стартовый,гуманитарные,1,1,0,0
408,16,2.1,0.7,93,4,7,17,среднее,иногда,средний,информатика,1,0,3,0
409,16,2.0,0.8,66,2,5,29,среднее,иногда,стартовый,гуманитарные,0,1,3,1
410,17,4.8,0.4,94,3,5,41,низкое,иногда,продвинутый,гуманитарные,1,1,4,1
411,14,2.6,0.4,59,4,4,36,высокое,редко,средний,гуманитарные,1,0,3,0
412,17,2.2,0.59,70,3,6,45,высокое,иногда,средний,информатика,1,0,2,0
413,13,1.5,0.63,75,2,3,56,среднее,иногда,средний,информатика,0,1,2,0
414,17,0.8,0.82,66,3,1,11,низкое,часто,средний,гуманитарные,1,1,4,0
415,15,3.0,0.23,77,2,8,21,среднее,редко,стартовый,математика,0,1,1,0
416,14,0.3,0.88,100,2,1,11,среднее,редко,стартовый,математика,0,1,5,0
417,16,2.4,0.85,79,3,4,25,высокое,иногда,средний,информатика,0,1,5,1
418,15,1.2,0.19,74,3,4,30,высокое,иногда,средний,информатика,1,1,1,0
419,17,3.6,0.46,77,1,3,5,высокое,часто,стартовый,математика,1,0,0,0
420,16,5.2,0.67,86,4,9,35,высокое,часто,стартовый,математика,0,1,3,1
421,14,2.4,0.76,95,2,2,59,среднее,редко,стартовый,информатика,1,0,7,1
422,16,10.0,0.78,100,3,14,43,среднее,иногда,продвинутый,математика,0,1,4,1
423,13,2.0,0.36,82,4,1,16,среднее,редко,средний,математика,1,1,0,1
424,15,4.1,0.54,69,1,8,13,высокое,иногда,продвинутый,информатика,0,0,8,0
425,17,7.5,0.47,100,5,9,7,среднее,редко,стартовый,математика,0,1,2,0
426,16,1.4,0.48,99,1,1,50,низкое,редко,средний,информатика,1,0,3,0
427,14,2.5,0.93,72,3,4,33,высокое,иногда,продвинутый,физика,1,0,3,0
428,16,0.6,0.68,52,2,4,47,высокое,редко,стартовый,гуманитарные,0,0,3,0
429,15,1.2,0.67,81,0,4,49,среднее,иногда,средний,информатика,0,1,2,1
430,13,0.5,0.47,58,3,3,27,высокое,редко,стартовый,математика,1,1,2,1
431,16,0.5,0.59,54,0,4,18,низкое,редко,стартовый,математика,1,1,2,0
432,16,12.0,0.58,100,2,13,22,высокое,иногда,средний,физика,0,1,1,1
433,15,2.1,0.59,53,4,1,20,среднее,часто,стартовый,математика,1,0,2,0
434,17,4.0,0.25,91,0,10,9,низкое,часто,средний,математика,0,0,3,1
435,14,2.9,0.93,74,0,4,35,среднее,иногда,стартовый,гуманитарные,0,0,6,1
436,14,7.9,0.37,100,2,14,40,среднее,иногда,стартовый,физика,1,0,2,0
437,15,2.0,0.53,66,1,3,33,низкое,редко,стартовый,информатика,0,0,0,0
438,15,3.0,0.36,70,3,6,35,низкое,редко,средний,математика,1,0,5,0
439,15,1.2,0.69,78,1,2,55,среднее,часто,стартовый,математика,0,1,4,0
440,17,3.6,0.66,70,2,5,3,высокое,редко,средний,информатика,1,1,5,1
441,14,0.6,0.56,79,2,5,13,среднее,иногда,стартовый,информатика,0,1,3,0
442,16,2.8,0.66,100,1,3,33,низкое,иногда,стартовый,математика,0,1,4,1
443,13,1.0,0.42,67,3,3,3,высокое,иногда,средний,математика,0,0,4,0
444,15,0.6,0.44,57,1,3,31,среднее,редко,стартовый,информатика,0,1,1,0
445,16,2.9,0.87,84,0,8,30,среднее,часто,средний,математика,1,0,2,0
446,16,2.2,0.69,85,3,6,29,среднее,иногда,стартовый,математика,1,0,1,1
447,17,6.2,0.73,100,2,10,26,среднее,редко,стартовый,математика,0,1,2,1
448,17,1.4,0.48,60,2,3,44,высокое,иногда,средний,математика,1,0,1,0
449,16,5.6,0.56,92,1,7,46,среднее,иногда,стартовый,физика,0,1,2,0
450,14,4.7,0.58,88,1,9,24,низкое,редко,средний,информатика,0,0,5,0
451,16,0.7,0.38,72,0,2,35,высокое,иногда,средний,информатика,1,1,3,1
452,15,7.0,0.89,96,3,15,13,среднее,часто,средний,гуманитарные,1,1,2,1
453,15,8.6,0.76,100,1,12,7,высокое,иногда,продвинутый,гуманитарные,1,0,5,1
454,15,1.4,0.8,88,1,5,26,высокое,редко,стартовый,математика,0,0,3,0
455,15,1.0,0.62,74,3,2,50,высокое,иногда,стартовый,информатика,1,1,1,0
456,16,3.8,0.94,72,1,7,50,высокое,редко,стартовый,математика,0,1,2,1
457,14,1.3,0.36,58,3,5,27,высокое,часто,продвинутый,гуманитарные,0,0,3,0
458,17,3.1,0.15,86,1,7,48,среднее,иногда,стартовый,физика,1,0,1,0
459,17,1.3,0.42,77,0,2,44,среднее,часто,стартовый,информатика,1,0,1,1
460,15,3.7,0.59,91,0,4,48,низкое,иногда,стартовый,информатика,0,1,3,1
461,14,4.0,0.58,100,0,8,41,низкое,иногда,продвинутый,физика,1,1,0,1
462,16,1.5,0.68,56,3,2,38,среднее,иногда,средний,физика,0,0,2,0
463,14,1.9,0.95,81,2,2,11,среднее,часто,средний,математика,0,1,11,1
464,13,1.2,0.5,68,1,2,24,среднее,часто,средний,математика,0,0,5,1
465,16,3.3,0.64,75,2,0,7,низкое,иногда,стартовый,математика,0,0,2,1
466,15,2.8,0.68,69,3,3,18,среднее,редко,стартовый,математика,0,1,3,1
467,16,2.4,0.77,100,1,5,3,высокое,часто,стартовый,физика,0,1,1,1
468,15,4.5,0.64,84,2,7,20,среднее,часто,средний,информатика,1,1,1,1
469,13,3.3,0.78,81,2,6,3,высокое,иногда,стартовый,информатика,0,1,1,1
470,17,1.2,0.92,68,1,5,38,среднее,часто,средний,информатика,1,1,4,1
471,17,1.1,0.61,72,1,3,44,высокое,иногда,продвинутый,информатика,1,0,5,0
472,15,4.0,0.59,57,2,2,20,низкое,часто,средний,математика,1,0,3,0
473,14,4.2,0.46,84,6,8,52,низкое,редко,средний,математика,0,0,3,0
474,13,3.7,0.77,83,2,7,27,среднее,редко,стартовый,информатика,1,0,7,1
475,15,4.0,0.59,61,3,7,20,среднее,иногда,стартовый,физика,0,1,3,1
476,14,4.6,0.41,80,1,9,21,среднее,иногда,средний,информатика,1,1,2,0
477,16,5.7,0.48,96,0,4,3,среднее,редко,средний,информатика,0,1,2,0
478,15,6.7,0.67,98,2,5,15,среднее,часто,продвинутый,математика,0,0,3,1
479,17,10.7,0.48,100,3,7,6,среднее,редко,средний,математика,0,1,4,0
480,14,1.3,0.48,72,1,3,7,среднее,иногда,стартовый,гуманитарные,0,0,3,1
481,16,7.1,0.55,94,0,7,41,среднее,иногда,стартовый,математика,0,1,5,1
482,16,2.5,0.54,81,4,3,32,высокое,иногда,продвинутый,гуманитарные,1,1,2,0
483,15,2.6,0.86,76,3,6,23,среднее,часто,стартовый,математика,1,0,6,1
484,14,0.7,0.69,67,1,2,13,высокое,часто,стартовый,информатика,1,1,3,0
485,15,3.5,0.87,90,2,11,20,низкое,иногда,стартовый,математика,0,1,5,1
486,16,1.6,0.7,93,3,5,56,среднее,иногда,стартовый,гуманитарные,1,1,6,1
487,14,2.7,0.83,71,0,2,17,высокое,редко,стартовый,математика,0,0,4,1
488,13,5.0,0.91,95,3,4,33,среднее,редко,стартовый,математика,1,1,3,0
489,16,1.4,0.77,81,2,0,4,среднее,часто,стартовый,информатика,1,1,6,1
490,15,2.1,0.77,82,2,5,29,среднее,редко,средний,физика,1,1,3,1
491,15,1.8,0.73,84,2,6,9,среднее,часто,средний,физика,0,1,2,0
492,14,2.8,0.86,71,1,8,5,высокое,редко,продвинутый,математика,0,0,4,1
493,14,9.2,0.68,100,2,11,7,низкое,иногда,продвинутый,физика,1,1,6,1
494,14,0.8,0.59,63,1,1,39,среднее,иногда,средний,математика,1,0,3,0
495,15,3.8,0.13,82,3,7,35,высокое,иногда,средний,физика,0,1,3,0
496,15,1.7,0.74,100,2,5,25,среднее,часто,стартовый,информатика,0,0,3,1
497,14,0.4,0.92,65,1,2,38,низкое,редко,средний,математика,1,1,5,0
498,14,4.5,0.58,100,1,5,19,высокое,иногда,средний,гуманитарные,1,1,0,1
499,16,9.4,0.41,100,2,12,6,среднее,редко,продвинутый,математика,0,0,4,1
500,14,2.5,0.84,92,1,3,44,среднее,иногда,средний,математика,0,0,6,1
501,15,5.5,0.47,100,5,7,39,среднее,редко,стартовый,информатика,0,0,3,1
502,14,2.1,0.91,82,1,4,24,высокое,иногда,стартовый,математика,1,1,3,1
503,14,3.7,0.78,96,5,5,9,среднее,редко,стартовый,информатика,0,1,2,0
504,15,1.0,0.82,89,1,5,6,среднее,часто,средний,математика,0,1,5,1
505,16,1.6,0.71,81,2,6,16,низкое,редко,стартовый,гуманитарные,0,0,4,0
506,14,3.3,0.53,90,5,4,40,высокое,иногда,стартовый,гуманитарные,0,0,3,0
507,14,1.8,0.65,75,1,1,3,высокое,иногда,стартовый,математика,0,1,4,1
508,16,5.4,0.68,100,2,4,27,среднее,иногда,стартовый,информатика,0,0,7,1
509,16,5.6,0.36,93,2,6,14,низкое,редко,стартовый,информатика,1,0,0,1
510,15,5.8,0.62,86,2,4,3,среднее,часто,стартовый,информатика,1,1,3,1
511,15,2.3,0.43,70,0,3,50,высокое,иногда,средний,информатика,0,1,4,0
512,15,3.6,0.66,91,2,6,30,среднее,иногда,средний,физика,1,1,1,1
513,15,5.9,0.63,100,2,8,6,среднее,часто,стартовый,информатика,0,1,4,1
514,16,1.3,0.46,83,2,4,42,высокое,редко,стартовый,физика,0,0,0,0
515,13,2.6,0.73,95,2,2,32,среднее,иногда,средний,физика,0,1,1,1
516,13,7.9,0.59,90,1,3,40,низкое,иногда,средний,гуманитарные,0,0,3,0
517,16,9.2,0.87,100,2,11,48,низкое,иногда,стартовый,информатика,1,1,5,1
518,15,2.1,0.63,73,0,0,66,среднее,редко,средний,математика,0,1,2,1
519,16,2.8,0.64,77,1,4,38,среднее,иногда,продвинутый,математика,1,0,5,1
520,14,1.7,0.76,94,1,7,40,среднее,иногда,стартовый,физика,0,0,4,1
521,15,4.9,0.79,100,3,9,16,низкое,редко,средний,математика,0,1,5,1
522,16,3.6,0.77,84,1,7,15,среднее,редко,средний,математика,0,0,2,0
523,17,1.2,0.53,44,2,7,41,низкое,часто,средний,информатика,0,0,5,0
524,17,2.2,0.66,93,3,7,16,высокое,редко,стартовый,гуманитарные,1,0,3,1
525,15,6.5,0.86,94,2,8,26,высокое,редко,продвинутый,физика,0,1,4,0
526,16,1.4,0.72,64,1,5,21,среднее,иногда,средний,информатика,1,1,4,1
527,17,2.1,0.35,65,1,6,52,среднее,редко,стартовый,информатика,1,0,2,1
528,14,2.5,0.65,75,1,3,21,высокое,редко,средний,физика,0,1,3,0
529,13,0.9,0.64,57,3,0,34,среднее,иногда,средний,гуманитарные,1,0,4,1
530,15,3.8,0.38,100,2,3,29,среднее,часто,стартовый,информатика,1,1,6,1
531,14,3.1,0.42,100,2,7,19,среднее,редко,стартовый,математика,0,0,5,0
532,15,2.9,0.72,100,3,6,16,низкое,часто,стартовый,информатика,1,0,3,1
533,16,1.6,0.8,59,0,4,56,низкое,иногда,стартовый,информатика,0,0,3,0
534,15,1.7,0.48,65,1,2,13,среднее,часто,стартовый,гуманитарные,1,1,4,0
535,15,7.6,0.71,100,1,11,21,среднее,часто,средний,математика,0,1,4,1
536,17,2.0,0.84,94,4,3,58,высокое,часто,стартовый,информатика,0,1,5,0
537,15,4.6,0.6,77,0,5,3,среднее,редко,стартовый,физика,0,0,3,1
538,16,1.3,0.81,76,3,2,61,среднее,иногда,средний,физика,0,0,4,0
539,13,2.9,0.92,81,2,2,32,высокое,редко,продвинутый,информатика,0,1,4,1
540,16,4.1,0.86,95,3,3,36,низкое,редко,средний,информатика,1,0,4,0
541,15,3.2,0.91,88,1,3,31,среднее,редко,стартовый,математика,0,0,2,1
542,16,4.3,0.83,100,3,2,17,среднее,часто,стартовый,информатика,0,1,3,1
543,16,2.0,0.35,83,2,3,6,среднее,иногда,стартовый,математика,1,0,0,0
544,15,3.3,0.46,92,2,4,20,высокое,часто,средний,гуманитарные,0,0,2,0
545,14,2.5,0.75,84,1,6,30,среднее,иногда,средний,математика,0,1,2,1
546,14,2.3,0.45,82,2,3,16,высокое,иногда,стартовый,гуманитарные,0,1,0,0
547,14,1.2,0.83,72,1,3,47,среднее,часто,стартовый,математика,1,1,2,0
548,14,1.6,0.72,65,0,7,40,низкое,редко,продвинутый,информатика,1,1,6,1
549,14,5.1,0.64,74,2,7,31,среднее,иногда,средний,информатика,0,1,3,1
550,14,1.9,0.83,86,0,8,38,среднее,иногда,средний,физика,1,1,5,0
551,13,3.3,0.62,74,7,5,20,среднее,иногда,стартовый,математика,0,1,2,0
552,17,5.4,0.38,81,1,8,38,низкое,иногда,стартовый,физика,0,1,2,0
553,14,0.9,0.49,46,7,5,50,среднее,иногда,средний,физика,0,1,2,0
554,17,5.4,0.75,92,2,10,32,среднее,иногда,продвинутый,физика,1,0,6,1
555,17,0.1,0.52,74,1,5,19,среднее,редко,стартовый,физика,1,1,3,0
556,13,3.6,0.57,83,2,11,33,высокое,иногда,стартовый,математика,1,1,1,1
557,15,1.6,0.6,92,1,3,26,среднее,иногда,стартовый,математика,0,0,3,1
558,15,2.6,0.78,74,0,4,15,высокое,иногда,средний,гуманитарные,1,1,4,1
559,13,3.9,0.45,88,1,8,5,высокое,иногда,стартовый,математика,0,1,5,1
560,15,2.7,0.43,91,1,4,34,среднее,иногда,средний,информатика,1,1,3,0
561,13,7.1,0.51,100,2,6,37,высокое,иногда,средний,математика,1,1,1,1
562,16,3.7,0.78,82,0,6,15,среднее,часто,продвинутый,гуманитарные,1,0,3,1
563,16,7.1,0.49,100,3,7,35,среднее,иногда,стартовый,физика,0,0,2,1
564,16,5.5,0.63,100,4,6,41,среднее,иногда,продвинутый,математика,0,0,5,1
565,16,2.7,0.84,90,2,4,33,высокое,иногда,продвинутый,физика,1,0,2,1
566,14,1.3,0.26,40,2,2,50,высокое,часто,стартовый,математика,0,1,0,0
567,15,4.2,0.92,100,1,4,25,среднее,редко,стартовый,математика,1,1,2,1
568,17,2.4,0.81,73,3,6,31,среднее,часто,средний,информатика,1,1,5,1
569,15,12.0,0.37,100,1,10,11,низкое,часто,стартовый,физика,0,1,4,0
570,14,2.8,0.81,67,1,10,26,высокое,иногда,продвинутый,математика,1,1,4,1
571,15,7.1,0.7,100,2,4,33,высокое,редко,стартовый,информатика,0,1,2,1
572,14,2.0,0.82,89,4,4,20,высокое,часто,средний,физика,1,0,2,0
573,15,4.3,0.7,98,1,5,32,низкое,иногда,стартовый,математика,0,0,3,1
574,15,2.3,0.69,73,0,1,26,среднее,редко,стартовый,физика,0,1,2,0
575,16,4.2,0.8,64,0,7,11,низкое,часто,продвинутый,информатика,1,1,7,1
576,13,4.8,0.65,86,3,8,9,среднее,иногда,стартовый,гуманитарные,0,0,5,1
577,16,2.4,0.84,100,2,6,34,низкое,иногда,средний,гуманитарные,1,0,6,1
578,13,3.1,0.67,56,0,8,15,среднее,редко,продвинутый,математика,1,0,2,1
579,17,4.9,0.47,93,0,10,27,низкое,иногда,продвинутый,информатика,0,0,5,0
580,16,0.9,0.87,77,0,4,31,высокое,иногда,стартовый,гуманитарные,0,0,5,1
581,15,3.5,0.82,97,0,10,32,высокое,иногда,средний,информатика,1,0,1,1
582,15,11.0,0.58,99,4,8,38,среднее,иногда,продвинутый,математика,1,1,3,1
583,15,1.3,0.76,68,1,1,7,среднее,иногда,стартовый,математика,1,1,3,1
584,15,6.5,0.54,95,4,7,20,среднее,редко,стартовый,математика,0,0,4,1
585,15,2.2,0.16,61,0,3,21,среднее,редко,средний,информатика,0,0,2,0
586,15,4.1,0.74,100,0,3,23,среднее,иногда,средний,математика,1,1,2,1
587,13,6.6,0.75,100,0,10,44,высокое,часто,стартовый,информатика,0,1,3,0
588,15,0.6,0.74,77,1,1,55,высокое,часто,средний,математика,1,1,1,1
589,15,1.4,0.72,80,0,4,3,высокое,иногда,стартовый,математика,0,0,3,1
590,15,1.4,0.71,75,0,3,3,низкое,редко,продвинутый,физика,0,1,4,0
591,15,2.7,0.6,73,1,2,33,среднее,иногда,средний,физика,1,1,3,0
592,14,3.7,0.93,78,2,2,32,низкое,часто,средний,информатика,1,0,3,0
593,16,3.1,0.59,67,4,4,68,среднее,иногда,средний,математика,0,0,3,0
594,16,5.6,0.78,94,4,8,15,среднее,иногда,продвинутый,информатика,1,0,3,1
595,16,2.2,0.79,92,0,3,3,высокое,редко,средний,физика,0,0,1,0
596,13,0.8,0.48,75,1,4,27,среднее,иногда,стартовый,гуманитарные,0,1,4,0
597,17,1.7,0.9,49,2,3,50,среднее,редко,стартовый,математика,0,0,3,0
598,14,1.9,0.46,77,2,4,38,среднее,часто,продвинутый,информатика,0,0,2,0
599,15,5.0,0.59,100,3,4,27,среднее,редко,стартовый,математика,1,0,2,1
600,13,0.4,0.69,76,2,3,62,среднее,иногда,продвинутый,гуманитарные,0,1,2,0
601,17,4.2,0.36,100,1,3,11,среднее,редко,средний,математика,0,1,1,1
602,14,2.9,0.8,96,1,5,22,среднее,редко,средний,математика,1,1,2,1
603,16,1.5,0.88,58,1,1,54,среднее,редко,продвинутый,математика,1,1,0,0
604,16,9.0,0.44,90,2,10,29,низкое,часто,стартовый,информатика,1,1,0,1
605,16,1.5,0.43,93,1,4,34,среднее,иногда,средний,математика,1,0,2,1
606,15,3.0,0.7,84,2,4,16,высокое,иногда,продвинутый,математика,0,1,0,1
607,15,5.8,0.47,96,2,7,19,высокое,иногда,продвинутый,информатика,0,0,2,1
608,15,1.3,0.7,77,3,2,23,высокое,иногда,средний,математика,0,1,3,0
609,17,1.8,0.62,74,1,2,25,среднее,часто,стартовый,математика,0,0,4,1
610,16,3.2,0.84,100,4,6,13,высокое,иногда,продвинутый,информатика,1,1,4,1
611,16,1.3,0.81,83,2,2,37,среднее,редко,средний,математика,0,0,5,0
612,17,3.6,0.6,89,2,3,35,низкое,иногда,стартовый,гуманитарные,1,0,2,0
613,16,2.9,0.52,52,0,3,22,среднее,иногда,средний,информатика,0,1,2,0
614,15,4.9,0.76,100,2,4,34,среднее,часто,средний,информатика,1,0,2,1
615,14,4.8,0.69,100,2,10,19,среднее,редко,средний,информатика,1,0,2,1
616,16,3.2,0.88,83,3,6,3,среднее,редко,стартовый,математика,0,1,3,1
617,16,2.2,0.96,100,1,5,34,низкое,часто,продвинутый,физика,0,1,4,1
618,13,1.1,0.51,43,1,2,45,высокое,иногда,средний,гуманитарные,0,1,2,0
619,15,2.1,0.44,81,1,9,3,высокое,иногда,стартовый,математика,1,0,2,0
620,14,7.7,0.84,100,2,7,17,среднее,часто,средний,информатика,0,1,5,1
621,17,2.3,0.54,74,2,4,42,низкое,иногда,стартовый,физика,0,1,0,1
622,16,3.2,0.88,79,1,6,13,среднее,иногда,продвинутый,математика,0,1,3,1
623,16,6.0,0.72,100,2,4,27,среднее,редко,стартовый,информатика,1,0,3,1
624,17,3.5,0.86,86,2,2,30,высокое,иногда,стартовый,информатика,0,0,3,1
625,15,2.9,0.47,95,0,4,56,среднее,часто,стартовый,математика,1,0,3,0
626,15,4.7,0.18,94,1,5,8,низкое,редко,стартовый,математика,1,0,2,1
627,15,3.6,0.42,49,0,1,38,среднее,часто,средний,информатика,0,0,3,0
628,16,3.6,0.32,88,4,4,50,среднее,иногда,стартовый,математика,0,0,4,0
629,17,2.3,0.86,86,3,1,9,высокое,часто,стартовый,математика,0,0,1,1
630,14,8.1,0.56,100,3,11,9,высокое,редко,средний,физика,1,1,3,1
631,15,0.8,0.66,54,0,1,66,низкое,редко,стартовый,физика,1,1,3,0
632,15,2.5,0.42,88,1,3,35,высокое,иногда,средний,гуманитарные,1,0,3,1
633,14,3.6,0.48,94,1,4,6,высокое,часто,стартовый,информатика,0,1,4,1
634,16,4.2,0.55,90,1,6,18,среднее,иногда,стартовый,физика,1,1,2,0
635,15,1.5,0.84,65,1,3,14,высокое,иногда,стартовый,гуманитарные,1,0,1,1
636,16,8.3,0.75,100,3,7,26,низкое,иногда,средний,информатика,0,0,2,1
637,15,1.6,0.56,77,2,4,37,среднее,редко,стартовый,информатика,1,0,5,0
638,14,4.5,0.73,100,0,6,29,среднее,редко,продвинутый,информатика,0,1,6,0
639,14,8.3,0.8,100,2,8,16,среднее,редко,стартовый,математика,0,0,1,1
640,13,1.8,0.54,66,3,1,23,среднее,часто,стартовый,информатика,0,0,6,1
641,16,2.6,0.85,81,1,6,13,высокое,иногда,средний,математика,1,1,1,1
642,16,1.9,0.29,97,3,1,39,высокое,редко,продвинутый,информатика,1,0,0,0
643,15,3.4,0.83,66,2,5,3,высокое,иногда,продвинутый,математика,1,1,4,1
644,15,3.3,0.76,89,6,1,19,среднее,редко,стартовый,информатика,1,0,0,1
645,15,0.1,0.89,68,0,2,7,среднее,иногда,средний,математика,1,1,5,0
646,17,1.5,0.81,80,2,6,41,среднее,часто,продвинутый,математика,0,0,3,1
647,15,3.5,0.74,86,2,4,23,высокое,часто,средний,математика,1,0,0,1
648,13,2.5,0.81,80,0,5,13,среднее,редко,стартовый,математика,0,0,2,1
649,14,4.5,0.31,100,0,4,10,среднее,редко,стартовый,физика,0,1,0,0
650,15,3.5,0.85,80,4,3,35,среднее,часто,средний,математика,1,0,3,1
651,15,0.3,0.92,93,4,5,22,среднее,редко,стартовый,математика,1,1,2,0
652,15,7.7,0.48,100,1,8,3,высокое,иногда,средний,информатика,1,0,4,1
653,16,3.9,0.8,100,2,2,31,среднее,часто,продвинутый,математика,1,1,2,1
654,17,2.2,0.79,80,2,4,13,высокое,иногда,стартовый,физика,0,0,6,0
655,13,4.2,0.73,95,1,8,11,среднее,иногда,стартовый,математика,0,0,2,1
656,14,4.6,0.93,94,1,1,42,среднее,иногда,средний,информатика,1,1,3,1
657,16,6.4,0.82,100,2,2,23,среднее,иногда,средний,математика,1,0,1,1
658,15,0.8,0.51,69,5,0,32,высокое,иногда,средний,математика,1,1,3,1
659,17,2.6,0.78,76,3,8,65,среднее,иногда,стартовый,гуманитарные,0,1,5,0
660,16,3.6,0.87,70,1,2,15,высокое,иногда,средний,физика,0,0,3,1
661,16,1.0,0.91,86,3,4,43,среднее,иногда,стартовый,информатика,0,1,0,1
662,16,0.3,0.73,75,1,3,11,среднее,редко,средний,физика,0,0,2,0
663,14,5.7,0.67,100,5,10,54,среднее,редко,продвинутый,физика,1,0,1,1
664,15,4.2,0.73,100,0,8,37,среднее,иногда,средний,математика,0,0,6,1
665,16,1.1,0.63,70,4,8,7,высокое,иногда,стартовый,физика,0,1,4,0
666,16,0.6,0.28,70,0,2,38,среднее,редко,стартовый,физика,1,0,2,0
667,15,2.3,0.84,64,1,4,22,среднее,иногда,стартовый,физика,0,0,2,1
668,14,1.3,0.66,84,1,8,3,высокое,часто,средний,гуманитарные,1,1,4,1
669,15,3.4,0.54,71,3,3,12,низкое,редко,продвинутый,гуманитарные,0,1,2,0
670,15,2.8,0.51,46,1,13,49,низкое,часто,средний,гуманитарные,0,0,2,0
671,16,3.0,0.27,69,0,7,14,среднее,иногда,стартовый,гуманитарные,0,0,4,1
672,15,2.5,0.71,65,2,5,30,среднее,редко,стартовый,физика,1,1,1,1
673,15,1.2,0.48,64,4,3,22,низкое,иногда,средний,гуманитарные,0,1,2,0
674,15,3.1,0.93,100,2,7,8,среднее,часто,стартовый,гуманитарные,1,1,3,1
675,15,1.7,0.92,81,2,4,27,среднее,иногда,средний,математика,1,0,2,1
676,13,1.2,0.36,72,2,3,27,высокое,часто,средний,физика,1,0,1,1
677,15,6.4,0.43,88,3,5,28,среднее,редко,средний,математика,1,1,2,1
678,15,2.7,0.53,60,3,12,40,среднее,иногда,средний,информатика,1,0,0,0
679,14,3.2,0.74,81,0,5,4,высокое,иногда,средний,информатика,0,1,2,1
680,15,2.8,0.75,97,0,1,52,среднее,иногда,средний,физика,0,1,3,1
681,14,0.2,0.54,66,1,1,36,низкое,иногда,средний,математика,0,0,2,0
682,14,2.3,0.6,84,2,3,31,среднее,иногда,средний,математика,0,1,3,1
683,15,5.4,0.73,80,4,4,26,среднее,иногда,средний,математика,0,1,2,1
684,14,4.4,0.67,71,1,10,14,среднее,иногда,стартовый,информатика,1,0,0,1
685,14,3.9,0.7,79,2,2,41,высокое,иногда,стартовый,информатика,1,0,2,0
686,17,2.3,0.89,67,2,6,48,среднее,редко,продвинутый,физика,0,0,1,0
687,15,0.5,0.79,91,4,1,43,низкое,часто,стартовый,математика,1,0,0,0
688,17,1.4,0.82,69,0,4,31,среднее,иногда,стартовый,математика,0,1,3,1
689,15,0.5,0.28,46,3,3,12,среднее,часто,средний,информатика,0,0,2,0
690,14,3.5,0.61,87,6,2,7,среднее,часто,средний,гуманитарные,1,1,2,1
691,16,4.4,0.59,100,2,4,32,среднее,редко,стартовый,гуманитарные,0,1,1,1
692,14,3.8,0.6,88,3,8,19,среднее,редко,стартовый,физика,1,0,3,0
693,15,1.9,0.86,56,4,4,8,высокое,иногда,средний,гуманитарные,0,1,4,1
694,16,1.4,0.82,67,2,5,8,низкое,иногда,стартовый,математика,0,1,4,1
695,16,3.7,0.67,79,2,3,9,высокое,редко,средний,гуманитарные,0,1,3,1
696,14,4.7,0.73,86,3,11,5,среднее,иногда,продвинутый,информатика,0,0,0,1
697,17,3.7,0.63,100,7,2,18,среднее,иногда,средний,информатика,0,1,0,1
698,16,0.2,0.74,70,3,2,37,высокое,редко,продвинутый,информатика,0,1,2,1
699,16,2.3,0.75,78,4,6,41,среднее,редко,стартовый,математика,1,0,6,1
700,15,4.1,0.44,75,0,4,38,среднее,иногда,стартовый,гуманитарные,1,0,1,1
701,16,5.3,0.52,82,3,9,28,высокое,иногда,стартовый,информатика,1,1,2,1
702,14,2.1,0.45,80,2,1,24,низкое,иногда,стартовый,информатика,1,0,5,0
703,16,2.5,0.82,97,1,2,42,среднее,иногда,средний,математика,1,1,5,1
704,15,3.4,0.66,67,3,2,17,высокое,иногда,продвинутый,гуманитарные,1,0,2,1
705,17,4.2,0.82,76,1,7,16,среднее,иногда,средний,информатика,0,1,0,1
706,17,1.5,0.76,66,0,3,65,высокое,иногда,стартовый,информатика,0,1,1,1
707,15,0.7,0.83,77,7,3,36,высокое,редко,продвинутый,информатика,0,1,4,0
708,14,2.1,0.34,76,3,2,38,высокое,часто,стартовый,информатика,0,1,0,1
709,15,1.8,0.39,73,2,6,51,среднее,редко,стартовый,математика,1,1,2,0
710,13,4.1,0.95,100,2,5,44,низкое,иногда,продвинутый,математика,0,1,2,1
711,17,1.7,0.63,52,1,4,27,среднее,иногда,средний,информатика,0,1,4,0
712,14,3.6,0.57,74,1,6,50,высокое,редко,стартовый,информатика,1,1,2,1
713,17,3.7,0.34,100,3,3,54,низкое,часто,стартовый,гуманитарные,0,1,2,0
714,15,4.6,0.87,89,2,7,18,среднее,редко,стартовый,математика,1,1,2,1
715,16,0.4,0.58,65,2,0,74,низкое,иногда,стартовый,информатика,1,1,0,0
716,16,1.3,0.94,100,3,2,28,среднее,иногда,средний,физика,0,1,6,1
717,15,5.9,0.79,100,4,6,9,среднее,редко,средний,гуманитарные,1,1,6,1
718,15,0.8,0.91,85,0,2,12,среднее,иногда,продвинутый,математика,0,1,2,0
719,15,0.9,0.59,87,1,4,24,среднее,часто,стартовый,математика,1,0,4,1
720,15,2.9,0.75,100,2,9,68,среднее,часто,стартовый,математика,0,1,4,1
721,14,7.0,0.85,100,0,5,33,высокое,редко,средний,математика,1,0,2,1
722,14,0.3,0.39,78,3,6,36,низкое,часто,продвинутый,информатика,0,0,2,0
723,17,1.7,0.6,51,0,4,6,высокое,редко,средний,математика,0,1,3,0
724,15,3.3,0.44,91,1,3,36,низкое,редко,стартовый,гуманитарные,0,1,3,1
725,13,1.7,0.71,87,0,5,43,высокое,иногда,средний,математика,0,1,4,1
726,16,2.4,0.53,94,1,7,23,среднее,иногда,стартовый,информатика,1,0,3,1
727,15,3.3,0.66,96,2,9,52,среднее,иногда,продвинутый,гуманитарные,0,1,4,1
728,15,6.3,0.67,100,1,8,61,среднее,иногда,средний,информатика,0,0,4,0
729,17,1.2,0.43,76,5,4,32,высокое,иногда,средний,физика,0,1,5,1
730,16,6.7,0.52,94,1,9,30,среднее,редко,средний,информатика,0,1,2,1
731,16,2.5,0.2,88,0,6,27,среднее,иногда,средний,гуманитарные,0,0,4,1
732,16,3.1,0.76,87,3,4,26,высокое,редко,стартовый,математика,0,1,2,1
733,17,5.0,0.62,93,3,6,31,среднее,редко,средний,физика,0,0,1,1
734,16,0.6,0.62,61,3,4,40,среднее,часто,стартовый,математика,1,0,0,0
735,16,1.1,0.29,54,4,7,18,среднее,иногда,продвинутый,информатика,0,1,2,0
736,17,2.6,0.54,49,2,4,37,низкое,часто,средний,математика,0,0,6,0
737,17,3.0,0.6,100,0,6,29,среднее,иногда,средний,математика,1,1,1,1
738,15,5.5,0.65,91,2,9,36,среднее,часто,средний,физика,1,1,4,1
739,16,0.7,0.82,68,5,3,48,среднее,редко,средний,информатика,0,1,4,0
740,14,6.4,0.58,100,2,11,3,высокое,иногда,средний,информатика,0,1,2,1
741,15,3.0,0.6,96,1,7,24,высокое,часто,стартовый,физика,0,0,2,0
742,17,2.7,0.44,100,2,8,36,среднее,иногда,продвинутый,математика,0,0,2,0
743,14,2.4,0.87,46,2,3,44,среднее,иногда,продвинутый,математика,1,1,6,1
744,13,1.6,0.6,65,1,4,10,среднее,иногда,продвинутый,гуманитарные,0,1,1,1
745,15,2.4,0.68,83,2,5,20,высокое,иногда,стартовый,гуманитарные,0,1,1,1
746,16,3.5,0.22,82,1,3,15,среднее,иногда,средний,физика,1,1,0,1
747,17,4.7,0.54,66,2,5,18,среднее,иногда,стартовый,математика,0,0,4,1
748,13,2.5,0.7,88,1,4,52,низкое,редко,стартовый,физика,1,0,5,1
749,16,1.6,0.75,54,1,4,24,среднее,иногда,средний,физика,0,1,2,0
750,14,2.0,0.69,57,1,3,7,высокое,иногда,средний,математика,1,1,5,1
751,16,0.6,0.58,67,0,2,43,высокое,иногда,средний,математика,1,1,2,1
752,16,4.0,0.67,82,2,6,41,среднее,иногда,средний,математика,1,0,5,0
753,14,1.9,0.19,77,2,4,34,высокое,редко,средний,математика,0,1,1,0
754,14,2.4,0.35,87,2,4,20,низкое,иногда,средний,информатика,0,1,1,0
755,17,2.8,0.65,62,3,4,27,высокое,часто,стартовый,информатика,0,1,4,1
756,14,1.5,0.38,65,2,3,32,среднее,иногда,средний,математика,1,1,0,0
757,15,2.1,0.95,82,3,4,53,среднее,редко,стартовый,гуманитарные,1,1,5,1
758,15,1.8,0.71,82,3,6,17,высокое,часто,стартовый,информатика,0,0,5,0
759,17,2.0,0.81,83,2,6,8,высокое,иногда,средний,гуманитарные,0,0,3,1
760,16,3.9,0.54,76,1,4,30,высокое,иногда,средний,информатика,0,0,3,1
761,15,1.6,0.61,63,0,2,57,низкое,редко,стартовый,информатика,1,1,1,1
762,14,4.1,0.71,100,1,2,16,низкое,часто,средний,информатика,0,1,2,0
763,15,4.1,0.33,72,2,6,26,низкое,часто,продвинутый,физика,0,1,2,1
764,17,1.9,0.41,76,4,2,64,среднее,иногда,средний,математика,1,0,4,0
765,15,0.7,0.54,65,1,4,55,среднее,иногда,средний,информатика,1,0,0,0
766,14,2.3,0.76,71,2,5,65,среднее,иногда,средний,математика,1,1,5,0
767,15,2.1,0.81,80,3,6,44,низкое,часто,средний,математика,1,0,5,0
768,14,4.5,0.95,97,2,4,29,высокое,редко,средний,гуманитарные,0,1,0,1
769,15,3.7,0.64,79,3,3,35,среднее,редко,стартовый,информатика,1,0,0,1
770,14,4.2,0.34,71,1,4,23,среднее,иногда,продвинутый,информатика,1,0,2,0
771,14,0.4,0.66,74,5,3,30,среднее,редко,средний,гуманитарные,0,0,5,1
772,15,3.5,0.86,100,3,3,50,среднее,редко,стартовый,математика,1,0,4,1
773,17,1.9,0.81,80,2,3,3,высокое,часто,стартовый,математика,0,1,2,1
774,15,4.1,0.54,76,2,7,3,среднее,редко,продвинутый,информатика,1,0,5,1
775,16,0.3,0.62,80,4,5,22,среднее,иногда,стартовый,математика,0,1,2,1
776,16,1.3,0.48,58,1,5,31,высокое,часто,продвинутый,математика,1,0,3,1
777,13,3.2,0.62,84,0,6,24,высокое,редко,стартовый,информатика,0,0,4,1
778,16,3.1,0.39,100,2,2,3,среднее,часто,стартовый,информатика,1,0,2,1
779,15,2.3,0.34,92,3,3,35,среднее,иногда,стартовый,математика,0,1,2,1
780,15,3.4,0.72,80,2,8,35,среднее,часто,средний,математика,0,1,6,1
781,13,1.1,0.52,53,2,7,17,высокое,иногда,средний,физика,1,0,2,0
782,16,0.9,0.79,79,2,4,10,высокое,редко,стартовый,гуманитарные,0,1,4,1
783,16,3.7,0.81,100,3,4,35,среднее,часто,продвинутый,физика,0,1,0,0
784,17,3.4,0.71,98,3,10,23,высокое,иногда,средний,физика,0,1,3,1
785,17,3.7,0.6,100,0,4,14,среднее,редко,стартовый,математика,0,0,1,0
786,14,1.8,0.41,68,3,2,51,низкое,редко,средний,информатика,1,1,0,0
787,16,2.4,0.55,84,1,5,11,среднее,иногда,продвинутый,математика,0,1,2,1
788,13,2.7,0.75,76,0,6,36,среднее,иногда,средний,информатика,0,1,2,1
789,14,1.0,0.48,73,1,5,25,среднее,иногда,стартовый,гуманитарные,1,0,4,0
790,17,3.1,0.69,85,3,5,39,низкое,часто,средний,математика,1,0,1,1
791,16,2.6,0.64,81,2,4,14,среднее,часто,стартовый,математика,0,0,3,1
792,15,1.3,0.95,78,2,3,19,среднее,редко,стартовый,физика,0,1,3,0
793,16,4.2,0.71,69,1,7,25,среднее,часто,продвинутый,информатика,1,0,1,1
794,13,3.1,0.9,68,3,2,14,высокое,редко,средний,физика,0,0,5,1
795,15,2.8,0.56,89,1,5,27,низкое,иногда,средний,физика,0,0,3,0
796,13,0.9,0.32,85,4,3,33,низкое,редко,продвинутый,информатика,0,1,1,0
797,14,1.4,0.68,86,3,5,28,высокое,иногда,продвинутый,математика,1,1,1,1
798,16,2.0,0.75,72,4,2,37,среднее,часто,стартовый,гуманитарные,0,1,3,0
799,16,2.9,0.74,69,1,4,3,низкое,часто,средний,информатика,1,0,2,1
800,15,1.9,0.89,84,1,2,25,низкое,редко,стартовый,информатика,0,1,2,1
